timestamp,type,raw_line
2026-05-28T16:00:33,RAW,========== CURRENT SUMMARY ==========
2026-05-28T16:00:33,RAW,WiFi Status   : Connected
2026-05-28T16:00:33,RAW,ESP32 IP      : 172.20.10.14
2026-05-28T16:00:33,RAW,RSSI          : -71 dBm
2026-05-28T16:00:33,RAW,UDP Count     : 0
2026-05-28T16:00:33,RAW,CSI Count     : 0
2026-05-28T16:00:33,RAW,Last UDP      : None
2026-05-28T16:00:33,RAW,Last ACK      : None
2026-05-28T16:00:33,RAW,Last UDP RSSI : 0 dBm
2026-05-28T16:00:33,RAW,====================================
2026-05-28T16:00:33,RAW,========== UDP DEBUG ==========
2026-05-28T16:00:33,RAW,Packet Size : 24
2026-05-28T16:00:33,RAW,Remote IP   : 172.20.10.5
2026-05-28T16:00:33,RAW,Remote Port : 59584
2026-05-28T16:00:33,RAW,"Last UDP    : PING,1,1779955232.916939"
2026-05-28T16:00:33,RAW,"ACK Message : ACK,PING,1,1779955232.916939,RSSI=-73"
2026-05-28T16:00:33,RAW,beginPacket : 1
2026-05-28T16:00:33,RAW,endPacket   : 1
2026-05-28T16:00:33,RAW,===============================
2026-05-28T16:00:34,RAW,========== CURRENT SUMMARY ==========
2026-05-28T16:00:34,RAW,WiFi Status   : Connected
2026-05-28T16:00:34,RAW,ESP32 IP      : 172.20.10.14
2026-05-28T16:00:34,RAW,RSSI          : -73 dBm
2026-05-28T16:00:34,RAW,UDP Count     : 1
2026-05-28T16:00:34,RAW,CSI Count     : 0
2026-05-28T16:00:34,RAW,"Last UDP      : PING,1,1779955232.916939"
2026-05-28T16:00:34,RAW,"Last ACK      : ACK,PING,1,1779955232.916939,RSSI=-73"
2026-05-28T16:00:34,RAW,Last UDP RSSI : -73 dBm
2026-05-28T16:00:34,RAW,====================================
2026-05-28T16:00:34,RAW,========== UDP DEBUG ==========
2026-05-28T16:00:34,RAW,Packet Size : 23
2026-05-28T16:00:34,RAW,Remote IP   : 172.20.10.5
2026-05-28T16:00:34,RAW,Remote Port : 59584
2026-05-28T16:00:34,RAW,"Last UDP    : PING,2,1779955234.14996"
2026-05-28T16:00:34,RAW,"ACK Message : ACK,PING,2,1779955234.14996,RSSI=-72"
2026-05-28T16:00:34,RAW,beginPacket : 1
2026-05-28T16:00:34,RAW,endPacket   : 1
2026-05-28T16:00:34,RAW,===============================
2026-05-28T16:00:35,RAW,========== CURRENT SUMMARY ==========
2026-05-28T16:00:35,RAW,WiFi Status   : Connected
2026-05-28T16:00:35,RAW,ESP32 IP      : 172.20.10.14
2026-05-28T16:00:35,RAW,RSSI          : -72 dBm
2026-05-28T16:00:35,RAW,UDP Count     : 2
2026-05-28T16:00:35,RAW,CSI Count     : 0
2026-05-28T16:00:35,RAW,"Last UDP      : PING,2,1779955234.14996"
2026-05-28T16:00:35,RAW,"Last ACK      : ACK,PING,2,1779955234.14996,RSSI=-72"
2026-05-28T16:00:35,RAW,Last UDP RSSI : -72 dBm
2026-05-28T16:00:35,RAW,====================================
2026-05-28T16:00:35,RAW,========== UDP DEBUG ==========
2026-05-28T16:00:35,RAW,Packet Size : 24
2026-05-28T16:00:35,RAW,Remote IP   : 172.20.10.5
2026-05-28T16:00:35,RAW,Remote Port : 59584
2026-05-28T16:00:35,RAW,"Last UDP    : PING,3,1779955235.298215"
2026-05-28T16:00:35,RAW,"ACK Message : ACK,PING,3,1779955235.298215,RSSI=-69"
2026-05-28T16:00:35,RAW,beginPacket : 1
2026-05-28T16:00:35,RAW,endPacket   : 1
2026-05-28T16:00:35,RAW,===============================
2026-05-28T16:00:36,RAW,========== CURRENT SUMMARY ==========
2026-05-28T16:00:36,RAW,WiFi Status   : Connected
2026-05-28T16:00:36,RAW,ESP32 IP      : 172.20.10.14
2026-05-28T16:00:36,RAW,RSSI          : -69 dBm
2026-05-28T16:00:36,RAW,UDP Count     : 3
2026-05-28T16:00:36,RAW,CSI Count     : 0
2026-05-28T16:00:36,RAW,"Last UDP      : PING,3,1779955235.298215"
2026-05-28T16:00:36,RAW,"Last ACK      : ACK,PING,3,1779955235.298215,RSSI=-69"
2026-05-28T16:00:36,RAW,Last UDP RSSI : -69 dBm
2026-05-28T16:00:36,RAW,====================================
2026-05-28T16:00:36,RAW,========== UDP DEBUG ==========
2026-05-28T16:00:36,RAW,Packet Size : 24
2026-05-28T16:00:36,RAW,Remote IP   : 172.20.10.5
2026-05-28T16:00:36,RAW,Remote Port : 59584
2026-05-28T16:00:36,RAW,"Last UDP    : PING,4,1779955236.397001"
2026-05-28T16:00:36,RAW,"ACK Message : ACK,PING,4,1779955236.397001,RSSI=-69"
2026-05-28T16:00:36,RAW,beginPacket : 1
2026-05-28T16:00:36,RAW,endPacket   : 1
2026-05-28T16:00:36,RAW,===============================
2026-05-28T16:00:37,RAW,========== CURRENT SUMMARY ==========
2026-05-28T16:00:37,RAW,WiFi Status   : Connected
2026-05-28T16:00:37,RAW,ESP32 IP      : 172.20.10.14
2026-05-28T16:00:37,RAW,RSSI          : -69 dBm
2026-05-28T16:00:37,RAW,UDP Count     : 4
2026-05-28T16:00:37,RAW,CSI Count     : 0
2026-05-28T16:00:37,RAW,"Last UDP      : PING,4,1779955236.397001"
2026-05-28T16:00:37,RAW,"Last ACK      : ACK,PING,4,1779955236.397001,RSSI=-69"
2026-05-28T16:00:37,RAW,Last UDP RSSI : -69 dBm
2026-05-28T16:00:37,RAW,====================================
2026-05-28T16:00:38,RAW,========== CURRENT SUMMARY ==========
2026-05-28T16:00:38,RAW,WiFi Status   : Connected
2026-05-28T16:00:38,RAW,ESP32 IP      : 172.20.10.14
2026-05-28T16:00:38,RAW,RSSI          : -72 dBm
2026-05-28T16:00:38,RAW,UDP Count     : 4
2026-05-28T16:00:38,RAW,CSI Count     : 0
2026-05-28T16:00:38,RAW,"Last UDP      : PING,4,1779955236.397001"
2026-05-28T16:00:38,RAW,"Last ACK      : ACK,PING,4,1779955236.397001,RSSI=-69"
2026-05-28T16:00:38,RAW,Last UDP RSSI : -69 dBm
2026-05-28T16:00:38,RAW,====================================
2026-05-28T16:00:38,RAW,========== UDP DEBUG ==========
2026-05-28T16:00:38,RAW,Packet Size : 24
2026-05-28T16:00:38,RAW,Remote IP   : 172.20.10.5
2026-05-28T16:00:38,RAW,Remote Port : 59584
2026-05-28T16:00:38,RAW,"Last UDP    : PING,5,1779955237.827915"
2026-05-28T16:00:38,RAW,"ACK Message : ACK,PING,5,1779955237.827915,RSSI=-72"
2026-05-28T16:00:38,RAW,beginPacket : 1
2026-05-28T16:00:38,RAW,endPacket   : 1
2026-05-28T16:00:38,RAW,===============================
2026-05-28T16:00:39,RAW,========== CURRENT SUMMARY ==========
2026-05-28T16:00:39,RAW,WiFi Status   : Connected
2026-05-28T16:00:39,RAW,ESP32 IP      : 172.20.10.14
2026-05-28T16:00:39,RAW,RSSI          : -71 dBm
2026-05-28T16:00:39,RAW,UDP Count     : 5
2026-05-28T16:00:39,RAW,CSI Count     : 0
2026-05-28T16:00:39,RAW,"Last UDP      : PING,5,1779955237.827915"
2026-05-28T16:00:39,RAW,"Last ACK      : ACK,PING,5,1779955237.827915,RSSI=-72"
2026-05-28T16:00:39,RAW,Last UDP RSSI : -72 dBm
2026-05-28T16:00:39,RAW,====================================
2026-05-28T16:00:39,RAW,========== UDP DEBUG ==========
2026-05-28T16:00:39,RAW,Packet Size : 24
2026-05-28T16:00:39,RAW,Remote IP   : 172.20.10.5
2026-05-28T16:00:39,RAW,Remote Port : 59584
2026-05-28T16:00:39,RAW,"Last UDP    : PING,6,1779955239.257975"
2026-05-28T16:00:39,RAW,"ACK Message : ACK,PING,6,1779955239.257975,RSSI=-70"
2026-05-28T16:00:39,RAW,beginPacket : 1
2026-05-28T16:00:39,RAW,endPacket   : 1
2026-05-28T16:00:39,RAW,===============================
2026-05-28T16:00:40,RAW,========== CURRENT SUMMARY ==========
2026-05-28T16:00:40,RAW,WiFi Status   : Connected
2026-05-28T16:00:40,RAW,ESP32 IP      : 172.20.10.14
2026-05-28T16:00:40,RAW,RSSI          : -69 dBm
2026-05-28T16:00:40,RAW,UDP Count     : 6
2026-05-28T16:00:40,RAW,CSI Count     : 0
2026-05-28T16:00:40,RAW,"Last UDP      : PING,6,1779955239.257975"
2026-05-28T16:00:40,RAW,"Last ACK      : ACK,PING,6,1779955239.257975,RSSI=-70"
2026-05-28T16:00:40,RAW,Last UDP RSSI : -70 dBm
2026-05-28T16:00:40,RAW,====================================
2026-05-28T16:00:40,RAW,========== UDP DEBUG ==========
2026-05-28T16:00:40,RAW,Packet Size : 24
2026-05-28T16:00:40,RAW,Remote IP   : 172.20.10.5
2026-05-28T16:00:40,RAW,Remote Port : 59584
2026-05-28T16:00:40,RAW,"Last UDP    : PING,7,1779955240.281891"
2026-05-28T16:00:40,RAW,"ACK Message : ACK,PING,7,1779955240.281891,RSSI=-69"
2026-05-28T16:00:40,RAW,beginPacket : 1
2026-05-28T16:00:40,RAW,endPacket   : 1
2026-05-28T16:00:40,RAW,===============================
2026-05-28T16:00:41,RAW,========== CURRENT SUMMARY ==========
2026-05-28T16:00:41,RAW,WiFi Status   : Connected
2026-05-28T16:00:41,RAW,ESP32 IP      : 172.20.10.14
2026-05-28T16:00:41,RAW,RSSI          : -69 dBm
2026-05-28T16:00:41,RAW,UDP Count     : 7
2026-05-28T16:00:41,RAW,CSI Count     : 0
2026-05-28T16:00:41,RAW,"Last UDP      : PING,7,1779955240.281891"
2026-05-28T16:00:41,RAW,"Last ACK      : ACK,PING,7,1779955240.281891,RSSI=-69"
2026-05-28T16:00:41,RAW,Last UDP RSSI : -69 dBm
2026-05-28T16:00:41,RAW,====================================
2026-05-28T16:00:42,RAW,========== CURRENT SUMMARY ==========
2026-05-28T16:00:42,RAW,WiFi Status   : Connected
2026-05-28T16:00:42,RAW,ESP32 IP      : 172.20.10.14
2026-05-28T16:00:42,RAW,RSSI          : -67 dBm
2026-05-28T16:00:42,RAW,UDP Count     : 7
2026-05-28T16:00:42,RAW,CSI Count     : 0
2026-05-28T16:00:42,RAW,"Last UDP      : PING,7,1779955240.281891"
2026-05-28T16:00:42,RAW,"Last ACK      : ACK,PING,7,1779955240.281891,RSSI=-69"
2026-05-28T16:00:42,RAW,Last UDP RSSI : -69 dBm
2026-05-28T16:00:42,RAW,====================================
2026-05-28T16:00:43,RAW,========== CURRENT SUMMARY ==========
2026-05-28T16:00:43,RAW,WiFi Status   : Connected
2026-05-28T16:00:43,RAW,ESP32 IP      : 172.20.10.14
2026-05-28T16:00:43,RAW,RSSI          : -72 dBm
2026-05-28T16:00:43,RAW,UDP Count     : 7
2026-05-28T16:00:43,RAW,CSI Count     : 0
2026-05-28T16:00:43,RAW,"Last UDP      : PING,7,1779955240.281891"
2026-05-28T16:00:43,RAW,"Last ACK      : ACK,PING,7,1779955240.281891,RSSI=-69"
2026-05-28T16:00:43,RAW,Last UDP RSSI : -69 dBm
2026-05-28T16:00:43,RAW,====================================
2026-05-28T16:00:44,RAW,========== CURRENT SUMMARY ==========
2026-05-28T16:00:44,RAW,WiFi Status   : Connected
2026-05-28T16:00:44,RAW,ESP32 IP      : 172.20.10.14
2026-05-28T16:00:44,RAW,RSSI          : -77 dBm
2026-05-28T16:00:44,RAW,UDP Count     : 7
2026-05-28T16:00:44,RAW,CSI Count     : 0
2026-05-28T16:00:44,RAW,"Last UDP      : PING,7,1779955240.281891"
2026-05-28T16:00:44,RAW,"Last ACK      : ACK,PING,7,1779955240.281891,RSSI=-69"
2026-05-28T16:00:44,RAW,Last UDP RSSI : -69 dBm
2026-05-28T16:00:44,RAW,====================================
2026-05-28T16:00:44,RAW,========== UDP DEBUG ==========
2026-05-28T16:00:44,RAW,Packet Size : 24
2026-05-28T16:00:44,RAW,Remote IP   : 172.20.10.5
2026-05-28T16:00:44,RAW,Remote Port : 59584
2026-05-28T16:00:44,RAW,"Last UDP    : PING,8,1779955244.289662"
2026-05-28T16:00:44,RAW,"ACK Message : ACK,PING,8,1779955244.289662,RSSI=-64"
2026-05-28T16:00:44,RAW,beginPacket : 1
2026-05-28T16:00:44,RAW,endPacket   : 1
2026-05-28T16:00:44,RAW,===============================
2026-05-28T16:00:45,RAW,========== CURRENT SUMMARY ==========
2026-05-28T16:00:45,RAW,WiFi Status   : Connected
2026-05-28T16:00:45,RAW,ESP32 IP      : 172.20.10.14
2026-05-28T16:00:45,RAW,RSSI          : -64 dBm
2026-05-28T16:00:45,RAW,UDP Count     : 8
2026-05-28T16:00:45,RAW,CSI Count     : 0
2026-05-28T16:00:45,RAW,"Last UDP      : PING,8,1779955244.289662"
2026-05-28T16:00:45,RAW,"Last ACK      : ACK,PING,8,1779955244.289662,RSSI=-64"
2026-05-28T16:00:45,RAW,Last UDP RSSI : -64 dBm
2026-05-28T16:00:45,RAW,====================================
2026-05-28T16:00:45,RAW,========== UDP DEBUG ==========
2026-05-28T16:00:45,RAW,Packet Size : 24
2026-05-28T16:00:45,RAW,Remote IP   : 172.20.10.5
2026-05-28T16:00:45,RAW,Remote Port : 59584
2026-05-28T16:00:45,RAW,"Last UDP    : PING,9,1779955245.407854"
2026-05-28T16:00:45,RAW,"ACK Message : ACK,PING,9,1779955245.407854,RSSI=-71"
2026-05-28T16:00:45,RAW,beginPacket : 1
2026-05-28T16:00:45,RAW,endPacket   : 1
2026-05-28T16:00:45,RAW,===============================
2026-05-28T16:00:46,RAW,========== CURRENT SUMMARY ==========
2026-05-28T16:00:46,RAW,WiFi Status   : Connected
2026-05-28T16:00:46,RAW,ESP32 IP      : 172.20.10.14
2026-05-28T16:00:46,RAW,RSSI          : -71 dBm
2026-05-28T16:00:46,RAW,UDP Count     : 9
2026-05-28T16:00:46,RAW,CSI Count     : 0
2026-05-28T16:00:46,RAW,"Last UDP      : PING,9,1779955245.407854"
2026-05-28T16:00:46,RAW,"Last ACK      : ACK,PING,9,1779955245.407854,RSSI=-71"
2026-05-28T16:00:46,RAW,Last UDP RSSI : -71 dBm
2026-05-28T16:00:46,RAW,====================================
2026-05-28T16:00:46,RAW,========== UDP DEBUG ==========
2026-05-28T16:00:46,RAW,Packet Size : 25
2026-05-28T16:00:46,RAW,Remote IP   : 172.20.10.5
2026-05-28T16:00:46,RAW,Remote Port : 59584
2026-05-28T16:00:46,RAW,"Last UDP    : PING,10,1779955246.545426"
2026-05-28T16:00:46,RAW,"ACK Message : ACK,PING,10,1779955246.545426,RSSI=-77"
2026-05-28T16:00:46,RAW,beginPacket : 1
2026-05-28T16:00:46,RAW,endPacket   : 1
2026-05-28T16:00:46,RAW,===============================
2026-05-28T16:00:47,RAW,========== CURRENT SUMMARY ==========
2026-05-28T16:00:47,RAW,WiFi Status   : Connected
2026-05-28T16:00:47,RAW,ESP32 IP      : 172.20.10.14
2026-05-28T16:00:47,RAW,RSSI          : -77 dBm
2026-05-28T16:00:47,RAW,UDP Count     : 10
2026-05-28T16:00:47,RAW,CSI Count     : 0
2026-05-28T16:00:47,RAW,"Last UDP      : PING,10,1779955246.545426"
2026-05-28T16:00:47,RAW,"Last ACK      : ACK,PING,10,1779955246.545426,RSSI=-77"
2026-05-28T16:00:47,RAW,Last UDP RSSI : -77 dBm
2026-05-28T16:00:47,RAW,====================================
2026-05-28T16:00:48,RAW,========== UDP DEBUG ==========
2026-05-28T16:00:48,RAW,Packet Size : 24
2026-05-28T16:00:48,RAW,Remote IP   : 172.20.10.5
2026-05-28T16:00:48,RAW,Remote Port : 59584
2026-05-28T16:00:48,RAW,"Last UDP    : PING,11,1779955248.00135"
2026-05-28T16:00:48,RAW,"ACK Message : ACK,PING,11,1779955248.00135,RSSI=-74"
2026-05-28T16:00:48,RAW,beginPacket : 1
2026-05-28T16:00:48,RAW,endPacket   : 1
2026-05-28T16:00:48,RAW,===============================
2026-05-28T16:00:48,RAW,========== CURRENT SUMMARY ==========
2026-05-28T16:00:48,RAW,WiFi Status   : Connected
2026-05-28T16:00:48,RAW,ESP32 IP      : 172.20.10.14
2026-05-28T16:00:48,RAW,RSSI          : -74 dBm
2026-05-28T16:00:48,RAW,UDP Count     : 11
2026-05-28T16:00:48,RAW,CSI Count     : 0
2026-05-28T16:00:48,RAW,"Last UDP      : PING,11,1779955248.00135"
2026-05-28T16:00:48,RAW,"Last ACK      : ACK,PING,11,1779955248.00135,RSSI=-74"
2026-05-28T16:00:48,RAW,Last UDP RSSI : -74 dBm
2026-05-28T16:00:48,RAW,====================================
2026-05-28T16:00:49,RAW,========== CURRENT SUMMARY ==========
2026-05-28T16:00:49,RAW,WiFi Status   : Connected
2026-05-28T16:00:49,RAW,ESP32 IP      : 172.20.10.14
2026-05-28T16:00:49,RAW,RSSI          : -79 dBm
2026-05-28T16:00:49,RAW,UDP Count     : 11
2026-05-28T16:00:49,RAW,CSI Count     : 0
2026-05-28T16:00:49,RAW,"Last UDP      : PING,11,1779955248.00135"
2026-05-28T16:00:49,RAW,"Last ACK      : ACK,PING,11,1779955248.00135,RSSI=-74"
2026-05-28T16:00:49,RAW,Last UDP RSSI : -74 dBm
2026-05-28T16:00:49,RAW,====================================
2026-05-28T16:00:49,RAW,========== UDP DEBUG ==========
2026-05-28T16:00:49,RAW,Packet Size : 25
2026-05-28T16:00:49,RAW,Remote IP   : 172.20.10.5
2026-05-28T16:00:49,RAW,Remote Port : 59584
2026-05-28T16:00:49,RAW,"Last UDP    : PING,12,1779955249.100087"
2026-05-28T16:00:49,RAW,"ACK Message : ACK,PING,12,1779955249.100087,RSSI=-74"
2026-05-28T16:00:49,RAW,beginPacket : 1
2026-05-28T16:00:49,RAW,endPacket   : 1
2026-05-28T16:00:49,RAW,===============================
2026-05-28T16:00:50,RAW,========== CURRENT SUMMARY ==========
2026-05-28T16:00:50,RAW,WiFi Status   : Connected
2026-05-28T16:00:50,RAW,ESP32 IP      : 172.20.10.14
2026-05-28T16:00:50,RAW,RSSI          : -78 dBm
2026-05-28T16:00:50,RAW,UDP Count     : 12
2026-05-28T16:00:50,RAW,CSI Count     : 0
2026-05-28T16:00:50,RAW,"Last UDP      : PING,12,1779955249.100087"
2026-05-28T16:00:50,RAW,"Last ACK      : ACK,PING,12,1779955249.100087,RSSI=-74"
2026-05-28T16:00:50,RAW,Last UDP RSSI : -74 dBm
2026-05-28T16:00:50,RAW,====================================
2026-05-28T16:00:50,RAW,========== UDP DEBUG ==========
2026-05-28T16:00:50,RAW,Packet Size : 25
2026-05-28T16:00:50,RAW,Remote IP   : 172.20.10.5
2026-05-28T16:00:50,RAW,Remote Port : 59584
2026-05-28T16:00:50,RAW,"Last UDP    : PING,13,1779955250.418957"
2026-05-28T16:00:50,RAW,"ACK Message : ACK,PING,13,1779955250.418957,RSSI=-73"
2026-05-28T16:00:50,RAW,beginPacket : 1
2026-05-28T16:00:50,RAW,endPacket   : 1
2026-05-28T16:00:50,RAW,===============================
2026-05-28T16:00:51,RAW,========== CURRENT SUMMARY ==========
2026-05-28T16:00:51,RAW,WiFi Status   : Connected
2026-05-28T16:00:51,RAW,ESP32 IP      : 172.20.10.14
2026-05-28T16:00:51,RAW,RSSI          : -68 dBm
2026-05-28T16:00:51,RAW,UDP Count     : 13
2026-05-28T16:00:51,RAW,CSI Count     : 0
2026-05-28T16:00:51,RAW,"Last UDP      : PING,13,1779955250.418957"
2026-05-28T16:00:51,RAW,"Last ACK      : ACK,PING,13,1779955250.418957,RSSI=-73"
2026-05-28T16:00:51,RAW,Last UDP RSSI : -73 dBm
2026-05-28T16:00:51,RAW,====================================
2026-05-28T16:00:51,RAW,========== UDP DEBUG ==========
2026-05-28T16:00:51,RAW,Packet Size : 26
2026-05-28T16:00:51,RAW,Remote IP   : 172.20.10.5
2026-05-28T16:00:51,RAW,Remote Port : 59584
2026-05-28T16:00:51,RAW,"Last UDP    : PING,14,1779955251.4555771"
2026-05-28T16:00:51,RAW,"ACK Message : ACK,PING,14,1779955251.4555771,RSSI=-70"
2026-05-28T16:00:51,RAW,beginPacket : 1
2026-05-28T16:00:51,RAW,endPacket   : 1
2026-05-28T16:00:51,RAW,===============================
2026-05-28T16:00:52,RAW,========== CURRENT SUMMARY ==========
2026-05-28T16:00:52,RAW,WiFi Status   : Connected
2026-05-28T16:00:52,RAW,ESP32 IP      : 172.20.10.14
2026-05-28T16:00:52,RAW,RSSI          : -68 dBm
2026-05-28T16:00:52,RAW,UDP Count     : 14
2026-05-28T16:00:52,RAW,CSI Count     : 0
2026-05-28T16:00:52,RAW,"Last UDP      : PING,14,1779955251.4555771"
2026-05-28T16:00:52,RAW,"Last ACK      : ACK,PING,14,1779955251.4555771,RSSI=-70"
2026-05-28T16:00:52,RAW,Last UDP RSSI : -70 dBm
2026-05-28T16:00:52,RAW,====================================
2026-05-28T16:00:52,RAW,========== UDP DEBUG ==========
2026-05-28T16:00:52,RAW,Packet Size : 26
2026-05-28T16:00:52,RAW,Remote IP   : 172.20.10.5
2026-05-28T16:00:52,RAW,Remote Port : 59584
2026-05-28T16:00:52,RAW,"Last UDP    : PING,15,1779955252.5686588"
2026-05-28T16:00:52,RAW,"ACK Message : ACK,PING,15,1779955252.5686588,RSSI=-85"
2026-05-28T16:00:52,RAW,beginPacket : 1
2026-05-28T16:00:52,RAW,endPacket   : 1
2026-05-28T16:00:52,RAW,===============================
2026-05-28T16:00:53,RAW,========== CURRENT SUMMARY ==========
2026-05-28T16:00:53,RAW,WiFi Status   : Connected
2026-05-28T16:00:53,RAW,ESP32 IP      : 172.20.10.14
2026-05-28T16:00:53,RAW,RSSI          : -67 dBm
2026-05-28T16:00:53,RAW,UDP Count     : 15
2026-05-28T16:00:53,RAW,CSI Count     : 0
2026-05-28T16:00:53,RAW,"Last UDP      : PING,15,1779955252.5686588"
2026-05-28T16:00:53,RAW,"Last ACK      : ACK,PING,15,1779955252.5686588,RSSI=-85"
2026-05-28T16:00:53,RAW,Last UDP RSSI : -85 dBm
2026-05-28T16:00:53,RAW,====================================
2026-05-28T16:00:53,RAW,========== UDP DEBUG ==========
2026-05-28T16:00:53,RAW,Packet Size : 24
2026-05-28T16:00:53,RAW,Remote IP   : 172.20.10.5
2026-05-28T16:00:53,RAW,Remote Port : 59584
2026-05-28T16:00:53,RAW,"Last UDP    : PING,16,1779955253.59904"
2026-05-28T16:00:53,RAW,"ACK Message : ACK,PING,16,1779955253.59904,RSSI=-67"
2026-05-28T16:00:53,RAW,beginPacket : 1
2026-05-28T16:00:53,RAW,endPacket   : 1
2026-05-28T16:00:53,RAW,===============================
2026-05-28T16:00:54,RAW,========== CURRENT SUMMARY ==========
2026-05-28T16:00:54,RAW,WiFi Status   : Connected
2026-05-28T16:00:54,RAW,ESP32 IP      : 172.20.10.14
2026-05-28T16:00:54,RAW,RSSI          : -67 dBm
2026-05-28T16:00:54,RAW,UDP Count     : 16
2026-05-28T16:00:54,RAW,CSI Count     : 0
2026-05-28T16:00:54,RAW,"Last UDP      : PING,16,1779955253.59904"
2026-05-28T16:00:54,RAW,"Last ACK      : ACK,PING,16,1779955253.59904,RSSI=-67"
2026-05-28T16:00:54,RAW,Last UDP RSSI : -67 dBm
2026-05-28T16:00:54,RAW,====================================
2026-05-28T16:00:54,RAW,========== UDP DEBUG ==========
2026-05-28T16:00:54,RAW,Packet Size : 25
2026-05-28T16:00:54,RAW,Remote IP   : 172.20.10.5
2026-05-28T16:00:54,RAW,Remote Port : 59584
2026-05-28T16:00:54,RAW,"Last UDP    : PING,17,1779955254.731988"
2026-05-28T16:00:54,RAW,"ACK Message : ACK,PING,17,1779955254.731988,RSSI=-78"
2026-05-28T16:00:54,RAW,beginPacket : 1
2026-05-28T16:00:54,RAW,endPacket   : 1
2026-05-28T16:00:54,RAW,===============================
2026-05-28T16:00:55,RAW,========== CURRENT SUMMARY ==========
2026-05-28T16:00:55,RAW,WiFi Status   : Connected
2026-05-28T16:00:55,RAW,ESP32 IP      : 172.20.10.14
2026-05-28T16:00:55,RAW,RSSI          : -78 dBm
2026-05-28T16:00:55,RAW,UDP Count     : 17
2026-05-28T16:00:55,RAW,CSI Count     : 0
2026-05-28T16:00:55,RAW,"Last UDP      : PING,17,1779955254.731988"
2026-05-28T16:00:55,RAW,"Last ACK      : ACK,PING,17,1779955254.731988,RSSI=-78"
2026-05-28T16:00:55,RAW,Last UDP RSSI : -78 dBm
2026-05-28T16:00:55,RAW,====================================
2026-05-28T16:00:56,RAW,========== UDP DEBUG ==========
2026-05-28T16:00:56,RAW,Packet Size : 25
2026-05-28T16:00:56,RAW,Remote IP   : 172.20.10.5
2026-05-28T16:00:56,RAW,Remote Port : 59584
2026-05-28T16:00:56,RAW,"Last UDP    : PING,18,1779955255.867871"
2026-05-28T16:00:56,RAW,"ACK Message : ACK,PING,18,1779955255.867871,RSSI=-77"
2026-05-28T16:00:56,RAW,beginPacket : 1
2026-05-28T16:00:56,RAW,endPacket   : 1
2026-05-28T16:00:56,RAW,===============================
2026-05-28T16:00:56,RAW,========== CURRENT SUMMARY ==========
2026-05-28T16:00:56,RAW,WiFi Status   : Connected
2026-05-28T16:00:56,RAW,ESP32 IP      : 172.20.10.14
2026-05-28T16:00:56,RAW,RSSI          : -77 dBm
2026-05-28T16:00:56,RAW,UDP Count     : 18
2026-05-28T16:00:56,RAW,CSI Count     : 0
2026-05-28T16:00:56,RAW,"Last UDP      : PING,18,1779955255.867871"
2026-05-28T16:00:56,RAW,"Last ACK      : ACK,PING,18,1779955255.867871,RSSI=-77"
2026-05-28T16:00:56,RAW,Last UDP RSSI : -77 dBm
2026-05-28T16:00:56,RAW,====================================
2026-05-28T16:00:57,RAW,========== UDP DEBUG ==========
2026-05-28T16:00:57,RAW,Packet Size : 25
2026-05-28T16:00:57,RAW,Remote IP   : 172.20.10.5
2026-05-28T16:00:57,RAW,Remote Port : 59584
2026-05-28T16:00:57,RAW,"Last UDP    : PING,19,1779955257.079185"
2026-05-28T16:00:57,RAW,"ACK Message : ACK,PING,19,1779955257.079185,RSSI=-78"
2026-05-28T16:00:57,RAW,beginPacket : 1
2026-05-28T16:00:57,RAW,endPacket   : 1
2026-05-28T16:00:57,RAW,===============================
2026-05-28T16:00:57,RAW,========== CURRENT SUMMARY ==========
2026-05-28T16:00:57,RAW,WiFi Status   : Connected
2026-05-28T16:00:57,RAW,ESP32 IP      : 172.20.10.14
2026-05-28T16:00:57,RAW,RSSI          : -78 dBm
2026-05-28T16:00:57,RAW,UDP Count     : 19
2026-05-28T16:00:57,RAW,CSI Count     : 0
2026-05-28T16:00:57,RAW,"Last UDP      : PING,19,1779955257.079185"
2026-05-28T16:00:57,RAW,"Last ACK      : ACK,PING,19,1779955257.079185,RSSI=-78"
2026-05-28T16:00:57,RAW,Last UDP RSSI : -78 dBm
2026-05-28T16:00:57,RAW,====================================
2026-05-28T16:00:58,RAW,========== CURRENT SUMMARY ==========
2026-05-28T16:00:58,RAW,WiFi Status   : Connected
2026-05-28T16:00:58,RAW,ESP32 IP      : 172.20.10.14
2026-05-28T16:00:58,RAW,RSSI          : -78 dBm
2026-05-28T16:00:58,RAW,UDP Count     : 19
2026-05-28T16:00:58,RAW,CSI Count     : 0
2026-05-28T16:00:58,RAW,"Last UDP      : PING,19,1779955257.079185"
2026-05-28T16:00:58,RAW,"Last ACK      : ACK,PING,19,1779955257.079185,RSSI=-78"
2026-05-28T16:00:58,RAW,Last UDP RSSI : -78 dBm
2026-05-28T16:00:58,RAW,====================================
2026-05-28T16:00:58,RAW,========== UDP DEBUG ==========
2026-05-28T16:00:58,RAW,Packet Size : 25
2026-05-28T16:00:58,RAW,Remote IP   : 172.20.10.5
2026-05-28T16:00:58,RAW,Remote Port : 59584
2026-05-28T16:00:58,RAW,"Last UDP    : PING,20,1779955258.099232"
2026-05-28T16:00:58,RAW,"ACK Message : ACK,PING,20,1779955258.099232,RSSI=-78"
2026-05-28T16:00:58,RAW,beginPacket : 1
2026-05-28T16:00:58,RAW,endPacket   : 1
2026-05-28T16:00:58,RAW,===============================
2026-05-28T16:00:59,RAW,========== CURRENT SUMMARY ==========
2026-05-28T16:00:59,RAW,WiFi Status   : Connected
2026-05-28T16:00:59,RAW,ESP32 IP      : 172.20.10.14
2026-05-28T16:00:59,RAW,RSSI          : -78 dBm
2026-05-28T16:00:59,RAW,UDP Count     : 20
2026-05-28T16:00:59,RAW,CSI Count     : 0
2026-05-28T16:00:59,RAW,"Last UDP      : PING,20,1779955258.099232"
2026-05-28T16:00:59,RAW,"Last ACK      : ACK,PING,20,1779955258.099232,RSSI=-78"
2026-05-28T16:00:59,RAW,Last UDP RSSI : -78 dBm
2026-05-28T16:00:59,RAW,====================================
2026-05-28T16:00:59,RAW,========== UDP DEBUG ==========
2026-05-28T16:00:59,RAW,Packet Size : 25
2026-05-28T16:00:59,RAW,Remote IP   : 172.20.10.5
2026-05-28T16:00:59,RAW,Remote Port : 59584
2026-05-28T16:00:59,RAW,"Last UDP    : PING,21,1779955259.126973"
2026-05-28T16:00:59,RAW,"ACK Message : ACK,PING,21,1779955259.126973,RSSI=-85"
2026-05-28T16:00:59,RAW,beginPacket : 1
2026-05-28T16:00:59,RAW,endPacket   : 1
2026-05-28T16:00:59,RAW,===============================
2026-05-28T16:01:00,RAW,========== CURRENT SUMMARY ==========
2026-05-28T16:01:00,RAW,WiFi Status   : Connected
2026-05-28T16:01:00,RAW,ESP32 IP      : 172.20.10.14
2026-05-28T16:01:00,RAW,RSSI          : -85 dBm
2026-05-28T16:01:00,RAW,UDP Count     : 21
2026-05-28T16:01:00,RAW,CSI Count     : 0
2026-05-28T16:01:00,RAW,"Last UDP      : PING,21,1779955259.126973"
2026-05-28T16:01:00,RAW,"Last ACK      : ACK,PING,21,1779955259.126973,RSSI=-85"
2026-05-28T16:01:00,RAW,Last UDP RSSI : -85 dBm
2026-05-28T16:01:00,RAW,====================================
2026-05-28T16:01:00,RAW,========== UDP DEBUG ==========
2026-05-28T16:01:00,RAW,Packet Size : 25
2026-05-28T16:01:00,RAW,Remote IP   : 172.20.10.5
2026-05-28T16:01:00,RAW,Remote Port : 59584
2026-05-28T16:01:00,RAW,"Last UDP    : PING,22,1779955260.255359"
2026-05-28T16:01:00,RAW,"ACK Message : ACK,PING,22,1779955260.255359,RSSI=-76"
2026-05-28T16:01:00,RAW,beginPacket : 1
2026-05-28T16:01:00,RAW,endPacket   : 1
2026-05-28T16:01:00,RAW,===============================
2026-05-28T16:01:01,RAW,========== CURRENT SUMMARY ==========
2026-05-28T16:01:01,RAW,WiFi Status   : Connected
2026-05-28T16:01:01,RAW,ESP32 IP      : 172.20.10.14
2026-05-28T16:01:01,RAW,RSSI          : -76 dBm
2026-05-28T16:01:01,RAW,UDP Count     : 22
2026-05-28T16:01:01,RAW,CSI Count     : 0
2026-05-28T16:01:01,RAW,"Last UDP      : PING,22,1779955260.255359"
2026-05-28T16:01:01,RAW,"Last ACK      : ACK,PING,22,1779955260.255359,RSSI=-76"
2026-05-28T16:01:01,RAW,Last UDP RSSI : -76 dBm
2026-05-28T16:01:01,RAW,====================================
2026-05-28T16:01:01,RAW,========== UDP DEBUG ==========
2026-05-28T16:01:01,RAW,Packet Size : 26
2026-05-28T16:01:01,RAW,Remote IP   : 172.20.10.5
2026-05-28T16:01:01,RAW,Remote Port : 59584
2026-05-28T16:01:01,RAW,"Last UDP    : PING,23,1779955261.2929559"
2026-05-28T16:01:01,RAW,"ACK Message : ACK,PING,23,1779955261.2929559,RSSI=-78"
2026-05-28T16:01:01,RAW,beginPacket : 1
2026-05-28T16:01:01,RAW,endPacket   : 1
2026-05-28T16:01:01,RAW,===============================
2026-05-28T16:01:02,RAW,========== CURRENT SUMMARY ==========
2026-05-28T16:01:02,RAW,WiFi Status   : Connected
2026-05-28T16:01:02,RAW,ESP32 IP      : 172.20.10.14
2026-05-28T16:01:02,RAW,RSSI          : -80 dBm
2026-05-28T16:01:02,RAW,UDP Count     : 23
2026-05-28T16:01:02,RAW,CSI Count     : 0
2026-05-28T16:01:02,RAW,"Last UDP      : PING,23,1779955261.2929559"
2026-05-28T16:01:02,RAW,"Last ACK      : ACK,PING,23,1779955261.2929559,RSSI=-78"
2026-05-28T16:01:02,RAW,Last UDP RSSI : -78 dBm
2026-05-28T16:01:02,RAW,====================================
2026-05-28T16:01:03,RAW,========== UDP DEBUG ==========
2026-05-28T16:01:03,RAW,Packet Size : 25
2026-05-28T16:01:03,RAW,Remote IP   : 172.20.10.5
2026-05-28T16:01:03,RAW,Remote Port : 59584
2026-05-28T16:01:03,RAW,"Last UDP    : PING,24,1779955262.720319"
2026-05-28T16:01:03,RAW,"ACK Message : ACK,PING,24,1779955262.720319,RSSI=-80"
2026-05-28T16:01:03,RAW,beginPacket : 1
2026-05-28T16:01:03,RAW,endPacket   : 1
2026-05-28T16:01:03,RAW,===============================
2026-05-28T16:01:03,RAW,========== CURRENT SUMMARY ==========
2026-05-28T16:01:03,RAW,WiFi Status   : Connected
2026-05-28T16:01:03,RAW,ESP32 IP      : 172.20.10.14
2026-05-28T16:01:03,RAW,RSSI          : -80 dBm
2026-05-28T16:01:03,RAW,UDP Count     : 24
2026-05-28T16:01:03,RAW,CSI Count     : 0
2026-05-28T16:01:03,RAW,"Last UDP      : PING,24,1779955262.720319"
2026-05-28T16:01:03,RAW,"Last ACK      : ACK,PING,24,1779955262.720319,RSSI=-80"
2026-05-28T16:01:03,RAW,Last UDP RSSI : -80 dBm
2026-05-28T16:01:03,RAW,====================================
2026-05-28T16:01:04,RAW,========== UDP DEBUG ==========
2026-05-28T16:01:04,RAW,Packet Size : 25
2026-05-28T16:01:04,RAW,Remote IP   : 172.20.10.5
2026-05-28T16:01:04,RAW,Remote Port : 59584
2026-05-28T16:01:04,RAW,"Last UDP    : PING,25,1779955264.039278"
2026-05-28T16:01:04,RAW,"ACK Message : ACK,PING,25,1779955264.039278,RSSI=-80"
2026-05-28T16:01:04,RAW,beginPacket : 1
2026-05-28T16:01:04,RAW,endPacket   : 1
2026-05-28T16:01:04,RAW,===============================
2026-05-28T16:01:04,RAW,========== CURRENT SUMMARY ==========
2026-05-28T16:01:04,RAW,WiFi Status   : Connected
2026-05-28T16:01:04,RAW,ESP32 IP      : 172.20.10.14
2026-05-28T16:01:04,RAW,RSSI          : -80 dBm
2026-05-28T16:01:04,RAW,UDP Count     : 25
2026-05-28T16:01:04,RAW,CSI Count     : 0
2026-05-28T16:01:04,RAW,"Last UDP      : PING,25,1779955264.039278"
2026-05-28T16:01:04,RAW,"Last ACK      : ACK,PING,25,1779955264.039278,RSSI=-80"
2026-05-28T16:01:04,RAW,Last UDP RSSI : -80 dBm
2026-05-28T16:01:04,RAW,====================================
2026-05-28T16:01:05,RAW,========== CURRENT SUMMARY ==========
2026-05-28T16:01:05,RAW,WiFi Status   : Connected
2026-05-28T16:01:05,RAW,ESP32 IP      : 172.20.10.14
2026-05-28T16:01:05,RAW,RSSI          : -79 dBm
2026-05-28T16:01:05,RAW,UDP Count     : 25
2026-05-28T16:01:05,RAW,CSI Count     : 0
2026-05-28T16:01:05,RAW,"Last UDP      : PING,25,1779955264.039278"
2026-05-28T16:01:05,RAW,"Last ACK      : ACK,PING,25,1779955264.039278,RSSI=-80"
2026-05-28T16:01:05,RAW,Last UDP RSSI : -80 dBm
2026-05-28T16:01:05,RAW,====================================
2026-05-28T16:01:05,RAW,========== UDP DEBUG ==========
2026-05-28T16:01:05,RAW,Packet Size : 25
2026-05-28T16:01:05,RAW,Remote IP   : 172.20.10.5
2026-05-28T16:01:05,RAW,Remote Port : 59584
2026-05-28T16:01:05,RAW,"Last UDP    : PING,26,1779955265.101113"
2026-05-28T16:01:05,RAW,"ACK Message : ACK,PING,26,1779955265.101113,RSSI=-77"
2026-05-28T16:01:05,RAW,beginPacket : 1
2026-05-28T16:01:05,RAW,endPacket   : 1
2026-05-28T16:01:05,RAW,===============================
2026-05-28T16:01:06,RAW,========== CURRENT SUMMARY ==========
2026-05-28T16:01:06,RAW,WiFi Status   : Connected
2026-05-28T16:01:06,RAW,ESP32 IP      : 172.20.10.14
2026-05-28T16:01:06,RAW,RSSI          : -77 dBm
2026-05-28T16:01:06,RAW,UDP Count     : 26
2026-05-28T16:01:06,RAW,CSI Count     : 0
2026-05-28T16:01:06,RAW,"Last UDP      : PING,26,1779955265.101113"
2026-05-28T16:01:06,RAW,"Last ACK      : ACK,PING,26,1779955265.101113,RSSI=-77"
2026-05-28T16:01:06,RAW,Last UDP RSSI : -77 dBm
2026-05-28T16:01:06,RAW,====================================
2026-05-28T16:01:06,RAW,========== UDP DEBUG ==========
2026-05-28T16:01:06,RAW,Packet Size : 26
2026-05-28T16:01:06,RAW,Remote IP   : 172.20.10.5
2026-05-28T16:01:06,RAW,Remote Port : 59584
2026-05-28T16:01:06,RAW,"Last UDP    : PING,27,1779955266.3133929"
2026-05-28T16:01:06,RAW,"ACK Message : ACK,PING,27,1779955266.3133929,RSSI=-80"
2026-05-28T16:01:06,RAW,beginPacket : 1
2026-05-28T16:01:06,RAW,endPacket   : 1
2026-05-28T16:01:06,RAW,===============================
2026-05-28T16:01:07,RAW,========== CURRENT SUMMARY ==========
2026-05-28T16:01:07,RAW,WiFi Status   : Connected
2026-05-28T16:01:07,RAW,ESP32 IP      : 172.20.10.14
2026-05-28T16:01:07,RAW,RSSI          : -80 dBm
2026-05-28T16:01:07,RAW,UDP Count     : 27
2026-05-28T16:01:07,RAW,CSI Count     : 0
2026-05-28T16:01:07,RAW,"Last UDP      : PING,27,1779955266.3133929"
2026-05-28T16:01:07,RAW,"Last ACK      : ACK,PING,27,1779955266.3133929,RSSI=-80"
2026-05-28T16:01:07,RAW,Last UDP RSSI : -80 dBm
2026-05-28T16:01:07,RAW,====================================
2026-05-28T16:01:07,RAW,========== UDP DEBUG ==========
2026-05-28T16:01:07,RAW,Packet Size : 25
2026-05-28T16:01:07,RAW,Remote IP   : 172.20.10.5
2026-05-28T16:01:07,RAW,Remote Port : 59584
2026-05-28T16:01:07,RAW,"Last UDP    : PING,28,1779955267.423223"
2026-05-28T16:01:07,RAW,"ACK Message : ACK,PING,28,1779955267.423223,RSSI=-79"
2026-05-28T16:01:07,RAW,beginPacket : 1
2026-05-28T16:01:07,RAW,endPacket   : 1
2026-05-28T16:01:07,RAW,===============================
2026-05-28T16:01:08,RAW,========== CURRENT SUMMARY ==========
2026-05-28T16:01:08,RAW,WiFi Status   : Connected
2026-05-28T16:01:08,RAW,ESP32 IP      : 172.20.10.14
2026-05-28T16:01:08,RAW,RSSI          : -79 dBm
2026-05-28T16:01:08,RAW,UDP Count     : 28
2026-05-28T16:01:08,RAW,CSI Count     : 0
2026-05-28T16:01:08,RAW,"Last UDP      : PING,28,1779955267.423223"
2026-05-28T16:01:08,RAW,"Last ACK      : ACK,PING,28,1779955267.423223,RSSI=-79"
2026-05-28T16:01:08,RAW,Last UDP RSSI : -79 dBm
2026-05-28T16:01:08,RAW,====================================
2026-05-28T16:01:08,RAW,========== UDP DEBUG ==========
2026-05-28T16:01:08,RAW,Packet Size : 26
2026-05-28T16:01:08,RAW,Remote IP   : 172.20.10.5
2026-05-28T16:01:08,RAW,Remote Port : 59584
2026-05-28T16:01:08,RAW,"Last UDP    : PING,29,1779955268.9552672"
2026-05-28T16:01:08,RAW,"ACK Message : ACK,PING,29,1779955268.9552672,RSSI=-78"
2026-05-28T16:01:08,RAW,beginPacket : 1
2026-05-28T16:01:08,RAW,endPacket   : 1
2026-05-28T16:01:08,RAW,===============================
2026-05-28T16:01:09,RAW,========== CURRENT SUMMARY ==========
2026-05-28T16:01:09,RAW,WiFi Status   : Connected
2026-05-28T16:01:09,RAW,ESP32 IP      : 172.20.10.14
2026-05-28T16:01:09,RAW,RSSI          : -78 dBm
2026-05-28T16:01:09,RAW,UDP Count     : 29
2026-05-28T16:01:09,RAW,CSI Count     : 0
2026-05-28T16:01:09,RAW,"Last UDP      : PING,29,1779955268.9552672"
2026-05-28T16:01:09,RAW,"Last ACK      : ACK,PING,29,1779955268.9552672,RSSI=-78"
2026-05-28T16:01:09,RAW,Last UDP RSSI : -78 dBm
2026-05-28T16:01:09,RAW,====================================
2026-05-28T16:01:10,RAW,========== UDP DEBUG ==========
2026-05-28T16:01:10,RAW,Packet Size : 25
2026-05-28T16:01:10,RAW,Remote IP   : 172.20.10.5
2026-05-28T16:01:10,RAW,Remote Port : 59584
2026-05-28T16:01:10,RAW,"Last UDP    : PING,30,1779955269.978693"
2026-05-28T16:01:10,RAW,"ACK Message : ACK,PING,30,1779955269.978693,RSSI=-78"
2026-05-28T16:01:10,RAW,beginPacket : 1
2026-05-28T16:01:10,RAW,endPacket   : 1
2026-05-28T16:01:10,RAW,===============================
2026-05-28T16:01:10,RAW,========== CURRENT SUMMARY ==========
2026-05-28T16:01:10,RAW,WiFi Status   : Connected
2026-05-28T16:01:10,RAW,ESP32 IP      : 172.20.10.14
2026-05-28T16:01:10,RAW,RSSI          : -79 dBm
2026-05-28T16:01:10,RAW,UDP Count     : 30
2026-05-28T16:01:10,RAW,CSI Count     : 0
2026-05-28T16:01:10,RAW,"Last UDP      : PING,30,1779955269.978693"
2026-05-28T16:01:10,RAW,"Last ACK      : ACK,PING,30,1779955269.978693,RSSI=-78"
2026-05-28T16:01:10,RAW,Last UDP RSSI : -78 dBm
2026-05-28T16:01:10,RAW,====================================
2026-05-28T16:01:11,RAW,========== CURRENT SUMMARY ==========
2026-05-28T16:01:11,RAW,WiFi Status   : Connected
2026-05-28T16:01:11,RAW,ESP32 IP      : 172.20.10.14
2026-05-28T16:01:11,RAW,RSSI          : -79 dBm
2026-05-28T16:01:11,RAW,UDP Count     : 30
2026-05-28T16:01:11,RAW,CSI Count     : 0
2026-05-28T16:01:11,RAW,"Last UDP      : PING,30,1779955269.978693"
2026-05-28T16:01:11,RAW,"Last ACK      : ACK,PING,30,1779955269.978693,RSSI=-78"
2026-05-28T16:01:11,RAW,Last UDP RSSI : -78 dBm
2026-05-28T16:01:11,RAW,====================================
2026-05-28T16:01:11,RAW,========== UDP DEBUG ==========
2026-05-28T16:01:11,RAW,Packet Size : 25
2026-05-28T16:01:11,RAW,Remote IP   : 172.20.10.5
2026-05-28T16:01:11,RAW,Remote Port : 59584
2026-05-28T16:01:11,RAW,"Last UDP    : PING,31,1779955271.017785"
2026-05-28T16:01:11,RAW,"ACK Message : ACK,PING,31,1779955271.017785,RSSI=-80"
2026-05-28T16:01:11,RAW,beginPacket : 1
2026-05-28T16:01:11,RAW,endPacket   : 1
2026-05-28T16:01:11,RAW,===============================
2026-05-28T16:01:12,RAW,========== CURRENT SUMMARY ==========
2026-05-28T16:01:12,RAW,WiFi Status   : Connected
2026-05-28T16:01:12,RAW,ESP32 IP      : 172.20.10.14
2026-05-28T16:01:12,RAW,RSSI          : -80 dBm
2026-05-28T16:01:12,RAW,UDP Count     : 31
2026-05-28T16:01:12,RAW,CSI Count     : 0
2026-05-28T16:01:12,RAW,"Last UDP      : PING,31,1779955271.017785"
2026-05-28T16:01:12,RAW,"Last ACK      : ACK,PING,31,1779955271.017785,RSSI=-80"
2026-05-28T16:01:12,RAW,Last UDP RSSI : -80 dBm
2026-05-28T16:01:12,RAW,====================================
2026-05-28T16:01:12,RAW,========== UDP DEBUG ==========
2026-05-28T16:01:12,RAW,Packet Size : 25
2026-05-28T16:01:12,RAW,Remote IP   : 172.20.10.5
2026-05-28T16:01:12,RAW,Remote Port : 59584
2026-05-28T16:01:12,RAW,"Last UDP    : PING,32,1779955272.132254"
2026-05-28T16:01:12,RAW,"ACK Message : ACK,PING,32,1779955272.132254,RSSI=-80"
2026-05-28T16:01:12,RAW,beginPacket : 1
2026-05-28T16:01:12,RAW,endPacket   : 1
2026-05-28T16:01:12,RAW,===============================
2026-05-28T16:01:13,RAW,========== CURRENT SUMMARY ==========
2026-05-28T16:01:13,RAW,WiFi Status   : Connected
2026-05-28T16:01:13,RAW,ESP32 IP      : 172.20.10.14
2026-05-28T16:01:13,RAW,RSSI          : -80 dBm
2026-05-28T16:01:13,RAW,UDP Count     : 32
2026-05-28T16:01:13,RAW,CSI Count     : 0
2026-05-28T16:01:13,RAW,"Last UDP      : PING,32,1779955272.132254"
2026-05-28T16:01:13,RAW,"Last ACK      : ACK,PING,32,1779955272.132254,RSSI=-80"
2026-05-28T16:01:13,RAW,Last UDP RSSI : -80 dBm
2026-05-28T16:01:13,RAW,====================================
2026-05-28T16:01:13,RAW,========== UDP DEBUG ==========
2026-05-28T16:01:13,RAW,Packet Size : 25
2026-05-28T16:01:13,RAW,Remote IP   : 172.20.10.5
2026-05-28T16:01:13,RAW,Remote Port : 59584
2026-05-28T16:01:13,RAW,"Last UDP    : PING,33,1779955273.201879"
2026-05-28T16:01:13,RAW,"ACK Message : ACK,PING,33,1779955273.201879,RSSI=-78"
2026-05-28T16:01:13,RAW,beginPacket : 1
2026-05-28T16:01:13,RAW,endPacket   : 1
2026-05-28T16:01:13,RAW,===============================
2026-05-28T16:01:14,RAW,========== CURRENT SUMMARY ==========
2026-05-28T16:01:14,RAW,WiFi Status   : Connected
2026-05-28T16:01:14,RAW,ESP32 IP      : 172.20.10.14
2026-05-28T16:01:14,RAW,RSSI          : -78 dBm
2026-05-28T16:01:14,RAW,UDP Count     : 33
2026-05-28T16:01:14,RAW,CSI Count     : 0
2026-05-28T16:01:14,RAW,"Last UDP      : PING,33,1779955273.201879"
2026-05-28T16:01:14,RAW,"Last ACK      : ACK,PING,33,1779955273.201879,RSSI=-78"
2026-05-28T16:01:14,RAW,Last UDP RSSI : -78 dBm
2026-05-28T16:01:14,RAW,====================================
2026-05-28T16:01:14,RAW,========== UDP DEBUG ==========
2026-05-28T16:01:14,RAW,Packet Size : 25
2026-05-28T16:01:14,RAW,Remote IP   : 172.20.10.5
2026-05-28T16:01:14,RAW,Remote Port : 59584
2026-05-28T16:01:14,RAW,"Last UDP    : PING,34,1779955274.488554"
2026-05-28T16:01:14,RAW,"ACK Message : ACK,PING,34,1779955274.488554,RSSI=-79"
2026-05-28T16:01:14,RAW,beginPacket : 1
2026-05-28T16:01:14,RAW,endPacket   : 1
2026-05-28T16:01:14,RAW,===============================
2026-05-28T16:01:15,RAW,========== CURRENT SUMMARY ==========
2026-05-28T16:01:15,RAW,WiFi Status   : Connected
2026-05-28T16:01:15,RAW,ESP32 IP      : 172.20.10.14
2026-05-28T16:01:15,RAW,RSSI          : -79 dBm
2026-05-28T16:01:15,RAW,UDP Count     : 34
2026-05-28T16:01:15,RAW,CSI Count     : 0
2026-05-28T16:01:15,RAW,"Last UDP      : PING,34,1779955274.488554"
2026-05-28T16:01:15,RAW,"Last ACK      : ACK,PING,34,1779955274.488554,RSSI=-79"
2026-05-28T16:01:15,RAW,Last UDP RSSI : -79 dBm
2026-05-28T16:01:15,RAW,====================================
2026-05-28T16:01:15,RAW,========== UDP DEBUG ==========
2026-05-28T16:01:15,RAW,Packet Size : 26
2026-05-28T16:01:15,RAW,Remote IP   : 172.20.10.5
2026-05-28T16:01:15,RAW,Remote Port : 59584
2026-05-28T16:01:15,RAW,"Last UDP    : PING,35,1779955275.6138601"
2026-05-28T16:01:15,RAW,"ACK Message : ACK,PING,35,1779955275.6138601,RSSI=-80"
2026-05-28T16:01:15,RAW,beginPacket : 1
2026-05-28T16:01:15,RAW,endPacket   : 1
2026-05-28T16:01:15,RAW,===============================
2026-05-28T16:01:16,RAW,========== CURRENT SUMMARY ==========
2026-05-28T16:01:16,RAW,WiFi Status   : Connected
2026-05-28T16:01:16,RAW,ESP32 IP      : 172.20.10.14
2026-05-28T16:01:16,RAW,RSSI          : -80 dBm
2026-05-28T16:01:16,RAW,UDP Count     : 35
2026-05-28T16:01:16,RAW,CSI Count     : 0
2026-05-28T16:01:16,RAW,"Last UDP      : PING,35,1779955275.6138601"
2026-05-28T16:01:16,RAW,"Last ACK      : ACK,PING,35,1779955275.6138601,RSSI=-80"
2026-05-28T16:01:16,RAW,Last UDP RSSI : -80 dBm
2026-05-28T16:01:16,RAW,====================================
2026-05-28T16:01:16,RAW,========== UDP DEBUG ==========
2026-05-28T16:01:16,RAW,Packet Size : 25
2026-05-28T16:01:16,RAW,Remote IP   : 172.20.10.5
2026-05-28T16:01:16,RAW,Remote Port : 59584
2026-05-28T16:01:16,RAW,"Last UDP    : PING,36,1779955276.740463"
2026-05-28T16:01:16,RAW,"ACK Message : ACK,PING,36,1779955276.740463,RSSI=-79"
2026-05-28T16:01:16,RAW,beginPacket : 1
2026-05-28T16:01:16,RAW,endPacket   : 1
2026-05-28T16:01:16,RAW,===============================
2026-05-28T16:01:17,RAW,========== CURRENT SUMMARY ==========
2026-05-28T16:01:17,RAW,WiFi Status   : Connected
2026-05-28T16:01:17,RAW,ESP32 IP      : 172.20.10.14
2026-05-28T16:01:17,RAW,RSSI          : -79 dBm
2026-05-28T16:01:17,RAW,UDP Count     : 36
2026-05-28T16:01:17,RAW,CSI Count     : 0
2026-05-28T16:01:17,RAW,"Last UDP      : PING,36,1779955276.740463"
2026-05-28T16:01:17,RAW,"Last ACK      : ACK,PING,36,1779955276.740463,RSSI=-79"
2026-05-28T16:01:17,RAW,Last UDP RSSI : -79 dBm
2026-05-28T16:01:17,RAW,====================================
2026-05-28T16:01:17,RAW,========== UDP DEBUG ==========
2026-05-28T16:01:17,RAW,Packet Size : 25
2026-05-28T16:01:17,RAW,Remote IP   : 172.20.10.5
2026-05-28T16:01:17,RAW,Remote Port : 59584
2026-05-28T16:01:17,RAW,"Last UDP    : PING,37,1779955277.874223"
2026-05-28T16:01:17,RAW,"ACK Message : ACK,PING,37,1779955277.874223,RSSI=-80"
2026-05-28T16:01:17,RAW,beginPacket : 1
2026-05-28T16:01:17,RAW,endPacket   : 1
2026-05-28T16:01:17,RAW,===============================
2026-05-28T16:01:18,RAW,========== CURRENT SUMMARY ==========
2026-05-28T16:01:18,RAW,WiFi Status   : Connected
2026-05-28T16:01:18,RAW,ESP32 IP      : 172.20.10.14
2026-05-28T16:01:18,RAW,RSSI          : -80 dBm
2026-05-28T16:01:18,RAW,UDP Count     : 37
2026-05-28T16:01:18,RAW,CSI Count     : 0
2026-05-28T16:01:18,RAW,"Last UDP      : PING,37,1779955277.874223"
2026-05-28T16:01:18,RAW,"Last ACK      : ACK,PING,37,1779955277.874223,RSSI=-80"
2026-05-28T16:01:18,RAW,Last UDP RSSI : -80 dBm
2026-05-28T16:01:18,RAW,====================================
2026-05-28T16:01:19,RAW,========== UDP DEBUG ==========
2026-05-28T16:01:19,RAW,Packet Size : 26
2026-05-28T16:01:19,RAW,Remote IP   : 172.20.10.5
2026-05-28T16:01:19,RAW,Remote Port : 59584
2026-05-28T16:01:19,RAW,"Last UDP    : PING,38,1779955278.9938161"
2026-05-28T16:01:19,RAW,"ACK Message : ACK,PING,38,1779955278.9938161,RSSI=-81"
2026-05-28T16:01:19,RAW,beginPacket : 1
2026-05-28T16:01:19,RAW,endPacket   : 1
2026-05-28T16:01:19,RAW,===============================
2026-05-28T16:01:19,RAW,========== CURRENT SUMMARY ==========
2026-05-28T16:01:19,RAW,WiFi Status   : Connected
2026-05-28T16:01:19,RAW,ESP32 IP      : 172.20.10.14
2026-05-28T16:01:19,RAW,RSSI          : -81 dBm
2026-05-28T16:01:19,RAW,UDP Count     : 38
2026-05-28T16:01:19,RAW,CSI Count     : 0
2026-05-28T16:01:19,RAW,"Last UDP      : PING,38,1779955278.9938161"
2026-05-28T16:01:19,RAW,"Last ACK      : ACK,PING,38,1779955278.9938161,RSSI=-81"
2026-05-28T16:01:19,RAW,Last UDP RSSI : -81 dBm
2026-05-28T16:01:19,RAW,====================================
2026-05-28T16:01:20,RAW,========== CURRENT SUMMARY ==========
2026-05-28T16:01:20,RAW,WiFi Status   : Connected
2026-05-28T16:01:20,RAW,ESP32 IP      : 172.20.10.14
2026-05-28T16:01:20,RAW,RSSI          : -81 dBm
2026-05-28T16:01:20,RAW,UDP Count     : 38
2026-05-28T16:01:20,RAW,CSI Count     : 0
2026-05-28T16:01:20,RAW,"Last UDP      : PING,38,1779955278.9938161"
2026-05-28T16:01:20,RAW,"Last ACK      : ACK,PING,38,1779955278.9938161,RSSI=-81"
2026-05-28T16:01:20,RAW,Last UDP RSSI : -81 dBm
2026-05-28T16:01:20,RAW,====================================
2026-05-28T16:01:20,RAW,========== UDP DEBUG ==========
2026-05-28T16:01:20,RAW,Packet Size : 26
2026-05-28T16:01:20,RAW,Remote IP   : 172.20.10.5
2026-05-28T16:01:20,RAW,Remote Port : 59584
2026-05-28T16:01:20,RAW,"Last UDP    : PING,39,1779955280.1186318"
2026-05-28T16:01:20,RAW,"ACK Message : ACK,PING,39,1779955280.1186318,RSSI=-79"
2026-05-28T16:01:20,RAW,beginPacket : 1
2026-05-28T16:01:20,RAW,endPacket   : 1
2026-05-28T16:01:20,RAW,===============================
2026-05-28T16:01:21,RAW,========== CURRENT SUMMARY ==========
2026-05-28T16:01:21,RAW,WiFi Status   : Connected
2026-05-28T16:01:21,RAW,ESP32 IP      : 172.20.10.14
2026-05-28T16:01:21,RAW,RSSI          : -79 dBm
2026-05-28T16:01:21,RAW,UDP Count     : 39
2026-05-28T16:01:21,RAW,CSI Count     : 0
2026-05-28T16:01:21,RAW,"Last UDP      : PING,39,1779955280.1186318"
2026-05-28T16:01:21,RAW,"Last ACK      : ACK,PING,39,1779955280.1186318,RSSI=-79"
2026-05-28T16:01:21,RAW,Last UDP RSSI : -79 dBm
2026-05-28T16:01:21,RAW,====================================
2026-05-28T16:01:21,RAW,========== UDP DEBUG ==========
2026-05-28T16:01:21,RAW,Packet Size : 26
2026-05-28T16:01:21,RAW,Remote IP   : 172.20.10.5
2026-05-28T16:01:21,RAW,Remote Port : 59584
2026-05-28T16:01:21,RAW,"Last UDP    : PING,40,1779955281.4483619"
2026-05-28T16:01:21,RAW,"ACK Message : ACK,PING,40,1779955281.4483619,RSSI=-80"
2026-05-28T16:01:21,RAW,beginPacket : 1
2026-05-28T16:01:21,RAW,endPacket   : 1
2026-05-28T16:01:21,RAW,===============================
2026-05-28T16:01:22,RAW,========== CURRENT SUMMARY ==========
2026-05-28T16:01:22,RAW,WiFi Status   : Connected
2026-05-28T16:01:22,RAW,ESP32 IP      : 172.20.10.14
2026-05-28T16:01:22,RAW,RSSI          : -80 dBm
2026-05-28T16:01:22,RAW,UDP Count     : 40
2026-05-28T16:01:22,RAW,CSI Count     : 0
2026-05-28T16:01:22,RAW,"Last UDP      : PING,40,1779955281.4483619"
2026-05-28T16:01:22,RAW,"Last ACK      : ACK,PING,40,1779955281.4483619,RSSI=-80"
2026-05-28T16:01:22,RAW,Last UDP RSSI : -80 dBm
2026-05-28T16:01:22,RAW,====================================
2026-05-28T16:01:23,RAW,========== UDP DEBUG ==========
2026-05-28T16:01:23,RAW,Packet Size : 26
2026-05-28T16:01:23,RAW,Remote IP   : 172.20.10.5
2026-05-28T16:01:23,RAW,Remote Port : 59584
2026-05-28T16:01:23,RAW,"Last UDP    : PING,41,1779955282.9865432"
2026-05-28T16:01:23,RAW,"ACK Message : ACK,PING,41,1779955282.9865432,RSSI=-79"
2026-05-28T16:01:23,RAW,beginPacket : 1
2026-05-28T16:01:23,RAW,endPacket   : 1
2026-05-28T16:01:23,RAW,===============================
2026-05-28T16:01:23,RAW,========== CURRENT SUMMARY ==========
2026-05-28T16:01:23,RAW,WiFi Status   : Connected
2026-05-28T16:01:23,RAW,ESP32 IP      : 172.20.10.14
2026-05-28T16:01:23,RAW,RSSI          : -79 dBm
2026-05-28T16:01:23,RAW,UDP Count     : 41
2026-05-28T16:01:23,RAW,CSI Count     : 0
2026-05-28T16:01:23,RAW,"Last UDP      : PING,41,1779955282.9865432"
2026-05-28T16:01:23,RAW,"Last ACK      : ACK,PING,41,1779955282.9865432,RSSI=-79"
2026-05-28T16:01:23,RAW,Last UDP RSSI : -79 dBm
2026-05-28T16:01:23,RAW,====================================
2026-05-28T16:01:24,RAW,========== CURRENT SUMMARY ==========
2026-05-28T16:01:24,RAW,WiFi Status   : Connected
2026-05-28T16:01:24,RAW,ESP32 IP      : 172.20.10.14
2026-05-28T16:01:24,RAW,RSSI          : -79 dBm
2026-05-28T16:01:24,RAW,UDP Count     : 41
2026-05-28T16:01:24,RAW,CSI Count     : 0
2026-05-28T16:01:24,RAW,"Last UDP      : PING,41,1779955282.9865432"
2026-05-28T16:01:24,RAW,"Last ACK      : ACK,PING,41,1779955282.9865432,RSSI=-79"
2026-05-28T16:01:24,RAW,Last UDP RSSI : -79 dBm
2026-05-28T16:01:24,RAW,====================================
2026-05-28T16:01:24,RAW,========== UDP DEBUG ==========
2026-05-28T16:01:24,RAW,Packet Size : 25
2026-05-28T16:01:24,RAW,Remote IP   : 172.20.10.5
2026-05-28T16:01:24,RAW,Remote Port : 59584
2026-05-28T16:01:24,RAW,"Last UDP    : PING,42,1779955284.114066"
2026-05-28T16:01:24,RAW,"ACK Message : ACK,PING,42,1779955284.114066,RSSI=-80"
2026-05-28T16:01:24,RAW,beginPacket : 1
2026-05-28T16:01:24,RAW,endPacket   : 1
2026-05-28T16:01:24,RAW,===============================
2026-05-28T16:01:25,RAW,========== CURRENT SUMMARY ==========
2026-05-28T16:01:25,RAW,WiFi Status   : Connected
2026-05-28T16:01:25,RAW,ESP32 IP      : 172.20.10.14
2026-05-28T16:01:25,RAW,RSSI          : -80 dBm
2026-05-28T16:01:25,RAW,UDP Count     : 42
2026-05-28T16:01:25,RAW,CSI Count     : 0
2026-05-28T16:01:25,RAW,"Last UDP      : PING,42,1779955284.114066"
2026-05-28T16:01:25,RAW,"Last ACK      : ACK,PING,42,1779955284.114066,RSSI=-80"
2026-05-28T16:01:25,RAW,Last UDP RSSI : -80 dBm
2026-05-28T16:01:25,RAW,====================================
2026-05-28T16:01:25,RAW,========== UDP DEBUG ==========
2026-05-28T16:01:25,RAW,Packet Size : 25
2026-05-28T16:01:25,RAW,Remote IP   : 172.20.10.5
2026-05-28T16:01:25,RAW,Remote Port : 59584
2026-05-28T16:01:25,RAW,"Last UDP    : PING,43,1779955285.235244"
2026-05-28T16:01:25,RAW,"ACK Message : ACK,PING,43,1779955285.235244,RSSI=-81"
2026-05-28T16:01:25,RAW,beginPacket : 1
2026-05-28T16:01:25,RAW,endPacket   : 1
2026-05-28T16:01:25,RAW,===============================
2026-05-28T16:01:26,RAW,========== CURRENT SUMMARY ==========
2026-05-28T16:01:26,RAW,WiFi Status   : Connected
2026-05-28T16:01:26,RAW,ESP32 IP      : 172.20.10.14
2026-05-28T16:01:26,RAW,RSSI          : -81 dBm
2026-05-28T16:01:26,RAW,UDP Count     : 43
2026-05-28T16:01:26,RAW,CSI Count     : 0
2026-05-28T16:01:26,RAW,"Last UDP      : PING,43,1779955285.235244"
2026-05-28T16:01:26,RAW,"Last ACK      : ACK,PING,43,1779955285.235244,RSSI=-81"
2026-05-28T16:01:26,RAW,Last UDP RSSI : -81 dBm
2026-05-28T16:01:26,RAW,====================================
2026-05-28T16:01:26,RAW,========== UDP DEBUG ==========
2026-05-28T16:01:26,RAW,Packet Size : 25
2026-05-28T16:01:26,RAW,Remote IP   : 172.20.10.5
2026-05-28T16:01:26,RAW,Remote Port : 59584
2026-05-28T16:01:26,RAW,"Last UDP    : PING,44,1779955286.258649"
2026-05-28T16:01:26,RAW,"ACK Message : ACK,PING,44,1779955286.258649,RSSI=-82"
2026-05-28T16:01:26,RAW,beginPacket : 1
2026-05-28T16:01:26,RAW,endPacket   : 1
2026-05-28T16:01:26,RAW,===============================
2026-05-28T16:01:27,RAW,========== CURRENT SUMMARY ==========
2026-05-28T16:01:27,RAW,WiFi Status   : Connected
2026-05-28T16:01:27,RAW,ESP32 IP      : 172.20.10.14
2026-05-28T16:01:27,RAW,RSSI          : -82 dBm
2026-05-28T16:01:27,RAW,UDP Count     : 44
2026-05-28T16:01:27,RAW,CSI Count     : 0
2026-05-28T16:01:27,RAW,"Last UDP      : PING,44,1779955286.258649"
2026-05-28T16:01:27,RAW,"Last ACK      : ACK,PING,44,1779955286.258649,RSSI=-82"
2026-05-28T16:01:27,RAW,Last UDP RSSI : -82 dBm
2026-05-28T16:01:27,RAW,====================================
2026-05-28T16:01:27,RAW,========== UDP DEBUG ==========
2026-05-28T16:01:27,RAW,Packet Size : 26
2026-05-28T16:01:27,RAW,Remote IP   : 172.20.10.5
2026-05-28T16:01:27,RAW,Remote Port : 59584
2026-05-28T16:01:27,RAW,"Last UDP    : PING,45,1779955287.4015691"
2026-05-28T16:01:27,RAW,"ACK Message : ACK,PING,45,1779955287.4015691,RSSI=-73"
2026-05-28T16:01:27,RAW,beginPacket : 1
2026-05-28T16:01:27,RAW,endPacket   : 1
2026-05-28T16:01:27,RAW,===============================
2026-05-28T16:01:28,RAW,========== CURRENT SUMMARY ==========
2026-05-28T16:01:28,RAW,WiFi Status   : Connected
2026-05-28T16:01:28,RAW,ESP32 IP      : 172.20.10.14
2026-05-28T16:01:28,RAW,RSSI          : -73 dBm
2026-05-28T16:01:28,RAW,UDP Count     : 45
2026-05-28T16:01:28,RAW,CSI Count     : 0
2026-05-28T16:01:28,RAW,"Last UDP      : PING,45,1779955287.4015691"
2026-05-28T16:01:28,RAW,"Last ACK      : ACK,PING,45,1779955287.4015691,RSSI=-73"
2026-05-28T16:01:28,RAW,Last UDP RSSI : -73 dBm
2026-05-28T16:01:28,RAW,====================================
2026-05-28T16:01:29,RAW,========== CURRENT SUMMARY ==========
2026-05-28T16:01:29,RAW,WiFi Status   : Connected
2026-05-28T16:01:29,RAW,ESP32 IP      : 172.20.10.14
2026-05-28T16:01:29,RAW,RSSI          : -76 dBm
2026-05-28T16:01:29,RAW,UDP Count     : 45
2026-05-28T16:01:29,RAW,CSI Count     : 0
2026-05-28T16:01:29,RAW,"Last UDP      : PING,45,1779955287.4015691"
2026-05-28T16:01:29,RAW,"Last ACK      : ACK,PING,45,1779955287.4015691,RSSI=-73"
2026-05-28T16:01:29,RAW,Last UDP RSSI : -73 dBm
2026-05-28T16:01:29,RAW,====================================
2026-05-28T16:01:30,RAW,========== CURRENT SUMMARY ==========
2026-05-28T16:01:30,RAW,WiFi Status   : Connected
2026-05-28T16:01:30,RAW,ESP32 IP      : 172.20.10.14
2026-05-28T16:01:30,RAW,RSSI          : -82 dBm
2026-05-28T16:01:30,RAW,UDP Count     : 45
2026-05-28T16:01:30,RAW,CSI Count     : 0
2026-05-28T16:01:30,RAW,"Last UDP      : PING,45,1779955287.4015691"
2026-05-28T16:01:30,RAW,"Last ACK      : ACK,PING,45,1779955287.4015691,RSSI=-73"
2026-05-28T16:01:30,RAW,Last UDP RSSI : -73 dBm
2026-05-28T16:01:30,RAW,====================================
2026-05-28T16:01:31,RAW,========== CURRENT SUMMARY ==========
2026-05-28T16:01:31,RAW,WiFi Status   : Connected
2026-05-28T16:01:31,RAW,ESP32 IP      : 172.20.10.14
2026-05-28T16:01:31,RAW,RSSI          : -78 dBm
2026-05-28T16:01:31,RAW,UDP Count     : 45
2026-05-28T16:01:31,RAW,CSI Count     : 0
2026-05-28T16:01:31,RAW,"Last UDP      : PING,45,1779955287.4015691"
2026-05-28T16:01:31,RAW,"Last ACK      : ACK,PING,45,1779955287.4015691,RSSI=-73"
2026-05-28T16:01:31,RAW,Last UDP RSSI : -73 dBm
2026-05-28T16:01:31,RAW,====================================
2026-05-28T16:01:31,RAW,========== UDP DEBUG ==========
2026-05-28T16:01:31,RAW,Packet Size : 26
2026-05-28T16:01:31,RAW,Remote IP   : 172.20.10.5
2026-05-28T16:01:31,RAW,Remote Port : 59584
2026-05-28T16:01:31,RAW,"Last UDP    : PING,46,1779955291.4081779"
2026-05-28T16:01:31,RAW,"ACK Message : ACK,PING,46,1779955291.4081779,RSSI=-78"
2026-05-28T16:01:31,RAW,beginPacket : 1
2026-05-28T16:01:31,RAW,endPacket   : 1
2026-05-28T16:01:31,RAW,===============================
2026-05-28T16:01:32,RAW,========== CURRENT SUMMARY ==========
2026-05-28T16:01:32,RAW,WiFi Status   : Connected
2026-05-28T16:01:32,RAW,ESP32 IP      : 172.20.10.14
2026-05-28T16:01:32,RAW,RSSI          : -78 dBm
2026-05-28T16:01:32,RAW,UDP Count     : 46
2026-05-28T16:01:32,RAW,CSI Count     : 0
2026-05-28T16:01:32,RAW,"Last UDP      : PING,46,1779955291.4081779"
2026-05-28T16:01:32,RAW,"Last ACK      : ACK,PING,46,1779955291.4081779,RSSI=-78"
2026-05-28T16:01:32,RAW,Last UDP RSSI : -78 dBm
2026-05-28T16:01:32,RAW,====================================
2026-05-28T16:01:32,RAW,========== UDP DEBUG ==========
2026-05-28T16:01:32,RAW,Packet Size : 25
2026-05-28T16:01:32,RAW,Remote IP   : 172.20.10.5
2026-05-28T16:01:32,RAW,Remote Port : 59584
2026-05-28T16:01:32,RAW,"Last UDP    : PING,47,1779955292.611607"
2026-05-28T16:01:32,RAW,"ACK Message : ACK,PING,47,1779955292.611607,RSSI=-75"
2026-05-28T16:01:32,RAW,beginPacket : 1
2026-05-28T16:01:32,RAW,endPacket   : 1
2026-05-28T16:01:32,RAW,===============================
2026-05-28T16:01:33,RAW,========== CURRENT SUMMARY ==========
2026-05-28T16:01:33,RAW,WiFi Status   : Connected
2026-05-28T16:01:33,RAW,ESP32 IP      : 172.20.10.14
2026-05-28T16:01:33,RAW,RSSI          : -75 dBm
2026-05-28T16:01:33,RAW,UDP Count     : 47
2026-05-28T16:01:33,RAW,CSI Count     : 0
2026-05-28T16:01:33,RAW,"Last UDP      : PING,47,1779955292.611607"
2026-05-28T16:01:33,RAW,"Last ACK      : ACK,PING,47,1779955292.611607,RSSI=-75"
2026-05-28T16:01:33,RAW,Last UDP RSSI : -75 dBm
2026-05-28T16:01:33,RAW,====================================
2026-05-28T16:01:34,RAW,========== CURRENT SUMMARY ==========
2026-05-28T16:01:34,RAW,WiFi Status   : Connected
2026-05-28T16:01:34,RAW,ESP32 IP      : 172.20.10.14
2026-05-28T16:01:34,RAW,RSSI          : -78 dBm
2026-05-28T16:01:34,RAW,UDP Count     : 47
2026-05-28T16:01:34,RAW,CSI Count     : 0
2026-05-28T16:01:34,RAW,"Last UDP      : PING,47,1779955292.611607"
2026-05-28T16:01:34,RAW,"Last ACK      : ACK,PING,47,1779955292.611607,RSSI=-75"
2026-05-28T16:01:34,RAW,Last UDP RSSI : -75 dBm
2026-05-28T16:01:34,RAW,====================================
2026-05-28T16:01:34,RAW,========== UDP DEBUG ==========
2026-05-28T16:01:34,RAW,Packet Size : 26
2026-05-28T16:01:34,RAW,Remote IP   : 172.20.10.5
2026-05-28T16:01:34,RAW,Remote Port : 59584
2026-05-28T16:01:34,RAW,"Last UDP    : PING,48,1779955293.9415412"
2026-05-28T16:01:34,RAW,"ACK Message : ACK,PING,48,1779955293.9415412,RSSI=-72"
2026-05-28T16:01:34,RAW,beginPacket : 1
2026-05-28T16:01:34,RAW,endPacket   : 1
2026-05-28T16:01:34,RAW,===============================
2026-05-28T16:01:35,RAW,========== CURRENT SUMMARY ==========
2026-05-28T16:01:35,RAW,WiFi Status   : Connected
2026-05-28T16:01:35,RAW,ESP32 IP      : 172.20.10.14
2026-05-28T16:01:35,RAW,RSSI          : -72 dBm
2026-05-28T16:01:35,RAW,UDP Count     : 48
2026-05-28T16:01:35,RAW,CSI Count     : 0
2026-05-28T16:01:35,RAW,"Last UDP      : PING,48,1779955293.9415412"
2026-05-28T16:01:35,RAW,"Last ACK      : ACK,PING,48,1779955293.9415412,RSSI=-72"
2026-05-28T16:01:35,RAW,Last UDP RSSI : -72 dBm
2026-05-28T16:01:35,RAW,====================================
2026-05-28T16:01:35,RAW,========== UDP DEBUG ==========
2026-05-28T16:01:35,RAW,Packet Size : 25
2026-05-28T16:01:35,RAW,Remote IP   : 172.20.10.5
2026-05-28T16:01:35,RAW,Remote Port : 59584
2026-05-28T16:01:35,RAW,"Last UDP    : PING,49,1779955295.272031"
2026-05-28T16:01:35,RAW,"ACK Message : ACK,PING,49,1779955295.272031,RSSI=-77"
2026-05-28T16:01:35,RAW,beginPacket : 1
2026-05-28T16:01:35,RAW,endPacket   : 1
2026-05-28T16:01:35,RAW,===============================
2026-05-28T16:01:36,RAW,========== CURRENT SUMMARY ==========
2026-05-28T16:01:36,RAW,WiFi Status   : Connected
2026-05-28T16:01:36,RAW,ESP32 IP      : 172.20.10.14
2026-05-28T16:01:36,RAW,RSSI          : -78 dBm
2026-05-28T16:01:36,RAW,UDP Count     : 49
2026-05-28T16:01:36,RAW,CSI Count     : 0
2026-05-28T16:01:36,RAW,"Last UDP      : PING,49,1779955295.272031"
2026-05-28T16:01:36,RAW,"Last ACK      : ACK,PING,49,1779955295.272031,RSSI=-77"
2026-05-28T16:01:36,RAW,Last UDP RSSI : -77 dBm
2026-05-28T16:01:36,RAW,====================================
2026-05-28T16:01:36,RAW,========== UDP DEBUG ==========
2026-05-28T16:01:36,RAW,Packet Size : 26
2026-05-28T16:01:36,RAW,Remote IP   : 172.20.10.5
2026-05-28T16:01:36,RAW,Remote Port : 59584
2026-05-28T16:01:36,RAW,"Last UDP    : PING,50,1779955296.4034271"
2026-05-28T16:01:36,RAW,"ACK Message : ACK,PING,50,1779955296.4034271,RSSI=-77"
2026-05-28T16:01:36,RAW,beginPacket : 1
2026-05-28T16:01:36,RAW,endPacket   : 1
2026-05-28T16:01:36,RAW,===============================
2026-05-28T16:01:37,RAW,========== CURRENT SUMMARY ==========
2026-05-28T16:01:37,RAW,WiFi Status   : Connected
2026-05-28T16:01:37,RAW,ESP32 IP      : 172.20.10.14
2026-05-28T16:01:37,RAW,RSSI          : -77 dBm
2026-05-28T16:01:37,RAW,UDP Count     : 50
2026-05-28T16:01:37,RAW,CSI Count     : 0
2026-05-28T16:01:37,RAW,"Last UDP      : PING,50,1779955296.4034271"
2026-05-28T16:01:37,RAW,"Last ACK      : ACK,PING,50,1779955296.4034271,RSSI=-77"
2026-05-28T16:01:37,RAW,Last UDP RSSI : -77 dBm
2026-05-28T16:01:37,RAW,====================================
2026-05-28T16:01:37,RAW,========== UDP DEBUG ==========
2026-05-28T16:01:37,RAW,Packet Size : 26
2026-05-28T16:01:37,RAW,Remote IP   : 172.20.10.5
2026-05-28T16:01:37,RAW,Remote Port : 59584
2026-05-28T16:01:37,RAW,"Last UDP    : PING,51,1779955297.5296881"
2026-05-28T16:01:37,RAW,"ACK Message : ACK,PING,51,1779955297.5296881,RSSI=-78"
2026-05-28T16:01:37,RAW,beginPacket : 1
2026-05-28T16:01:37,RAW,endPacket   : 1
2026-05-28T16:01:37,RAW,===============================
2026-05-28T16:01:38,RAW,========== CURRENT SUMMARY ==========
2026-05-28T16:01:38,RAW,WiFi Status   : Connected
2026-05-28T16:01:38,RAW,ESP32 IP      : 172.20.10.14
2026-05-28T16:01:38,RAW,RSSI          : -78 dBm
2026-05-28T16:01:38,RAW,UDP Count     : 51
2026-05-28T16:01:38,RAW,CSI Count     : 0
2026-05-28T16:01:38,RAW,"Last UDP      : PING,51,1779955297.5296881"
2026-05-28T16:01:38,RAW,"Last ACK      : ACK,PING,51,1779955297.5296881,RSSI=-78"
2026-05-28T16:01:38,RAW,Last UDP RSSI : -78 dBm
2026-05-28T16:01:38,RAW,====================================
2026-05-28T16:01:38,RAW,========== UDP DEBUG ==========
2026-05-28T16:01:38,RAW,Packet Size : 26
2026-05-28T16:01:38,RAW,Remote IP   : 172.20.10.5
2026-05-28T16:01:38,RAW,Remote Port : 59584
2026-05-28T16:01:38,RAW,"Last UDP    : PING,52,1779955298.6554508"
2026-05-28T16:01:38,RAW,"ACK Message : ACK,PING,52,1779955298.6554508,RSSI=-80"
2026-05-28T16:01:38,RAW,beginPacket : 1
2026-05-28T16:01:38,RAW,endPacket   : 1
2026-05-28T16:01:38,RAW,===============================
2026-05-28T16:01:39,RAW,========== CURRENT SUMMARY ==========
2026-05-28T16:01:39,RAW,WiFi Status   : Connected
2026-05-28T16:01:39,RAW,ESP32 IP      : 172.20.10.14
2026-05-28T16:01:39,RAW,RSSI          : -80 dBm
2026-05-28T16:01:39,RAW,UDP Count     : 52
2026-05-28T16:01:39,RAW,CSI Count     : 0
2026-05-28T16:01:39,RAW,"Last UDP      : PING,52,1779955298.6554508"
2026-05-28T16:01:39,RAW,"Last ACK      : ACK,PING,52,1779955298.6554508,RSSI=-80"
2026-05-28T16:01:39,RAW,Last UDP RSSI : -80 dBm
2026-05-28T16:01:39,RAW,====================================
2026-05-28T16:01:39,RAW,========== UDP DEBUG ==========
2026-05-28T16:01:39,RAW,Packet Size : 25
2026-05-28T16:01:39,RAW,Remote IP   : 172.20.10.5
2026-05-28T16:01:39,RAW,Remote Port : 59584
2026-05-28T16:01:39,RAW,"Last UDP    : PING,53,1779955299.685699"
2026-05-28T16:01:39,RAW,"ACK Message : ACK,PING,53,1779955299.685699,RSSI=-78"
2026-05-28T16:01:39,RAW,beginPacket : 1
2026-05-28T16:01:39,RAW,endPacket   : 1
2026-05-28T16:01:39,RAW,===============================
2026-05-28T16:01:40,RAW,========== CURRENT SUMMARY ==========
2026-05-28T16:01:40,RAW,WiFi Status   : Connected
2026-05-28T16:01:40,RAW,ESP32 IP      : 172.20.10.14
2026-05-28T16:01:40,RAW,RSSI          : -78 dBm
2026-05-28T16:01:40,RAW,UDP Count     : 53
2026-05-28T16:01:40,RAW,CSI Count     : 0
2026-05-28T16:01:40,RAW,"Last UDP      : PING,53,1779955299.685699"
2026-05-28T16:01:40,RAW,"Last ACK      : ACK,PING,53,1779955299.685699,RSSI=-78"
2026-05-28T16:01:40,RAW,Last UDP RSSI : -78 dBm
2026-05-28T16:01:40,RAW,====================================
2026-05-28T16:01:41,RAW,========== UDP DEBUG ==========
2026-05-28T16:01:41,RAW,Packet Size : 25
2026-05-28T16:01:41,RAW,Remote IP   : 172.20.10.5
2026-05-28T16:01:41,RAW,Remote Port : 59584
2026-05-28T16:01:41,RAW,"Last UDP    : PING,54,1779955301.004964"
2026-05-28T16:01:41,RAW,"ACK Message : ACK,PING,54,1779955301.004964,RSSI=-78"
2026-05-28T16:01:41,RAW,beginPacket : 1
2026-05-28T16:01:41,RAW,endPacket   : 1
2026-05-28T16:01:41,RAW,===============================
2026-05-28T16:01:41,RAW,========== CURRENT SUMMARY ==========
2026-05-28T16:01:41,RAW,WiFi Status   : Connected
2026-05-28T16:01:41,RAW,ESP32 IP      : 172.20.10.14
2026-05-28T16:01:41,RAW,RSSI          : -78 dBm
2026-05-28T16:01:41,RAW,UDP Count     : 54
2026-05-28T16:01:41,RAW,CSI Count     : 0
2026-05-28T16:01:41,RAW,"Last UDP      : PING,54,1779955301.004964"
2026-05-28T16:01:41,RAW,"Last ACK      : ACK,PING,54,1779955301.004964,RSSI=-78"
2026-05-28T16:01:41,RAW,Last UDP RSSI : -78 dBm
2026-05-28T16:01:41,RAW,====================================
2026-05-28T16:01:42,RAW,========== CURRENT SUMMARY ==========
2026-05-28T16:01:42,RAW,WiFi Status   : Connected
2026-05-28T16:01:42,RAW,ESP32 IP      : 172.20.10.14
2026-05-28T16:01:42,RAW,RSSI          : -78 dBm
2026-05-28T16:01:42,RAW,UDP Count     : 54
2026-05-28T16:01:42,RAW,CSI Count     : 0
2026-05-28T16:01:42,RAW,"Last UDP      : PING,54,1779955301.004964"
2026-05-28T16:01:42,RAW,"Last ACK      : ACK,PING,54,1779955301.004964,RSSI=-78"
2026-05-28T16:01:42,RAW,Last UDP RSSI : -78 dBm
2026-05-28T16:01:42,RAW,====================================
2026-05-28T16:01:42,RAW,========== UDP DEBUG ==========
2026-05-28T16:01:42,RAW,Packet Size : 25
2026-05-28T16:01:42,RAW,Remote IP   : 172.20.10.5
2026-05-28T16:01:42,RAW,Remote Port : 59584
2026-05-28T16:01:42,RAW,"Last UDP    : PING,55,1779955302.034237"
2026-05-28T16:01:42,RAW,"ACK Message : ACK,PING,55,1779955302.034237,RSSI=-77"
2026-05-28T16:01:42,RAW,beginPacket : 1
2026-05-28T16:01:42,RAW,endPacket   : 1
2026-05-28T16:01:42,RAW,===============================
2026-05-28T16:01:43,RAW,========== CURRENT SUMMARY ==========
2026-05-28T16:01:43,RAW,WiFi Status   : Connected
2026-05-28T16:01:43,RAW,ESP32 IP      : 172.20.10.14
2026-05-28T16:01:43,RAW,RSSI          : -77 dBm
2026-05-28T16:01:43,RAW,UDP Count     : 55
2026-05-28T16:01:43,RAW,CSI Count     : 0
2026-05-28T16:01:43,RAW,"Last UDP      : PING,55,1779955302.034237"
2026-05-28T16:01:43,RAW,"Last ACK      : ACK,PING,55,1779955302.034237,RSSI=-77"
2026-05-28T16:01:43,RAW,Last UDP RSSI : -77 dBm
2026-05-28T16:01:43,RAW,====================================
2026-05-28T16:01:43,RAW,========== UDP DEBUG ==========
2026-05-28T16:01:43,RAW,Packet Size : 25
2026-05-28T16:01:43,RAW,Remote IP   : 172.20.10.5
2026-05-28T16:01:43,RAW,Remote Port : 59584
2026-05-28T16:01:43,RAW,"Last UDP    : PING,56,1779955303.204006"
2026-05-28T16:01:43,RAW,"ACK Message : ACK,PING,56,1779955303.204006,RSSI=-76"
2026-05-28T16:01:43,RAW,beginPacket : 1
2026-05-28T16:01:43,RAW,endPacket   : 1
2026-05-28T16:01:43,RAW,===============================
2026-05-28T16:01:44,RAW,========== CURRENT SUMMARY ==========
2026-05-28T16:01:44,RAW,WiFi Status   : Connected
2026-05-28T16:01:44,RAW,ESP32 IP      : 172.20.10.14
2026-05-28T16:01:44,RAW,RSSI          : -66 dBm
2026-05-28T16:01:44,RAW,UDP Count     : 56
2026-05-28T16:01:44,RAW,CSI Count     : 0
2026-05-28T16:01:44,RAW,"Last UDP      : PING,56,1779955303.204006"
2026-05-28T16:01:44,RAW,"Last ACK      : ACK,PING,56,1779955303.204006,RSSI=-76"
2026-05-28T16:01:44,RAW,Last UDP RSSI : -76 dBm
2026-05-28T16:01:44,RAW,====================================
2026-05-28T16:01:44,RAW,========== UDP DEBUG ==========
2026-05-28T16:01:44,RAW,Packet Size : 26
2026-05-28T16:01:44,RAW,Remote IP   : 172.20.10.5
2026-05-28T16:01:44,RAW,Remote Port : 59584
2026-05-28T16:01:44,RAW,"Last UDP    : PING,57,1779955304.2871418"
2026-05-28T16:01:44,RAW,"ACK Message : ACK,PING,57,1779955304.2871418,RSSI=-67"
2026-05-28T16:01:44,RAW,beginPacket : 1
2026-05-28T16:01:44,RAW,endPacket   : 1
2026-05-28T16:01:44,RAW,===============================
2026-05-28T16:01:45,RAW,========== CURRENT SUMMARY ==========
2026-05-28T16:01:45,RAW,WiFi Status   : Connected
2026-05-28T16:01:45,RAW,ESP32 IP      : 172.20.10.14
2026-05-28T16:01:45,RAW,RSSI          : -69 dBm
2026-05-28T16:01:45,RAW,UDP Count     : 57
2026-05-28T16:01:45,RAW,CSI Count     : 0
2026-05-28T16:01:45,RAW,"Last UDP      : PING,57,1779955304.2871418"
2026-05-28T16:01:45,RAW,"Last ACK      : ACK,PING,57,1779955304.2871418,RSSI=-67"
2026-05-28T16:01:45,RAW,Last UDP RSSI : -67 dBm
2026-05-28T16:01:45,RAW,====================================
2026-05-28T16:01:46,RAW,========== CURRENT SUMMARY ==========
2026-05-28T16:01:46,RAW,WiFi Status   : Connected
2026-05-28T16:01:46,RAW,ESP32 IP      : 172.20.10.14
2026-05-28T16:01:46,RAW,RSSI          : -69 dBm
2026-05-28T16:01:46,RAW,UDP Count     : 57
2026-05-28T16:01:46,RAW,CSI Count     : 0
2026-05-28T16:01:46,RAW,"Last UDP      : PING,57,1779955304.2871418"
2026-05-28T16:01:46,RAW,"Last ACK      : ACK,PING,57,1779955304.2871418,RSSI=-67"
2026-05-28T16:01:46,RAW,Last UDP RSSI : -67 dBm
2026-05-28T16:01:46,RAW,====================================
2026-05-28T16:01:47,RAW,========== CURRENT SUMMARY ==========
2026-05-28T16:01:47,RAW,WiFi Status   : Connected
2026-05-28T16:01:47,RAW,ESP32 IP      : 172.20.10.14
2026-05-28T16:01:47,RAW,RSSI          : -71 dBm
2026-05-28T16:01:47,RAW,UDP Count     : 57
2026-05-28T16:01:47,RAW,CSI Count     : 0
2026-05-28T16:01:47,RAW,"Last UDP      : PING,57,1779955304.2871418"
2026-05-28T16:01:47,RAW,"Last ACK      : ACK,PING,57,1779955304.2871418,RSSI=-67"
2026-05-28T16:01:47,RAW,Last UDP RSSI : -67 dBm
2026-05-28T16:01:47,RAW,====================================
2026-05-28T16:01:48,RAW,========== CURRENT SUMMARY ==========
2026-05-28T16:01:48,RAW,WiFi Status   : Connected
2026-05-28T16:01:48,RAW,ESP32 IP      : 172.20.10.14
2026-05-28T16:01:48,RAW,RSSI          : -71 dBm
2026-05-28T16:01:48,RAW,UDP Count     : 57
2026-05-28T16:01:48,RAW,CSI Count     : 0
2026-05-28T16:01:48,RAW,"Last UDP      : PING,57,1779955304.2871418"
2026-05-28T16:01:48,RAW,"Last ACK      : ACK,PING,57,1779955304.2871418,RSSI=-67"
2026-05-28T16:01:48,RAW,Last UDP RSSI : -67 dBm
2026-05-28T16:01:48,RAW,====================================
2026-05-28T16:01:48,RAW,========== UDP DEBUG ==========
2026-05-28T16:01:48,RAW,Packet Size : 25
2026-05-28T16:01:48,RAW,Remote IP   : 172.20.10.5
2026-05-28T16:01:48,RAW,Remote Port : 59584
2026-05-28T16:01:48,RAW,"Last UDP    : PING,58,1779955308.294464"
2026-05-28T16:01:48,RAW,"ACK Message : ACK,PING,58,1779955308.294464,RSSI=-73"
2026-05-28T16:01:48,RAW,beginPacket : 1
2026-05-28T16:01:48,RAW,endPacket   : 1
2026-05-28T16:01:48,RAW,===============================
2026-05-28T16:01:49,RAW,========== CURRENT SUMMARY ==========
2026-05-28T16:01:49,RAW,WiFi Status   : Connected
2026-05-28T16:01:49,RAW,ESP32 IP      : 172.20.10.14
2026-05-28T16:01:49,RAW,RSSI          : -74 dBm
2026-05-28T16:01:49,RAW,UDP Count     : 58
2026-05-28T16:01:49,RAW,CSI Count     : 0
2026-05-28T16:01:49,RAW,"Last UDP      : PING,58,1779955308.294464"
2026-05-28T16:01:49,RAW,"Last ACK      : ACK,PING,58,1779955308.294464,RSSI=-73"
2026-05-28T16:01:49,RAW,Last UDP RSSI : -73 dBm
2026-05-28T16:01:49,RAW,====================================
2026-05-28T16:01:49,RAW,========== UDP DEBUG ==========
2026-05-28T16:01:49,RAW,Packet Size : 25
2026-05-28T16:01:49,RAW,Remote IP   : 172.20.10.5
2026-05-28T16:01:49,RAW,Remote Port : 59584
2026-05-28T16:01:49,RAW,"Last UDP    : PING,59,1779955309.405432"
2026-05-28T16:01:49,RAW,"ACK Message : ACK,PING,59,1779955309.405432,RSSI=-72"
2026-05-28T16:01:49,RAW,beginPacket : 1
2026-05-28T16:01:49,RAW,endPacket   : 1
2026-05-28T16:01:49,RAW,===============================
2026-05-28T16:01:50,RAW,========== CURRENT SUMMARY ==========
2026-05-28T16:01:50,RAW,WiFi Status   : Connected
2026-05-28T16:01:50,RAW,ESP32 IP      : 172.20.10.14
2026-05-28T16:01:50,RAW,RSSI          : -72 dBm
2026-05-28T16:01:50,RAW,UDP Count     : 59
2026-05-28T16:01:50,RAW,CSI Count     : 0
2026-05-28T16:01:50,RAW,"Last UDP      : PING,59,1779955309.405432"
2026-05-28T16:01:50,RAW,"Last ACK      : ACK,PING,59,1779955309.405432,RSSI=-72"
2026-05-28T16:01:50,RAW,Last UDP RSSI : -72 dBm
2026-05-28T16:01:50,RAW,====================================
2026-05-28T16:01:50,RAW,========== UDP DEBUG ==========
2026-05-28T16:01:50,RAW,Packet Size : 25
2026-05-28T16:01:50,RAW,Remote IP   : 172.20.10.5
2026-05-28T16:01:50,RAW,Remote Port : 59584
2026-05-28T16:01:50,RAW,"Last UDP    : PING,60,1779955310.535143"
2026-05-28T16:01:50,RAW,"ACK Message : ACK,PING,60,1779955310.535143,RSSI=-74"
2026-05-28T16:01:50,RAW,beginPacket : 1
2026-05-28T16:01:50,RAW,endPacket   : 1
2026-05-28T16:01:50,RAW,===============================
2026-05-28T16:01:51,RAW,========== CURRENT SUMMARY ==========
2026-05-28T16:01:51,RAW,WiFi Status   : Connected
2026-05-28T16:01:51,RAW,ESP32 IP      : 172.20.10.14
2026-05-28T16:01:51,RAW,RSSI          : -74 dBm
2026-05-28T16:01:51,RAW,UDP Count     : 60
2026-05-28T16:01:51,RAW,CSI Count     : 0
2026-05-28T16:01:51,RAW,"Last UDP      : PING,60,1779955310.535143"
2026-05-28T16:01:51,RAW,"Last ACK      : ACK,PING,60,1779955310.535143,RSSI=-74"
2026-05-28T16:01:51,RAW,Last UDP RSSI : -74 dBm
2026-05-28T16:01:51,RAW,====================================
2026-05-28T16:01:51,RAW,========== UDP DEBUG ==========
2026-05-28T16:01:51,RAW,Packet Size : 25
2026-05-28T16:01:51,RAW,Remote IP   : 172.20.10.5
2026-05-28T16:01:51,RAW,Remote Port : 59584
2026-05-28T16:01:51,RAW,"Last UDP    : PING,61,1779955311.892904"
2026-05-28T16:01:51,RAW,"ACK Message : ACK,PING,61,1779955311.892904,RSSI=-74"
2026-05-28T16:01:51,RAW,beginPacket : 1
2026-05-28T16:01:51,RAW,endPacket   : 1
2026-05-28T16:01:51,RAW,===============================
2026-05-28T16:01:52,RAW,========== CURRENT SUMMARY ==========
2026-05-28T16:01:52,RAW,WiFi Status   : Connected
2026-05-28T16:01:52,RAW,ESP32 IP      : 172.20.10.14
2026-05-28T16:01:52,RAW,RSSI          : -74 dBm
2026-05-28T16:01:52,RAW,UDP Count     : 61
2026-05-28T16:01:52,RAW,CSI Count     : 0
2026-05-28T16:01:52,RAW,"Last UDP      : PING,61,1779955311.892904"
2026-05-28T16:01:52,RAW,"Last ACK      : ACK,PING,61,1779955311.892904,RSSI=-74"
2026-05-28T16:01:52,RAW,Last UDP RSSI : -74 dBm
2026-05-28T16:01:52,RAW,====================================
2026-05-28T16:01:53,RAW,========== UDP DEBUG ==========
2026-05-28T16:01:53,RAW,Packet Size : 26
2026-05-28T16:01:53,RAW,Remote IP   : 172.20.10.5
2026-05-28T16:01:53,RAW,Remote Port : 59584
2026-05-28T16:01:53,RAW,"Last UDP    : PING,62,1779955312.9911392"
2026-05-28T16:01:53,RAW,"ACK Message : ACK,PING,62,1779955312.9911392,RSSI=-73"
2026-05-28T16:01:53,RAW,beginPacket : 1
2026-05-28T16:01:53,RAW,endPacket   : 1
2026-05-28T16:01:53,RAW,===============================
2026-05-28T16:01:53,RAW,========== CURRENT SUMMARY ==========
2026-05-28T16:01:53,RAW,WiFi Status   : Connected
2026-05-28T16:01:53,RAW,ESP32 IP      : 172.20.10.14
2026-05-28T16:01:53,RAW,RSSI          : -73 dBm
2026-05-28T16:01:53,RAW,UDP Count     : 62
2026-05-28T16:01:53,RAW,CSI Count     : 0
2026-05-28T16:01:53,RAW,"Last UDP      : PING,62,1779955312.9911392"
2026-05-28T16:01:53,RAW,"Last ACK      : ACK,PING,62,1779955312.9911392,RSSI=-73"
2026-05-28T16:01:53,RAW,Last UDP RSSI : -73 dBm
2026-05-28T16:01:53,RAW,====================================
2026-05-28T16:01:54,RAW,========== CURRENT SUMMARY ==========
2026-05-28T16:01:54,RAW,WiFi Status   : Connected
2026-05-28T16:01:54,RAW,ESP32 IP      : 172.20.10.14
2026-05-28T16:01:54,RAW,RSSI          : -73 dBm
2026-05-28T16:01:54,RAW,UDP Count     : 62
2026-05-28T16:01:54,RAW,CSI Count     : 0
2026-05-28T16:01:54,RAW,"Last UDP      : PING,62,1779955312.9911392"
2026-05-28T16:01:54,RAW,"Last ACK      : ACK,PING,62,1779955312.9911392,RSSI=-73"
2026-05-28T16:01:54,RAW,Last UDP RSSI : -73 dBm
2026-05-28T16:01:54,RAW,====================================
2026-05-28T16:01:54,RAW,========== UDP DEBUG ==========
2026-05-28T16:01:54,RAW,Packet Size : 25
2026-05-28T16:01:54,RAW,Remote IP   : 172.20.10.5
2026-05-28T16:01:54,RAW,Remote Port : 59584
2026-05-28T16:01:54,RAW,"Last UDP    : PING,63,1779955314.119029"
2026-05-28T16:01:54,RAW,"ACK Message : ACK,PING,63,1779955314.119029,RSSI=-71"
2026-05-28T16:01:54,RAW,beginPacket : 1
2026-05-28T16:01:54,RAW,endPacket   : 1
2026-05-28T16:01:54,RAW,===============================
2026-05-28T16:01:55,RAW,========== CURRENT SUMMARY ==========
2026-05-28T16:01:55,RAW,WiFi Status   : Connected
2026-05-28T16:01:55,RAW,ESP32 IP      : 172.20.10.14
2026-05-28T16:01:55,RAW,RSSI          : -71 dBm
2026-05-28T16:01:55,RAW,UDP Count     : 63
2026-05-28T16:01:55,RAW,CSI Count     : 0
2026-05-28T16:01:55,RAW,"Last UDP      : PING,63,1779955314.119029"
2026-05-28T16:01:55,RAW,"Last ACK      : ACK,PING,63,1779955314.119029,RSSI=-71"
2026-05-28T16:01:55,RAW,Last UDP RSSI : -71 dBm
2026-05-28T16:01:55,RAW,====================================
2026-05-28T16:01:55,RAW,========== UDP DEBUG ==========
2026-05-28T16:01:55,RAW,Packet Size : 25
2026-05-28T16:01:55,RAW,Remote IP   : 172.20.10.5
2026-05-28T16:01:55,RAW,Remote Port : 59584
2026-05-28T16:01:55,RAW,"Last UDP    : PING,64,1779955315.257067"
2026-05-28T16:01:55,RAW,"ACK Message : ACK,PING,64,1779955315.257067,RSSI=-64"
2026-05-28T16:01:55,RAW,beginPacket : 1
2026-05-28T16:01:55,RAW,endPacket   : 1
2026-05-28T16:01:55,RAW,===============================
2026-05-28T16:01:56,RAW,========== CURRENT SUMMARY ==========
2026-05-28T16:01:56,RAW,WiFi Status   : Connected
2026-05-28T16:01:56,RAW,ESP32 IP      : 172.20.10.14
2026-05-28T16:01:56,RAW,RSSI          : -64 dBm
2026-05-28T16:01:56,RAW,UDP Count     : 64
2026-05-28T16:01:56,RAW,CSI Count     : 0
2026-05-28T16:01:56,RAW,"Last UDP      : PING,64,1779955315.257067"
2026-05-28T16:01:56,RAW,"Last ACK      : ACK,PING,64,1779955315.257067,RSSI=-64"
2026-05-28T16:01:56,RAW,Last UDP RSSI : -64 dBm
2026-05-28T16:01:56,RAW,====================================
2026-05-28T16:01:56,RAW,========== UDP DEBUG ==========
2026-05-28T16:01:56,RAW,Packet Size : 25
2026-05-28T16:01:56,RAW,Remote IP   : 172.20.10.5
2026-05-28T16:01:56,RAW,Remote Port : 59584
2026-05-28T16:01:56,RAW,"Last UDP    : PING,65,1779955316.569675"
2026-05-28T16:01:56,RAW,"ACK Message : ACK,PING,65,1779955316.569675,RSSI=-71"
2026-05-28T16:01:56,RAW,beginPacket : 1
2026-05-28T16:01:56,RAW,endPacket   : 1
2026-05-28T16:01:56,RAW,===============================
2026-05-28T16:01:57,RAW,========== CURRENT SUMMARY ==========
2026-05-28T16:01:57,RAW,WiFi Status   : Connected
2026-05-28T16:01:57,RAW,ESP32 IP      : 172.20.10.14
2026-05-28T16:01:57,RAW,RSSI          : -71 dBm
2026-05-28T16:01:57,RAW,UDP Count     : 65
2026-05-28T16:01:57,RAW,CSI Count     : 0
2026-05-28T16:01:57,RAW,"Last UDP      : PING,65,1779955316.569675"
2026-05-28T16:01:57,RAW,"Last ACK      : ACK,PING,65,1779955316.569675,RSSI=-71"
2026-05-28T16:01:57,RAW,Last UDP RSSI : -71 dBm
2026-05-28T16:01:57,RAW,====================================
2026-05-28T16:01:57,RAW,========== UDP DEBUG ==========
2026-05-28T16:01:57,RAW,Packet Size : 25
2026-05-28T16:01:57,RAW,Remote IP   : 172.20.10.5
2026-05-28T16:01:57,RAW,Remote Port : 59584
2026-05-28T16:01:57,RAW,"Last UDP    : PING,66,1779955317.705499"
2026-05-28T16:01:57,RAW,"ACK Message : ACK,PING,66,1779955317.705499,RSSI=-73"
2026-05-28T16:01:57,RAW,beginPacket : 1
2026-05-28T16:01:57,RAW,endPacket   : 1
2026-05-28T16:01:57,RAW,===============================
2026-05-28T16:01:58,RAW,========== CURRENT SUMMARY ==========
2026-05-28T16:01:58,RAW,WiFi Status   : Connected
2026-05-28T16:01:58,RAW,ESP32 IP      : 172.20.10.14
2026-05-28T16:01:58,RAW,RSSI          : -73 dBm
2026-05-28T16:01:58,RAW,UDP Count     : 66
2026-05-28T16:01:58,RAW,CSI Count     : 0
2026-05-28T16:01:58,RAW,"Last UDP      : PING,66,1779955317.705499"
2026-05-28T16:01:58,RAW,"Last ACK      : ACK,PING,66,1779955317.705499,RSSI=-73"
2026-05-28T16:01:58,RAW,Last UDP RSSI : -73 dBm
2026-05-28T16:01:58,RAW,====================================
2026-05-28T16:01:58,RAW,========== UDP DEBUG ==========
2026-05-28T16:01:58,RAW,Packet Size : 25
2026-05-28T16:01:58,RAW,Remote IP   : 172.20.10.5
2026-05-28T16:01:58,RAW,Remote Port : 59584
2026-05-28T16:01:58,RAW,"Last UDP    : PING,67,1779955318.827832"
2026-05-28T16:01:58,RAW,"ACK Message : ACK,PING,67,1779955318.827832,RSSI=-73"
2026-05-28T16:01:58,RAW,beginPacket : 1
2026-05-28T16:01:58,RAW,endPacket   : 1
2026-05-28T16:01:58,RAW,===============================
2026-05-28T16:01:59,RAW,========== CURRENT SUMMARY ==========
2026-05-28T16:01:59,RAW,WiFi Status   : Connected
2026-05-28T16:01:59,RAW,ESP32 IP      : 172.20.10.14
2026-05-28T16:01:59,RAW,RSSI          : -73 dBm
2026-05-28T16:01:59,RAW,UDP Count     : 67
2026-05-28T16:01:59,RAW,CSI Count     : 0
2026-05-28T16:01:59,RAW,"Last UDP      : PING,67,1779955318.827832"
2026-05-28T16:01:59,RAW,"Last ACK      : ACK,PING,67,1779955318.827832,RSSI=-73"
2026-05-28T16:01:59,RAW,Last UDP RSSI : -73 dBm
2026-05-28T16:01:59,RAW,====================================
2026-05-28T16:01:59,RAW,========== UDP DEBUG ==========
2026-05-28T16:01:59,RAW,Packet Size : 25
2026-05-28T16:01:59,RAW,Remote IP   : 172.20.10.5
2026-05-28T16:01:59,RAW,Remote Port : 59584
2026-05-28T16:01:59,RAW,"Last UDP    : PING,68,1779955319.849687"
2026-05-28T16:01:59,RAW,"ACK Message : ACK,PING,68,1779955319.849687,RSSI=-70"
2026-05-28T16:01:59,RAW,beginPacket : 1
2026-05-28T16:01:59,RAW,endPacket   : 1
2026-05-28T16:01:59,RAW,===============================
2026-05-28T16:02:00,RAW,========== CURRENT SUMMARY ==========
2026-05-28T16:02:00,RAW,WiFi Status   : Connected
2026-05-28T16:02:00,RAW,ESP32 IP      : 172.20.10.14
2026-05-28T16:02:00,RAW,RSSI          : -70 dBm
2026-05-28T16:02:00,RAW,UDP Count     : 68
2026-05-28T16:02:00,RAW,CSI Count     : 0
2026-05-28T16:02:00,RAW,"Last UDP      : PING,68,1779955319.849687"
2026-05-28T16:02:00,RAW,"Last ACK      : ACK,PING,68,1779955319.849687,RSSI=-70"
2026-05-28T16:02:00,RAW,Last UDP RSSI : -70 dBm
2026-05-28T16:02:00,RAW,====================================
2026-05-28T16:02:01,RAW,========== CURRENT SUMMARY ==========
2026-05-28T16:02:01,RAW,WiFi Status   : Connected
2026-05-28T16:02:01,RAW,ESP32 IP      : 172.20.10.14
2026-05-28T16:02:01,RAW,RSSI          : -69 dBm
2026-05-28T16:02:01,RAW,UDP Count     : 68
2026-05-28T16:02:01,RAW,CSI Count     : 0
2026-05-28T16:02:01,RAW,"Last UDP      : PING,68,1779955319.849687"
2026-05-28T16:02:01,RAW,"Last ACK      : ACK,PING,68,1779955319.849687,RSSI=-70"
2026-05-28T16:02:01,RAW,Last UDP RSSI : -70 dBm
2026-05-28T16:02:01,RAW,====================================
2026-05-28T16:02:01,RAW,========== UDP DEBUG ==========
2026-05-28T16:02:01,RAW,Packet Size : 26
2026-05-28T16:02:01,RAW,Remote IP   : 172.20.10.5
2026-05-28T16:02:01,RAW,Remote Port : 59584
2026-05-28T16:02:01,RAW,"Last UDP    : PING,69,1779955320.9769962"
2026-05-28T16:02:01,RAW,"ACK Message : ACK,PING,69,1779955320.9769962,RSSI=-70"
2026-05-28T16:02:01,RAW,beginPacket : 1
2026-05-28T16:02:01,RAW,endPacket   : 1
2026-05-28T16:02:01,RAW,===============================
2026-05-28T16:02:02,RAW,========== CURRENT SUMMARY ==========
2026-05-28T16:02:02,RAW,WiFi Status   : Connected
2026-05-28T16:02:02,RAW,ESP32 IP      : 172.20.10.14
2026-05-28T16:02:02,RAW,RSSI          : -70 dBm
2026-05-28T16:02:02,RAW,UDP Count     : 69
2026-05-28T16:02:02,RAW,CSI Count     : 0
2026-05-28T16:02:02,RAW,"Last UDP      : PING,69,1779955320.9769962"
2026-05-28T16:02:02,RAW,"Last ACK      : ACK,PING,69,1779955320.9769962,RSSI=-70"
2026-05-28T16:02:02,RAW,Last UDP RSSI : -70 dBm
2026-05-28T16:02:02,RAW,====================================
2026-05-28T16:02:02,RAW,========== UDP DEBUG ==========
2026-05-28T16:02:02,RAW,Packet Size : 22
2026-05-28T16:02:02,RAW,Remote IP   : 172.20.10.5
2026-05-28T16:02:02,RAW,Remote Port : 59584
2026-05-28T16:02:02,RAW,"Last UDP    : PING,70,1779955322.309"
2026-05-28T16:02:02,RAW,"ACK Message : ACK,PING,70,1779955322.309,RSSI=-69"
2026-05-28T16:02:02,RAW,beginPacket : 1
2026-05-28T16:02:02,RAW,endPacket   : 1
2026-05-28T16:02:02,RAW,===============================
2026-05-28T16:02:03,RAW,========== CURRENT SUMMARY ==========
2026-05-28T16:02:03,RAW,WiFi Status   : Connected
2026-05-28T16:02:03,RAW,ESP32 IP      : 172.20.10.14
2026-05-28T16:02:03,RAW,RSSI          : -69 dBm
2026-05-28T16:02:03,RAW,UDP Count     : 70
2026-05-28T16:02:03,RAW,CSI Count     : 0
2026-05-28T16:02:03,RAW,"Last UDP      : PING,70,1779955322.309"
2026-05-28T16:02:03,RAW,"Last ACK      : ACK,PING,70,1779955322.309,RSSI=-69"
2026-05-28T16:02:03,RAW,Last UDP RSSI : -69 dBm
2026-05-28T16:02:03,RAW,====================================
2026-05-28T16:02:03,RAW,========== UDP DEBUG ==========
2026-05-28T16:02:03,RAW,Packet Size : 26
2026-05-28T16:02:03,RAW,Remote IP   : 172.20.10.5
2026-05-28T16:02:03,RAW,Remote Port : 59584
2026-05-28T16:02:03,RAW,"Last UDP    : PING,71,1779955323.4337332"
2026-05-28T16:02:03,RAW,"ACK Message : ACK,PING,71,1779955323.4337332,RSSI=-77"
2026-05-28T16:02:03,RAW,beginPacket : 1
2026-05-28T16:02:03,RAW,endPacket   : 1
2026-05-28T16:02:03,RAW,===============================
2026-05-28T16:02:04,RAW,========== CURRENT SUMMARY ==========
2026-05-28T16:02:04,RAW,WiFi Status   : Connected
2026-05-28T16:02:04,RAW,ESP32 IP      : 172.20.10.14
2026-05-28T16:02:04,RAW,RSSI          : -77 dBm
2026-05-28T16:02:04,RAW,UDP Count     : 71
2026-05-28T16:02:04,RAW,CSI Count     : 0
2026-05-28T16:02:04,RAW,"Last UDP      : PING,71,1779955323.4337332"
2026-05-28T16:02:04,RAW,"Last ACK      : ACK,PING,71,1779955323.4337332,RSSI=-77"
2026-05-28T16:02:04,RAW,Last UDP RSSI : -77 dBm
2026-05-28T16:02:04,RAW,====================================
2026-05-28T16:02:04,RAW,========== UDP DEBUG ==========
2026-05-28T16:02:04,RAW,Packet Size : 26
2026-05-28T16:02:04,RAW,Remote IP   : 172.20.10.5
2026-05-28T16:02:04,RAW,Remote Port : 59584
2026-05-28T16:02:04,RAW,"Last UDP    : PING,72,1779955324.5606248"
2026-05-28T16:02:04,RAW,"ACK Message : ACK,PING,72,1779955324.5606248,RSSI=-78"
2026-05-28T16:02:04,RAW,beginPacket : 1
2026-05-28T16:02:04,RAW,endPacket   : 1
2026-05-28T16:02:04,RAW,===============================
2026-05-28T16:02:05,RAW,========== CURRENT SUMMARY ==========
2026-05-28T16:02:05,RAW,WiFi Status   : Connected
2026-05-28T16:02:05,RAW,ESP32 IP      : 172.20.10.14
2026-05-28T16:02:05,RAW,RSSI          : -78 dBm
2026-05-28T16:02:05,RAW,UDP Count     : 72
2026-05-28T16:02:05,RAW,CSI Count     : 0
2026-05-28T16:02:05,RAW,"Last UDP      : PING,72,1779955324.5606248"
2026-05-28T16:02:05,RAW,"Last ACK      : ACK,PING,72,1779955324.5606248,RSSI=-78"
2026-05-28T16:02:05,RAW,Last UDP RSSI : -78 dBm
2026-05-28T16:02:05,RAW,====================================
2026-05-28T16:02:05,RAW,========== UDP DEBUG ==========
2026-05-28T16:02:05,RAW,Packet Size : 25
2026-05-28T16:02:05,RAW,Remote IP   : 172.20.10.5
2026-05-28T16:02:05,RAW,Remote Port : 59584
2026-05-28T16:02:05,RAW,"Last UDP    : PING,73,1779955325.585758"
2026-05-28T16:02:05,RAW,"ACK Message : ACK,PING,73,1779955325.585758,RSSI=-78"
2026-05-28T16:02:05,RAW,beginPacket : 1
2026-05-28T16:02:05,RAW,endPacket   : 1
2026-05-28T16:02:05,RAW,===============================
2026-05-28T16:02:06,RAW,========== CURRENT SUMMARY ==========
2026-05-28T16:02:06,RAW,WiFi Status   : Connected
2026-05-28T16:02:06,RAW,ESP32 IP      : 172.20.10.14
2026-05-28T16:02:06,RAW,RSSI          : -78 dBm
2026-05-28T16:02:06,RAW,UDP Count     : 73
2026-05-28T16:02:06,RAW,CSI Count     : 0
2026-05-28T16:02:06,RAW,"Last UDP      : PING,73,1779955325.585758"
2026-05-28T16:02:06,RAW,"Last ACK      : ACK,PING,73,1779955325.585758,RSSI=-78"
2026-05-28T16:02:06,RAW,Last UDP RSSI : -78 dBm
2026-05-28T16:02:06,RAW,====================================
2026-05-28T16:02:06,RAW,========== UDP DEBUG ==========
2026-05-28T16:02:06,RAW,Packet Size : 25
2026-05-28T16:02:06,RAW,Remote IP   : 172.20.10.5
2026-05-28T16:02:06,RAW,Remote Port : 59584
2026-05-28T16:02:06,RAW,"Last UDP    : PING,74,1779955326.708956"
2026-05-28T16:02:06,RAW,"ACK Message : ACK,PING,74,1779955326.708956,RSSI=-74"
2026-05-28T16:02:06,RAW,beginPacket : 1
2026-05-28T16:02:06,RAW,endPacket   : 1
2026-05-28T16:02:06,RAW,===============================
2026-05-28T16:02:07,RAW,========== CURRENT SUMMARY ==========
2026-05-28T16:02:07,RAW,WiFi Status   : Connected
2026-05-28T16:02:07,RAW,ESP32 IP      : 172.20.10.14
2026-05-28T16:02:07,RAW,RSSI          : -74 dBm
2026-05-28T16:02:07,RAW,UDP Count     : 74
2026-05-28T16:02:07,RAW,CSI Count     : 0
2026-05-28T16:02:07,RAW,"Last UDP      : PING,74,1779955326.708956"
2026-05-28T16:02:07,RAW,"Last ACK      : ACK,PING,74,1779955326.708956,RSSI=-74"
2026-05-28T16:02:07,RAW,Last UDP RSSI : -74 dBm
2026-05-28T16:02:07,RAW,====================================
2026-05-28T16:02:08,RAW,========== UDP DEBUG ==========
2026-05-28T16:02:08,RAW,Packet Size : 25
2026-05-28T16:02:08,RAW,Remote IP   : 172.20.10.5
2026-05-28T16:02:08,RAW,Remote Port : 59584
2026-05-28T16:02:08,RAW,"Last UDP    : PING,75,1779955327.836958"
2026-05-28T16:02:08,RAW,"ACK Message : ACK,PING,75,1779955327.836958,RSSI=-75"
2026-05-28T16:02:08,RAW,beginPacket : 1
2026-05-28T16:02:08,RAW,endPacket   : 1
2026-05-28T16:02:08,RAW,===============================
2026-05-28T16:02:08,RAW,========== CURRENT SUMMARY ==========
2026-05-28T16:02:08,RAW,WiFi Status   : Connected
2026-05-28T16:02:08,RAW,ESP32 IP      : 172.20.10.14
2026-05-28T16:02:08,RAW,RSSI          : -75 dBm
2026-05-28T16:02:08,RAW,UDP Count     : 75
2026-05-28T16:02:08,RAW,CSI Count     : 0
2026-05-28T16:02:08,RAW,"Last UDP      : PING,75,1779955327.836958"
2026-05-28T16:02:08,RAW,"Last ACK      : ACK,PING,75,1779955327.836958,RSSI=-75"
2026-05-28T16:02:08,RAW,Last UDP RSSI : -75 dBm
2026-05-28T16:02:08,RAW,====================================
2026-05-28T16:02:09,RAW,========== CURRENT SUMMARY ==========
2026-05-28T16:02:09,RAW,WiFi Status   : Connected
2026-05-28T16:02:09,RAW,ESP32 IP      : 172.20.10.14
2026-05-28T16:02:09,RAW,RSSI          : -75 dBm
2026-05-28T16:02:09,RAW,UDP Count     : 75
2026-05-28T16:02:09,RAW,CSI Count     : 0
2026-05-28T16:02:09,RAW,"Last UDP      : PING,75,1779955327.836958"
2026-05-28T16:02:09,RAW,"Last ACK      : ACK,PING,75,1779955327.836958,RSSI=-75"
2026-05-28T16:02:09,RAW,Last UDP RSSI : -75 dBm
2026-05-28T16:02:09,RAW,====================================
2026-05-28T16:02:10,RAW,========== CURRENT SUMMARY ==========
2026-05-28T16:02:10,RAW,WiFi Status   : Connected
2026-05-28T16:02:10,RAW,ESP32 IP      : 172.20.10.14
2026-05-28T16:02:10,RAW,RSSI          : -76 dBm
2026-05-28T16:02:10,RAW,UDP Count     : 75
2026-05-28T16:02:10,RAW,CSI Count     : 0
2026-05-28T16:02:10,RAW,"Last UDP      : PING,75,1779955327.836958"
2026-05-28T16:02:10,RAW,"Last ACK      : ACK,PING,75,1779955327.836958,RSSI=-75"
2026-05-28T16:02:10,RAW,Last UDP RSSI : -75 dBm
2026-05-28T16:02:10,RAW,====================================
2026-05-28T16:02:11,RAW,========== CURRENT SUMMARY ==========
2026-05-28T16:02:11,RAW,WiFi Status   : Connected
2026-05-28T16:02:11,RAW,ESP32 IP      : 172.20.10.14
2026-05-28T16:02:11,RAW,RSSI          : -74 dBm
2026-05-28T16:02:11,RAW,UDP Count     : 75
2026-05-28T16:02:11,RAW,CSI Count     : 0
2026-05-28T16:02:11,RAW,"Last UDP      : PING,75,1779955327.836958"
2026-05-28T16:02:11,RAW,"Last ACK      : ACK,PING,75,1779955327.836958,RSSI=-75"
2026-05-28T16:02:11,RAW,Last UDP RSSI : -75 dBm
2026-05-28T16:02:11,RAW,====================================
2026-05-28T16:02:11,RAW,========== UDP DEBUG ==========
2026-05-28T16:02:11,RAW,Packet Size : 25
2026-05-28T16:02:11,RAW,Remote IP   : 172.20.10.5
2026-05-28T16:02:11,RAW,Remote Port : 59584
2026-05-28T16:02:11,RAW,"Last UDP    : PING,76,1779955331.842216"
2026-05-28T16:02:11,RAW,"ACK Message : ACK,PING,76,1779955331.842216,RSSI=-73"
2026-05-28T16:02:11,RAW,beginPacket : 1
2026-05-28T16:02:11,RAW,endPacket   : 1
2026-05-28T16:02:11,RAW,===============================
2026-05-28T16:02:12,RAW,========== CURRENT SUMMARY ==========
2026-05-28T16:02:12,RAW,WiFi Status   : Connected
2026-05-28T16:02:12,RAW,ESP32 IP      : 172.20.10.14
2026-05-28T16:02:12,RAW,RSSI          : -73 dBm
2026-05-28T16:02:12,RAW,UDP Count     : 76
2026-05-28T16:02:12,RAW,CSI Count     : 0
2026-05-28T16:02:12,RAW,"Last UDP      : PING,76,1779955331.842216"
2026-05-28T16:02:12,RAW,"Last ACK      : ACK,PING,76,1779955331.842216,RSSI=-73"
2026-05-28T16:02:12,RAW,Last UDP RSSI : -73 dBm
2026-05-28T16:02:12,RAW,====================================
2026-05-28T16:02:13,RAW,========== UDP DEBUG ==========
2026-05-28T16:02:13,RAW,Packet Size : 25
2026-05-28T16:02:13,RAW,Remote IP   : 172.20.10.5
2026-05-28T16:02:13,RAW,Remote Port : 59584
2026-05-28T16:02:13,RAW,"Last UDP    : PING,77,1779955332.960031"
2026-05-28T16:02:13,RAW,"ACK Message : ACK,PING,77,1779955332.960031,RSSI=-74"
2026-05-28T16:02:13,RAW,beginPacket : 1
2026-05-28T16:02:13,RAW,endPacket   : 1
2026-05-28T16:02:13,RAW,===============================
2026-05-28T16:02:13,RAW,========== CURRENT SUMMARY ==========
2026-05-28T16:02:13,RAW,WiFi Status   : Connected
2026-05-28T16:02:13,RAW,ESP32 IP      : 172.20.10.14
2026-05-28T16:02:13,RAW,RSSI          : -74 dBm
2026-05-28T16:02:13,RAW,UDP Count     : 77
2026-05-28T16:02:13,RAW,CSI Count     : 0
2026-05-28T16:02:13,RAW,"Last UDP      : PING,77,1779955332.960031"
2026-05-28T16:02:13,RAW,"Last ACK      : ACK,PING,77,1779955332.960031,RSSI=-74"
2026-05-28T16:02:13,RAW,Last UDP RSSI : -74 dBm
2026-05-28T16:02:13,RAW,====================================
2026-05-28T16:02:14,RAW,========== CURRENT SUMMARY ==========
2026-05-28T16:02:14,RAW,WiFi Status   : Connected
2026-05-28T16:02:14,RAW,ESP32 IP      : 172.20.10.14
2026-05-28T16:02:14,RAW,RSSI          : -74 dBm
2026-05-28T16:02:14,RAW,UDP Count     : 77
2026-05-28T16:02:14,RAW,CSI Count     : 0
2026-05-28T16:02:14,RAW,"Last UDP      : PING,77,1779955332.960031"
2026-05-28T16:02:14,RAW,"Last ACK      : ACK,PING,77,1779955332.960031,RSSI=-74"
2026-05-28T16:02:14,RAW,Last UDP RSSI : -74 dBm
2026-05-28T16:02:14,RAW,====================================
2026-05-28T16:02:14,RAW,========== UDP DEBUG ==========
2026-05-28T16:02:14,RAW,Packet Size : 25
2026-05-28T16:02:14,RAW,Remote IP   : 172.20.10.5
2026-05-28T16:02:14,RAW,Remote Port : 59584
2026-05-28T16:02:14,RAW,"Last UDP    : PING,78,1779955334.085408"
2026-05-28T16:02:14,RAW,"ACK Message : ACK,PING,78,1779955334.085408,RSSI=-74"
2026-05-28T16:02:14,RAW,beginPacket : 1
2026-05-28T16:02:14,RAW,endPacket   : 1
2026-05-28T16:02:14,RAW,===============================
2026-05-28T16:02:15,RAW,========== CURRENT SUMMARY ==========
2026-05-28T16:02:15,RAW,WiFi Status   : Connected
2026-05-28T16:02:15,RAW,ESP32 IP      : 172.20.10.14
2026-05-28T16:02:15,RAW,RSSI          : -75 dBm
2026-05-28T16:02:15,RAW,UDP Count     : 78
2026-05-28T16:02:15,RAW,CSI Count     : 0
2026-05-28T16:02:15,RAW,"Last UDP      : PING,78,1779955334.085408"
2026-05-28T16:02:15,RAW,"Last ACK      : ACK,PING,78,1779955334.085408,RSSI=-74"
2026-05-28T16:02:15,RAW,Last UDP RSSI : -74 dBm
2026-05-28T16:02:15,RAW,====================================
2026-05-28T16:02:15,RAW,========== UDP DEBUG ==========
2026-05-28T16:02:15,RAW,Packet Size : 25
2026-05-28T16:02:15,RAW,Remote IP   : 172.20.10.5
2026-05-28T16:02:15,RAW,Remote Port : 59584
2026-05-28T16:02:15,RAW,"Last UDP    : PING,79,1779955335.516908"
2026-05-28T16:02:15,RAW,"ACK Message : ACK,PING,79,1779955335.516908,RSSI=-74"
2026-05-28T16:02:15,RAW,beginPacket : 1
2026-05-28T16:02:15,RAW,endPacket   : 1
2026-05-28T16:02:15,RAW,===============================
2026-05-28T16:02:16,RAW,========== CURRENT SUMMARY ==========
2026-05-28T16:02:16,RAW,WiFi Status   : Connected
2026-05-28T16:02:16,RAW,ESP32 IP      : 172.20.10.14
2026-05-28T16:02:16,RAW,RSSI          : -74 dBm
2026-05-28T16:02:16,RAW,UDP Count     : 79
2026-05-28T16:02:16,RAW,CSI Count     : 0
2026-05-28T16:02:16,RAW,"Last UDP      : PING,79,1779955335.516908"
2026-05-28T16:02:16,RAW,"Last ACK      : ACK,PING,79,1779955335.516908,RSSI=-74"
2026-05-28T16:02:16,RAW,Last UDP RSSI : -74 dBm
2026-05-28T16:02:16,RAW,====================================
2026-05-28T16:02:16,RAW,========== UDP DEBUG ==========
2026-05-28T16:02:16,RAW,Packet Size : 25
2026-05-28T16:02:16,RAW,Remote IP   : 172.20.10.5
2026-05-28T16:02:16,RAW,Remote Port : 59584
2026-05-28T16:02:16,RAW,"Last UDP    : PING,80,1779955336.644755"
2026-05-28T16:02:16,RAW,"ACK Message : ACK,PING,80,1779955336.644755,RSSI=-80"
2026-05-28T16:02:16,RAW,beginPacket : 1
2026-05-28T16:02:16,RAW,endPacket   : 1
2026-05-28T16:02:16,RAW,===============================
2026-05-28T16:02:17,RAW,========== CURRENT SUMMARY ==========
2026-05-28T16:02:17,RAW,WiFi Status   : Connected
2026-05-28T16:02:17,RAW,ESP32 IP      : 172.20.10.14
2026-05-28T16:02:17,RAW,RSSI          : -80 dBm
2026-05-28T16:02:17,RAW,UDP Count     : 80
2026-05-28T16:02:17,RAW,CSI Count     : 0
2026-05-28T16:02:17,RAW,"Last UDP      : PING,80,1779955336.644755"
2026-05-28T16:02:17,RAW,"Last ACK      : ACK,PING,80,1779955336.644755,RSSI=-80"
2026-05-28T16:02:17,RAW,Last UDP RSSI : -80 dBm
2026-05-28T16:02:17,RAW,====================================
2026-05-28T16:02:17,RAW,========== UDP DEBUG ==========
2026-05-28T16:02:17,RAW,Packet Size : 26
2026-05-28T16:02:17,RAW,Remote IP   : 172.20.10.5
2026-05-28T16:02:17,RAW,Remote Port : 59584
2026-05-28T16:02:17,RAW,"Last UDP    : PING,81,1779955337.7718039"
2026-05-28T16:02:18,RAW,"ACK Message : ACK,PING,81,1779955337.7718039,RSSI=-76"
2026-05-28T16:02:18,RAW,beginPacket : 1
2026-05-28T16:02:18,RAW,endPacket   : 1
2026-05-28T16:02:18,RAW,===============================
2026-05-28T16:02:18,RAW,========== CURRENT SUMMARY ==========
2026-05-28T16:02:18,RAW,WiFi Status   : Connected
2026-05-28T16:02:18,RAW,ESP32 IP      : 172.20.10.14
2026-05-28T16:02:18,RAW,RSSI          : -76 dBm
2026-05-28T16:02:18,RAW,UDP Count     : 81
2026-05-28T16:02:18,RAW,CSI Count     : 0
2026-05-28T16:02:18,RAW,"Last UDP      : PING,81,1779955337.7718039"
2026-05-28T16:02:18,RAW,"Last ACK      : ACK,PING,81,1779955337.7718039,RSSI=-76"
2026-05-28T16:02:18,RAW,Last UDP RSSI : -76 dBm
2026-05-28T16:02:18,RAW,====================================
2026-05-28T16:02:19,RAW,========== UDP DEBUG ==========
2026-05-28T16:02:19,RAW,Packet Size : 23
2026-05-28T16:02:19,RAW,Remote IP   : 172.20.10.5
2026-05-28T16:02:19,RAW,Remote Port : 59584
2026-05-28T16:02:19,RAW,"Last UDP    : PING,82,1779955339.0088"
2026-05-28T16:02:19,RAW,"ACK Message : ACK,PING,82,1779955339.0088,RSSI=-67"
2026-05-28T16:02:19,RAW,beginPacket : 1
2026-05-28T16:02:19,RAW,endPacket   : 1
2026-05-28T16:02:19,RAW,===============================
2026-05-28T16:02:19,RAW,========== CURRENT SUMMARY ==========
2026-05-28T16:02:19,RAW,WiFi Status   : Connected
2026-05-28T16:02:19,RAW,ESP32 IP      : 172.20.10.14
2026-05-28T16:02:19,RAW,RSSI          : -67 dBm
2026-05-28T16:02:19,RAW,UDP Count     : 82
2026-05-28T16:02:19,RAW,CSI Count     : 0
2026-05-28T16:02:19,RAW,"Last UDP      : PING,82,1779955339.0088"
2026-05-28T16:02:19,RAW,"Last ACK      : ACK,PING,82,1779955339.0088,RSSI=-67"
2026-05-28T16:02:19,RAW,Last UDP RSSI : -67 dBm
2026-05-28T16:02:19,RAW,====================================
2026-05-28T16:02:20,RAW,========== CURRENT SUMMARY ==========
2026-05-28T16:02:20,RAW,WiFi Status   : Connected
2026-05-28T16:02:20,RAW,ESP32 IP      : 172.20.10.14
2026-05-28T16:02:20,RAW,RSSI          : -70 dBm
2026-05-28T16:02:20,RAW,UDP Count     : 82
2026-05-28T16:02:20,RAW,CSI Count     : 0
2026-05-28T16:02:20,RAW,"Last UDP      : PING,82,1779955339.0088"
2026-05-28T16:02:20,RAW,"Last ACK      : ACK,PING,82,1779955339.0088,RSSI=-67"
2026-05-28T16:02:20,RAW,Last UDP RSSI : -67 dBm
2026-05-28T16:02:20,RAW,====================================
2026-05-28T16:02:21,RAW,========== CURRENT SUMMARY ==========
2026-05-28T16:02:21,RAW,WiFi Status   : Connected
2026-05-28T16:02:21,RAW,ESP32 IP      : 172.20.10.14
2026-05-28T16:02:21,RAW,RSSI          : -70 dBm
2026-05-28T16:02:21,RAW,UDP Count     : 82
2026-05-28T16:02:21,RAW,CSI Count     : 0
2026-05-28T16:02:21,RAW,"Last UDP      : PING,82,1779955339.0088"
2026-05-28T16:02:21,RAW,"Last ACK      : ACK,PING,82,1779955339.0088,RSSI=-67"
2026-05-28T16:02:21,RAW,Last UDP RSSI : -67 dBm
2026-05-28T16:02:21,RAW,====================================
2026-05-28T16:02:22,RAW,========== CURRENT SUMMARY ==========
2026-05-28T16:02:22,RAW,WiFi Status   : Connected
2026-05-28T16:02:22,RAW,ESP32 IP      : 172.20.10.14
2026-05-28T16:02:22,RAW,RSSI          : -74 dBm
2026-05-28T16:02:22,RAW,UDP Count     : 82
2026-05-28T16:02:22,RAW,CSI Count     : 0
2026-05-28T16:02:22,RAW,"Last UDP      : PING,82,1779955339.0088"
2026-05-28T16:02:22,RAW,"Last ACK      : ACK,PING,82,1779955339.0088,RSSI=-67"
2026-05-28T16:02:22,RAW,Last UDP RSSI : -67 dBm
2026-05-28T16:02:22,RAW,====================================
2026-05-28T16:02:23,RAW,========== UDP DEBUG ==========
2026-05-28T16:02:23,RAW,Packet Size : 24
2026-05-28T16:02:23,RAW,Remote IP   : 172.20.10.5
2026-05-28T16:02:23,RAW,Remote Port : 59584
2026-05-28T16:02:23,RAW,"Last UDP    : PING,83,1779955343.01586"
2026-05-28T16:02:23,RAW,"ACK Message : ACK,PING,83,1779955343.01586,RSSI=-67"
2026-05-28T16:02:23,RAW,beginPacket : 1
2026-05-28T16:02:23,RAW,endPacket   : 1
2026-05-28T16:02:23,RAW,===============================
2026-05-28T16:02:23,RAW,========== CURRENT SUMMARY ==========
2026-05-28T16:02:23,RAW,WiFi Status   : Connected
2026-05-28T16:02:23,RAW,ESP32 IP      : 172.20.10.14
2026-05-28T16:02:23,RAW,RSSI          : -67 dBm
2026-05-28T16:02:23,RAW,UDP Count     : 83
2026-05-28T16:02:23,RAW,CSI Count     : 0
2026-05-28T16:02:23,RAW,"Last UDP      : PING,83,1779955343.01586"
2026-05-28T16:02:23,RAW,"Last ACK      : ACK,PING,83,1779955343.01586,RSSI=-67"
2026-05-28T16:02:23,RAW,Last UDP RSSI : -67 dBm
2026-05-28T16:02:23,RAW,====================================
2026-05-28T16:02:24,RAW,========== CURRENT SUMMARY ==========
2026-05-28T16:02:24,RAW,WiFi Status   : Connected
2026-05-28T16:02:24,RAW,ESP32 IP      : 172.20.10.14
2026-05-28T16:02:24,RAW,RSSI          : -67 dBm
2026-05-28T16:02:24,RAW,UDP Count     : 83
2026-05-28T16:02:24,RAW,CSI Count     : 0
2026-05-28T16:02:24,RAW,"Last UDP      : PING,83,1779955343.01586"
2026-05-28T16:02:24,RAW,"Last ACK      : ACK,PING,83,1779955343.01586,RSSI=-67"
2026-05-28T16:02:24,RAW,Last UDP RSSI : -67 dBm
2026-05-28T16:02:24,RAW,====================================
2026-05-28T16:02:24,RAW,========== UDP DEBUG ==========
2026-05-28T16:02:24,RAW,Packet Size : 25
2026-05-28T16:02:24,RAW,Remote IP   : 172.20.10.5
2026-05-28T16:02:24,RAW,Remote Port : 59584
2026-05-28T16:02:24,RAW,"Last UDP    : PING,84,1779955344.143882"
2026-05-28T16:02:24,RAW,"ACK Message : ACK,PING,84,1779955344.143882,RSSI=-69"
2026-05-28T16:02:24,RAW,beginPacket : 1
2026-05-28T16:02:24,RAW,endPacket   : 1
2026-05-28T16:02:24,RAW,===============================
2026-05-28T16:02:25,RAW,========== CURRENT SUMMARY ==========
2026-05-28T16:02:25,RAW,WiFi Status   : Connected
2026-05-28T16:02:25,RAW,ESP32 IP      : 172.20.10.14
2026-05-28T16:02:25,RAW,RSSI          : -69 dBm
2026-05-28T16:02:25,RAW,UDP Count     : 84
2026-05-28T16:02:25,RAW,CSI Count     : 0
2026-05-28T16:02:25,RAW,"Last UDP      : PING,84,1779955344.143882"
2026-05-28T16:02:25,RAW,"Last ACK      : ACK,PING,84,1779955344.143882,RSSI=-69"
2026-05-28T16:02:25,RAW,Last UDP RSSI : -69 dBm
2026-05-28T16:02:25,RAW,====================================
2026-05-28T16:02:25,RAW,========== UDP DEBUG ==========
2026-05-28T16:02:25,RAW,Packet Size : 25
2026-05-28T16:02:25,RAW,Remote IP   : 172.20.10.5
2026-05-28T16:02:25,RAW,Remote Port : 59584
2026-05-28T16:02:25,RAW,"Last UDP    : PING,85,1779955345.246817"
2026-05-28T16:02:25,RAW,"ACK Message : ACK,PING,85,1779955345.246817,RSSI=-68"
2026-05-28T16:02:25,RAW,beginPacket : 1
2026-05-28T16:02:25,RAW,endPacket   : 1
2026-05-28T16:02:25,RAW,===============================
2026-05-28T16:02:26,RAW,========== CURRENT SUMMARY ==========
2026-05-28T16:02:26,RAW,WiFi Status   : Connected
2026-05-28T16:02:26,RAW,ESP32 IP      : 172.20.10.14
2026-05-28T16:02:26,RAW,RSSI          : -68 dBm
2026-05-28T16:02:26,RAW,UDP Count     : 85
2026-05-28T16:02:26,RAW,CSI Count     : 0
2026-05-28T16:02:26,RAW,"Last UDP      : PING,85,1779955345.246817"
2026-05-28T16:02:26,RAW,"Last ACK      : ACK,PING,85,1779955345.246817,RSSI=-68"
2026-05-28T16:02:26,RAW,Last UDP RSSI : -68 dBm
2026-05-28T16:02:26,RAW,====================================
2026-05-28T16:02:26,RAW,========== UDP DEBUG ==========
2026-05-28T16:02:26,RAW,Packet Size : 25
2026-05-28T16:02:26,RAW,Remote IP   : 172.20.10.5
2026-05-28T16:02:26,RAW,Remote Port : 59584
2026-05-28T16:02:26,RAW,"Last UDP    : PING,86,1779955346.270273"
2026-05-28T16:02:26,RAW,"ACK Message : ACK,PING,86,1779955346.270273,RSSI=-68"
2026-05-28T16:02:26,RAW,beginPacket : 1
2026-05-28T16:02:26,RAW,endPacket   : 1
2026-05-28T16:02:26,RAW,===============================
2026-05-28T16:02:27,RAW,========== CURRENT SUMMARY ==========
2026-05-28T16:02:27,RAW,WiFi Status   : Connected
2026-05-28T16:02:27,RAW,ESP32 IP      : 172.20.10.14
2026-05-28T16:02:27,RAW,RSSI          : -68 dBm
2026-05-28T16:02:27,RAW,UDP Count     : 86
2026-05-28T16:02:27,RAW,CSI Count     : 0
2026-05-28T16:02:27,RAW,"Last UDP      : PING,86,1779955346.270273"
2026-05-28T16:02:27,RAW,"Last ACK      : ACK,PING,86,1779955346.270273,RSSI=-68"
2026-05-28T16:02:27,RAW,Last UDP RSSI : -68 dBm
2026-05-28T16:02:27,RAW,====================================
2026-05-28T16:02:27,RAW,========== UDP DEBUG ==========
2026-05-28T16:02:27,RAW,Packet Size : 25
2026-05-28T16:02:27,RAW,Remote IP   : 172.20.10.5
2026-05-28T16:02:27,RAW,Remote Port : 59584
2026-05-28T16:02:27,RAW,"Last UDP    : PING,87,1779955347.397677"
2026-05-28T16:02:27,RAW,"ACK Message : ACK,PING,87,1779955347.397677,RSSI=-68"
2026-05-28T16:02:27,RAW,beginPacket : 1
2026-05-28T16:02:27,RAW,endPacket   : 1
2026-05-28T16:02:27,RAW,===============================
2026-05-28T16:02:28,RAW,========== CURRENT SUMMARY ==========
2026-05-28T16:02:28,RAW,WiFi Status   : Connected
2026-05-28T16:02:28,RAW,ESP32 IP      : 172.20.10.14
2026-05-28T16:02:28,RAW,RSSI          : -68 dBm
2026-05-28T16:02:28,RAW,UDP Count     : 87
2026-05-28T16:02:28,RAW,CSI Count     : 0
2026-05-28T16:02:28,RAW,"Last UDP      : PING,87,1779955347.397677"
2026-05-28T16:02:28,RAW,"Last ACK      : ACK,PING,87,1779955347.397677,RSSI=-68"
2026-05-28T16:02:28,RAW,Last UDP RSSI : -68 dBm
2026-05-28T16:02:28,RAW,====================================
2026-05-28T16:02:28,RAW,========== UDP DEBUG ==========
2026-05-28T16:02:28,RAW,Packet Size : 26
2026-05-28T16:02:28,RAW,Remote IP   : 172.20.10.5
2026-05-28T16:02:28,RAW,Remote Port : 59584
2026-05-28T16:02:28,RAW,"Last UDP    : PING,88,1779955348.4189801"
2026-05-28T16:02:28,RAW,"ACK Message : ACK,PING,88,1779955348.4189801,RSSI=-68"
2026-05-28T16:02:28,RAW,beginPacket : 1
2026-05-28T16:02:28,RAW,endPacket   : 1
2026-05-28T16:02:28,RAW,===============================
2026-05-28T16:02:29,RAW,========== CURRENT SUMMARY ==========
2026-05-28T16:02:29,RAW,WiFi Status   : Connected
2026-05-28T16:02:29,RAW,ESP32 IP      : 172.20.10.14
2026-05-28T16:02:29,RAW,RSSI          : -68 dBm
2026-05-28T16:02:29,RAW,UDP Count     : 88
2026-05-28T16:02:29,RAW,CSI Count     : 0
2026-05-28T16:02:29,RAW,"Last UDP      : PING,88,1779955348.4189801"
2026-05-28T16:02:29,RAW,"Last ACK      : ACK,PING,88,1779955348.4189801,RSSI=-68"
2026-05-28T16:02:29,RAW,Last UDP RSSI : -68 dBm
2026-05-28T16:02:29,RAW,====================================
2026-05-28T16:02:29,RAW,========== UDP DEBUG ==========
2026-05-28T16:02:29,RAW,Packet Size : 25
2026-05-28T16:02:29,RAW,Remote IP   : 172.20.10.5
2026-05-28T16:02:29,RAW,Remote Port : 59584
2026-05-28T16:02:29,RAW,"Last UDP    : PING,89,1779955349.546597"
2026-05-28T16:02:29,RAW,"ACK Message : ACK,PING,89,1779955349.546597,RSSI=-68"
2026-05-28T16:02:29,RAW,beginPacket : 1
2026-05-28T16:02:29,RAW,endPacket   : 1
2026-05-28T16:02:29,RAW,===============================
2026-05-28T16:02:30,RAW,========== CURRENT SUMMARY ==========
2026-05-28T16:02:30,RAW,WiFi Status   : Connected
2026-05-28T16:02:30,RAW,ESP32 IP      : 172.20.10.14
2026-05-28T16:02:30,RAW,RSSI          : -68 dBm
2026-05-28T16:02:30,RAW,UDP Count     : 89
2026-05-28T16:02:30,RAW,CSI Count     : 0
2026-05-28T16:02:30,RAW,"Last UDP      : PING,89,1779955349.546597"
2026-05-28T16:02:30,RAW,"Last ACK      : ACK,PING,89,1779955349.546597,RSSI=-68"
2026-05-28T16:02:30,RAW,Last UDP RSSI : -68 dBm
2026-05-28T16:02:30,RAW,====================================
2026-05-28T16:02:30,RAW,========== UDP DEBUG ==========
2026-05-28T16:02:30,RAW,Packet Size : 25
2026-05-28T16:02:30,RAW,Remote IP   : 172.20.10.5
2026-05-28T16:02:30,RAW,Remote Port : 59584
2026-05-28T16:02:30,RAW,"Last UDP    : PING,90,1779955350.691851"
2026-05-28T16:02:30,RAW,"ACK Message : ACK,PING,90,1779955350.691851,RSSI=-68"
2026-05-28T16:02:30,RAW,beginPacket : 1
2026-05-28T16:02:30,RAW,endPacket   : 1
2026-05-28T16:02:30,RAW,===============================
2026-05-28T16:02:31,RAW,========== CURRENT SUMMARY ==========
2026-05-28T16:02:31,RAW,WiFi Status   : Connected
2026-05-28T16:02:31,RAW,ESP32 IP      : 172.20.10.14
2026-05-28T16:02:31,RAW,RSSI          : -68 dBm
2026-05-28T16:02:31,RAW,UDP Count     : 90
2026-05-28T16:02:31,RAW,CSI Count     : 0
2026-05-28T16:02:31,RAW,"Last UDP      : PING,90,1779955350.691851"
2026-05-28T16:02:31,RAW,"Last ACK      : ACK,PING,90,1779955350.691851,RSSI=-68"
2026-05-28T16:02:31,RAW,Last UDP RSSI : -68 dBm
2026-05-28T16:02:31,RAW,====================================
2026-05-28T16:02:31,RAW,========== UDP DEBUG ==========
2026-05-28T16:02:31,RAW,Packet Size : 24
2026-05-28T16:02:31,RAW,Remote IP   : 172.20.10.5
2026-05-28T16:02:31,RAW,Remote Port : 59584
2026-05-28T16:02:31,RAW,"Last UDP    : PING,91,1779955351.80718"
2026-05-28T16:02:31,RAW,"ACK Message : ACK,PING,91,1779955351.80718,RSSI=-67"
2026-05-28T16:02:31,RAW,beginPacket : 1
2026-05-28T16:02:31,RAW,endPacket   : 1
2026-05-28T16:02:31,RAW,===============================
2026-05-28T16:02:32,RAW,========== CURRENT SUMMARY ==========
2026-05-28T16:02:32,RAW,WiFi Status   : Connected
2026-05-28T16:02:32,RAW,ESP32 IP      : 172.20.10.14
2026-05-28T16:02:32,RAW,RSSI          : -67 dBm
2026-05-28T16:02:32,RAW,UDP Count     : 91
2026-05-28T16:02:32,RAW,CSI Count     : 0
2026-05-28T16:02:32,RAW,"Last UDP      : PING,91,1779955351.80718"
2026-05-28T16:02:32,RAW,"Last ACK      : ACK,PING,91,1779955351.80718,RSSI=-67"
2026-05-28T16:02:32,RAW,Last UDP RSSI : -67 dBm
2026-05-28T16:02:32,RAW,====================================
2026-05-28T16:02:33,RAW,========== CURRENT SUMMARY ==========
2026-05-28T16:02:33,RAW,WiFi Status   : Connected
2026-05-28T16:02:33,RAW,ESP32 IP      : 172.20.10.14
2026-05-28T16:02:33,RAW,RSSI          : -71 dBm
2026-05-28T16:02:33,RAW,UDP Count     : 91
2026-05-28T16:02:33,RAW,CSI Count     : 0
2026-05-28T16:02:33,RAW,"Last UDP      : PING,91,1779955351.80718"
2026-05-28T16:02:33,RAW,"Last ACK      : ACK,PING,91,1779955351.80718,RSSI=-67"
2026-05-28T16:02:33,RAW,Last UDP RSSI : -67 dBm
2026-05-28T16:02:33,RAW,====================================
2026-05-28T16:02:34,RAW,========== CURRENT SUMMARY ==========
2026-05-28T16:02:34,RAW,WiFi Status   : Connected
2026-05-28T16:02:34,RAW,ESP32 IP      : 172.20.10.14
2026-05-28T16:02:34,RAW,RSSI          : -71 dBm
2026-05-28T16:02:34,RAW,UDP Count     : 91
2026-05-28T16:02:34,RAW,CSI Count     : 0
2026-05-28T16:02:34,RAW,"Last UDP      : PING,91,1779955351.80718"
2026-05-28T16:02:34,RAW,"Last ACK      : ACK,PING,91,1779955351.80718,RSSI=-67"
2026-05-28T16:02:34,RAW,Last UDP RSSI : -67 dBm
2026-05-28T16:02:34,RAW,====================================
2026-05-28T16:02:35,RAW,========== CURRENT SUMMARY ==========
2026-05-28T16:02:35,RAW,WiFi Status   : Connected
2026-05-28T16:02:35,RAW,ESP32 IP      : 172.20.10.14
2026-05-28T16:02:35,RAW,RSSI          : -71 dBm
2026-05-28T16:02:35,RAW,UDP Count     : 91
2026-05-28T16:02:35,RAW,CSI Count     : 0
2026-05-28T16:02:35,RAW,"Last UDP      : PING,91,1779955351.80718"
2026-05-28T16:02:35,RAW,"Last ACK      : ACK,PING,91,1779955351.80718,RSSI=-67"
2026-05-28T16:02:35,RAW,Last UDP RSSI : -67 dBm
2026-05-28T16:02:35,RAW,====================================
2026-05-28T16:02:35,RAW,========== UDP DEBUG ==========
2026-05-28T16:02:35,RAW,Packet Size : 24
2026-05-28T16:02:35,RAW,Remote IP   : 172.20.10.5
2026-05-28T16:02:35,RAW,Remote Port : 59584
2026-05-28T16:02:35,RAW,"Last UDP    : PING,92,1779955355.81424"
2026-05-28T16:02:35,RAW,"ACK Message : ACK,PING,92,1779955355.81424,RSSI=-69"
2026-05-28T16:02:35,RAW,beginPacket : 1
2026-05-28T16:02:35,RAW,endPacket   : 1
2026-05-28T16:02:35,RAW,===============================
2026-05-28T16:02:36,RAW,========== CURRENT SUMMARY ==========
2026-05-28T16:02:36,RAW,WiFi Status   : Connected
2026-05-28T16:02:36,RAW,ESP32 IP      : 172.20.10.14
2026-05-28T16:02:36,RAW,RSSI          : -69 dBm
2026-05-28T16:02:36,RAW,UDP Count     : 92
2026-05-28T16:02:36,RAW,CSI Count     : 0
2026-05-28T16:02:36,RAW,"Last UDP      : PING,92,1779955355.81424"
2026-05-28T16:02:36,RAW,"Last ACK      : ACK,PING,92,1779955355.81424,RSSI=-69"
2026-05-28T16:02:36,RAW,Last UDP RSSI : -69 dBm
2026-05-28T16:02:36,RAW,====================================
2026-05-28T16:02:37,RAW,========== UDP DEBUG ==========
2026-05-28T16:02:37,RAW,Packet Size : 25
2026-05-28T16:02:37,RAW,Remote IP   : 172.20.10.5
2026-05-28T16:02:37,RAW,Remote Port : 59584
2026-05-28T16:02:37,RAW,"Last UDP    : PING,93,1779955356.918827"
2026-05-28T16:02:37,RAW,"ACK Message : ACK,PING,93,1779955356.918827,RSSI=-70"
2026-05-28T16:02:37,RAW,beginPacket : 1
2026-05-28T16:02:37,RAW,endPacket   : 1
2026-05-28T16:02:37,RAW,===============================
2026-05-28T16:02:37,RAW,========== CURRENT SUMMARY ==========
2026-05-28T16:02:37,RAW,WiFi Status   : Connected
2026-05-28T16:02:37,RAW,ESP32 IP      : 172.20.10.14
2026-05-28T16:02:37,RAW,RSSI          : -70 dBm
2026-05-28T16:02:37,RAW,UDP Count     : 93
2026-05-28T16:02:37,RAW,CSI Count     : 0
2026-05-28T16:02:37,RAW,"Last UDP      : PING,93,1779955356.918827"
2026-05-28T16:02:37,RAW,"Last ACK      : ACK,PING,93,1779955356.918827,RSSI=-70"
2026-05-28T16:02:37,RAW,Last UDP RSSI : -70 dBm
2026-05-28T16:02:37,RAW,====================================
2026-05-28T16:02:38,RAW,========== CURRENT SUMMARY ==========
2026-05-28T16:02:38,RAW,WiFi Status   : Connected
2026-05-28T16:02:38,RAW,ESP32 IP      : 172.20.10.14
2026-05-28T16:02:38,RAW,RSSI          : -70 dBm
2026-05-28T16:02:38,RAW,UDP Count     : 93
2026-05-28T16:02:38,RAW,CSI Count     : 0
2026-05-28T16:02:38,RAW,"Last UDP      : PING,93,1779955356.918827"
2026-05-28T16:02:38,RAW,"Last ACK      : ACK,PING,93,1779955356.918827,RSSI=-70"
2026-05-28T16:02:38,RAW,Last UDP RSSI : -70 dBm
2026-05-28T16:02:38,RAW,====================================
2026-05-28T16:02:38,RAW,========== UDP DEBUG ==========
2026-05-28T16:02:38,RAW,Packet Size : 24
2026-05-28T16:02:38,RAW,Remote IP   : 172.20.10.5
2026-05-28T16:02:38,RAW,Remote Port : 59584
2026-05-28T16:02:38,RAW,"Last UDP    : PING,94,1779955358.04528"
2026-05-28T16:02:38,RAW,"ACK Message : ACK,PING,94,1779955358.04528,RSSI=-68"
2026-05-28T16:02:38,RAW,beginPacket : 1
2026-05-28T16:02:38,RAW,endPacket   : 1
2026-05-28T16:02:38,RAW,===============================
2026-05-28T16:02:39,RAW,========== CURRENT SUMMARY ==========
2026-05-28T16:02:39,RAW,WiFi Status   : Connected
2026-05-28T16:02:39,RAW,ESP32 IP      : 172.20.10.14
2026-05-28T16:02:39,RAW,RSSI          : -72 dBm
2026-05-28T16:02:39,RAW,UDP Count     : 94
2026-05-28T16:02:39,RAW,CSI Count     : 0
2026-05-28T16:02:39,RAW,"Last UDP      : PING,94,1779955358.04528"
2026-05-28T16:02:39,RAW,"Last ACK      : ACK,PING,94,1779955358.04528,RSSI=-68"
2026-05-28T16:02:39,RAW,Last UDP RSSI : -68 dBm
2026-05-28T16:02:39,RAW,====================================
2026-05-28T16:02:39,RAW,========== UDP DEBUG ==========
2026-05-28T16:02:39,RAW,Packet Size : 26
2026-05-28T16:02:39,RAW,Remote IP   : 172.20.10.5
2026-05-28T16:02:39,RAW,Remote Port : 59584
2026-05-28T16:02:39,RAW,"Last UDP    : PING,95,1779955359.1718268"
2026-05-28T16:02:39,RAW,"ACK Message : ACK,PING,95,1779955359.1718268,RSSI=-74"
2026-05-28T16:02:39,RAW,beginPacket : 1
2026-05-28T16:02:39,RAW,endPacket   : 1
2026-05-28T16:02:39,RAW,===============================
2026-05-28T16:02:40,RAW,========== CURRENT SUMMARY ==========
2026-05-28T16:02:40,RAW,WiFi Status   : Connected
2026-05-28T16:02:40,RAW,ESP32 IP      : 172.20.10.14
2026-05-28T16:02:40,RAW,RSSI          : -70 dBm
2026-05-28T16:02:40,RAW,UDP Count     : 95
2026-05-28T16:02:40,RAW,CSI Count     : 0
2026-05-28T16:02:40,RAW,"Last UDP      : PING,95,1779955359.1718268"
2026-05-28T16:02:40,RAW,"Last ACK      : ACK,PING,95,1779955359.1718268,RSSI=-74"
2026-05-28T16:02:40,RAW,Last UDP RSSI : -74 dBm
2026-05-28T16:02:40,RAW,====================================
2026-05-28T16:02:40,RAW,========== UDP DEBUG ==========
2026-05-28T16:02:40,RAW,Packet Size : 25
2026-05-28T16:02:40,RAW,Remote IP   : 172.20.10.5
2026-05-28T16:02:40,RAW,Remote Port : 59584
2026-05-28T16:02:40,RAW,"Last UDP    : PING,96,1779955360.512293"
2026-05-28T16:02:40,RAW,"ACK Message : ACK,PING,96,1779955360.512293,RSSI=-74"
2026-05-28T16:02:40,RAW,beginPacket : 1
2026-05-28T16:02:40,RAW,endPacket   : 1
2026-05-28T16:02:40,RAW,===============================
2026-05-28T16:02:41,RAW,========== CURRENT SUMMARY ==========
2026-05-28T16:02:41,RAW,WiFi Status   : Connected
2026-05-28T16:02:41,RAW,ESP32 IP      : 172.20.10.14
2026-05-28T16:02:41,RAW,RSSI          : -74 dBm
2026-05-28T16:02:41,RAW,UDP Count     : 96
2026-05-28T16:02:41,RAW,CSI Count     : 0
2026-05-28T16:02:41,RAW,"Last UDP      : PING,96,1779955360.512293"
2026-05-28T16:02:41,RAW,"Last ACK      : ACK,PING,96,1779955360.512293,RSSI=-74"
2026-05-28T16:02:41,RAW,Last UDP RSSI : -74 dBm
2026-05-28T16:02:41,RAW,====================================
2026-05-28T16:02:41,RAW,========== UDP DEBUG ==========
2026-05-28T16:02:41,RAW,Packet Size : 25
2026-05-28T16:02:41,RAW,Remote IP   : 172.20.10.5
2026-05-28T16:02:41,RAW,Remote Port : 59584
2026-05-28T16:02:41,RAW,"Last UDP    : PING,97,1779955361.631304"
2026-05-28T16:02:41,RAW,"ACK Message : ACK,PING,97,1779955361.631304,RSSI=-76"
2026-05-28T16:02:41,RAW,beginPacket : 1
2026-05-28T16:02:41,RAW,endPacket   : 1
2026-05-28T16:02:41,RAW,===============================
2026-05-28T16:02:42,RAW,========== CURRENT SUMMARY ==========
2026-05-28T16:02:42,RAW,WiFi Status   : Connected
2026-05-28T16:02:42,RAW,ESP32 IP      : 172.20.10.14
2026-05-28T16:02:42,RAW,RSSI          : -76 dBm
2026-05-28T16:02:42,RAW,UDP Count     : 97
2026-05-28T16:02:42,RAW,CSI Count     : 0
2026-05-28T16:02:42,RAW,"Last UDP      : PING,97,1779955361.631304"
2026-05-28T16:02:42,RAW,"Last ACK      : ACK,PING,97,1779955361.631304,RSSI=-76"
2026-05-28T16:02:42,RAW,Last UDP RSSI : -76 dBm
2026-05-28T16:02:42,RAW,====================================
2026-05-28T16:02:42,RAW,========== UDP DEBUG ==========
2026-05-28T16:02:42,RAW,Packet Size : 24
2026-05-28T16:02:42,RAW,Remote IP   : 172.20.10.5
2026-05-28T16:02:42,RAW,Remote Port : 59584
2026-05-28T16:02:42,RAW,"Last UDP    : PING,98,1779955362.76785"
2026-05-28T16:02:42,RAW,"ACK Message : ACK,PING,98,1779955362.76785,RSSI=-75"
2026-05-28T16:02:42,RAW,beginPacket : 1
2026-05-28T16:02:42,RAW,endPacket   : 1
2026-05-28T16:02:42,RAW,===============================
2026-05-28T16:02:43,RAW,========== CURRENT SUMMARY ==========
2026-05-28T16:02:43,RAW,WiFi Status   : Connected
2026-05-28T16:02:43,RAW,ESP32 IP      : 172.20.10.14
2026-05-28T16:02:43,RAW,RSSI          : -75 dBm
2026-05-28T16:02:43,RAW,UDP Count     : 98
2026-05-28T16:02:43,RAW,CSI Count     : 0
2026-05-28T16:02:43,RAW,"Last UDP      : PING,98,1779955362.76785"
2026-05-28T16:02:43,RAW,"Last ACK      : ACK,PING,98,1779955362.76785,RSSI=-75"
2026-05-28T16:02:43,RAW,Last UDP RSSI : -75 dBm
2026-05-28T16:02:43,RAW,====================================
2026-05-28T16:02:44,RAW,========== UDP DEBUG ==========
2026-05-28T16:02:44,RAW,Packet Size : 25
2026-05-28T16:02:44,RAW,Remote IP   : 172.20.10.5
2026-05-28T16:02:44,RAW,Remote Port : 59584
2026-05-28T16:02:44,RAW,"Last UDP    : PING,99,1779955363.879431"
2026-05-28T16:02:44,RAW,"ACK Message : ACK,PING,99,1779955363.879431,RSSI=-76"
2026-05-28T16:02:44,RAW,beginPacket : 1
2026-05-28T16:02:44,RAW,endPacket   : 1
2026-05-28T16:02:44,RAW,===============================
2026-05-28T16:02:44,RAW,========== CURRENT SUMMARY ==========
2026-05-28T16:02:44,RAW,WiFi Status   : Connected
2026-05-28T16:02:44,RAW,ESP32 IP      : 172.20.10.14
2026-05-28T16:02:44,RAW,RSSI          : -76 dBm
2026-05-28T16:02:44,RAW,UDP Count     : 99
2026-05-28T16:02:44,RAW,CSI Count     : 0
2026-05-28T16:02:44,RAW,"Last UDP      : PING,99,1779955363.879431"
2026-05-28T16:02:44,RAW,"Last ACK      : ACK,PING,99,1779955363.879431,RSSI=-76"
2026-05-28T16:02:44,RAW,Last UDP RSSI : -76 dBm
2026-05-28T16:02:44,RAW,====================================
2026-05-28T16:02:45,RAW,========== CURRENT SUMMARY ==========
2026-05-28T16:02:45,RAW,WiFi Status   : Connected
2026-05-28T16:02:45,RAW,ESP32 IP      : 172.20.10.14
2026-05-28T16:02:45,RAW,RSSI          : -72 dBm
2026-05-28T16:02:45,RAW,UDP Count     : 99
2026-05-28T16:02:45,RAW,CSI Count     : 0
2026-05-28T16:02:45,RAW,"Last UDP      : PING,99,1779955363.879431"
2026-05-28T16:02:45,RAW,"Last ACK      : ACK,PING,99,1779955363.879431,RSSI=-76"
2026-05-28T16:02:45,RAW,Last UDP RSSI : -76 dBm
2026-05-28T16:02:45,RAW,====================================
2026-05-28T16:02:45,RAW,========== UDP DEBUG ==========
2026-05-28T16:02:45,RAW,Packet Size : 26
2026-05-28T16:02:45,RAW,Remote IP   : 172.20.10.5
2026-05-28T16:02:45,RAW,Remote Port : 59584
2026-05-28T16:02:45,RAW,"Last UDP    : PING,100,1779955365.011838"
2026-05-28T16:02:45,RAW,"ACK Message : ACK,PING,100,1779955365.011838,RSSI=-76"
2026-05-28T16:02:45,RAW,beginPacket : 1
2026-05-28T16:02:45,RAW,endPacket   : 1
2026-05-28T16:02:45,RAW,===============================
2026-05-28T16:02:46,RAW,========== CURRENT SUMMARY ==========
2026-05-28T16:02:46,RAW,WiFi Status   : Connected
2026-05-28T16:02:46,RAW,ESP32 IP      : 172.20.10.14
2026-05-28T16:02:46,RAW,RSSI          : -76 dBm
2026-05-28T16:02:46,RAW,UDP Count     : 100
2026-05-28T16:02:46,RAW,CSI Count     : 0
2026-05-28T16:02:46,RAW,"Last UDP      : PING,100,1779955365.011838"
2026-05-28T16:02:46,RAW,"Last ACK      : ACK,PING,100,1779955365.011838,RSSI=-76"
2026-05-28T16:02:46,RAW,Last UDP RSSI : -76 dBm
2026-05-28T16:02:46,RAW,====================================
2026-05-28T16:02:46,RAW,========== UDP DEBUG ==========
2026-05-28T16:02:46,RAW,Packet Size : 27
2026-05-28T16:02:46,RAW,Remote IP   : 172.20.10.5
2026-05-28T16:02:46,RAW,Remote Port : 59584
2026-05-28T16:02:46,RAW,"Last UDP    : PING,101,1779955366.4388218"
2026-05-28T16:02:46,RAW,"ACK Message : ACK,PING,101,1779955366.4388218,RSSI=-74"
2026-05-28T16:02:46,RAW,beginPacket : 1
2026-05-28T16:02:46,RAW,endPacket   : 1
2026-05-28T16:02:46,RAW,===============================
2026-05-28T16:02:47,RAW,========== CURRENT SUMMARY ==========
2026-05-28T16:02:47,RAW,WiFi Status   : Connected
2026-05-28T16:02:47,RAW,ESP32 IP      : 172.20.10.14
2026-05-28T16:02:47,RAW,RSSI          : -74 dBm
2026-05-28T16:02:47,RAW,UDP Count     : 101
2026-05-28T16:02:47,RAW,CSI Count     : 0
2026-05-28T16:02:47,RAW,"Last UDP      : PING,101,1779955366.4388218"
2026-05-28T16:02:47,RAW,"Last ACK      : ACK,PING,101,1779955366.4388218,RSSI=-74"
2026-05-28T16:02:47,RAW,Last UDP RSSI : -74 dBm
2026-05-28T16:02:47,RAW,====================================
2026-05-28T16:02:47,RAW,========== UDP DEBUG ==========
2026-05-28T16:02:47,RAW,Packet Size : 26
2026-05-28T16:02:47,RAW,Remote IP   : 172.20.10.5
2026-05-28T16:02:47,RAW,Remote Port : 59584
2026-05-28T16:02:47,RAW,"Last UDP    : PING,102,1779955367.462344"
2026-05-28T16:02:47,RAW,"ACK Message : ACK,PING,102,1779955367.462344,RSSI=-75"
2026-05-28T16:02:47,RAW,beginPacket : 1
2026-05-28T16:02:47,RAW,endPacket   : 1
2026-05-28T16:02:47,RAW,===============================
2026-05-28T16:02:48,RAW,========== CURRENT SUMMARY ==========
2026-05-28T16:02:48,RAW,WiFi Status   : Connected
2026-05-28T16:02:48,RAW,ESP32 IP      : 172.20.10.14
2026-05-28T16:02:48,RAW,RSSI          : -75 dBm
2026-05-28T16:02:48,RAW,UDP Count     : 102
2026-05-28T16:02:48,RAW,CSI Count     : 0
2026-05-28T16:02:48,RAW,"Last UDP      : PING,102,1779955367.462344"
2026-05-28T16:02:48,RAW,"Last ACK      : ACK,PING,102,1779955367.462344,RSSI=-75"
2026-05-28T16:02:48,RAW,Last UDP RSSI : -75 dBm
2026-05-28T16:02:48,RAW,====================================
2026-05-28T16:02:48,RAW,========== UDP DEBUG ==========
2026-05-28T16:02:48,RAW,Packet Size : 26
2026-05-28T16:02:48,RAW,Remote IP   : 172.20.10.5
2026-05-28T16:02:48,RAW,Remote Port : 59584
2026-05-28T16:02:48,RAW,"Last UDP    : PING,103,1779955368.490722"
2026-05-28T16:02:48,RAW,"ACK Message : ACK,PING,103,1779955368.490722,RSSI=-76"
2026-05-28T16:02:48,RAW,beginPacket : 1
2026-05-28T16:02:48,RAW,endPacket   : 1
2026-05-28T16:02:48,RAW,===============================
2026-05-28T16:02:49,RAW,========== CURRENT SUMMARY ==========
2026-05-28T16:02:49,RAW,WiFi Status   : Connected
2026-05-28T16:02:49,RAW,ESP32 IP      : 172.20.10.14
2026-05-28T16:02:49,RAW,RSSI          : -76 dBm
2026-05-28T16:02:49,RAW,UDP Count     : 103
2026-05-28T16:02:49,RAW,CSI Count     : 0
2026-05-28T16:02:49,RAW,"Last UDP      : PING,103,1779955368.490722"
2026-05-28T16:02:49,RAW,"Last ACK      : ACK,PING,103,1779955368.490722,RSSI=-76"
2026-05-28T16:02:49,RAW,Last UDP RSSI : -76 dBm
2026-05-28T16:02:49,RAW,====================================
2026-05-28T16:02:49,RAW,========== UDP DEBUG ==========
2026-05-28T16:02:49,RAW,Packet Size : 26
2026-05-28T16:02:49,RAW,Remote IP   : 172.20.10.5
2026-05-28T16:02:49,RAW,Remote Port : 59584
2026-05-28T16:02:49,RAW,"Last UDP    : PING,104,1779955369.622271"
2026-05-28T16:02:49,RAW,"ACK Message : ACK,PING,104,1779955369.622271,RSSI=-75"
2026-05-28T16:02:49,RAW,beginPacket : 1
2026-05-28T16:02:49,RAW,endPacket   : 1
2026-05-28T16:02:49,RAW,===============================
2026-05-28T16:02:50,RAW,========== CURRENT SUMMARY ==========
2026-05-28T16:02:50,RAW,WiFi Status   : Connected
2026-05-28T16:02:50,RAW,ESP32 IP      : 172.20.10.14
2026-05-28T16:02:50,RAW,RSSI          : -75 dBm
2026-05-28T16:02:50,RAW,UDP Count     : 104
2026-05-28T16:02:50,RAW,CSI Count     : 0
2026-05-28T16:02:50,RAW,"Last UDP      : PING,104,1779955369.622271"
2026-05-28T16:02:50,RAW,"Last ACK      : ACK,PING,104,1779955369.622271,RSSI=-75"
2026-05-28T16:02:50,RAW,Last UDP RSSI : -75 dBm
2026-05-28T16:02:50,RAW,====================================
2026-05-28T16:02:50,RAW,========== UDP DEBUG ==========
2026-05-28T16:02:50,RAW,Packet Size : 27
2026-05-28T16:02:50,RAW,Remote IP   : 172.20.10.5
2026-05-28T16:02:50,RAW,Remote Port : 59584
2026-05-28T16:02:50,RAW,"Last UDP    : PING,105,1779955370.7434082"
2026-05-28T16:02:50,RAW,"ACK Message : ACK,PING,105,1779955370.7434082,RSSI=-75"
2026-05-28T16:02:50,RAW,beginPacket : 1
2026-05-28T16:02:50,RAW,endPacket   : 1
2026-05-28T16:02:50,RAW,===============================
2026-05-28T16:02:51,RAW,========== CURRENT SUMMARY ==========
2026-05-28T16:02:51,RAW,WiFi Status   : Connected
2026-05-28T16:02:51,RAW,ESP32 IP      : 172.20.10.14
2026-05-28T16:02:51,RAW,RSSI          : -75 dBm
2026-05-28T16:02:51,RAW,UDP Count     : 105
2026-05-28T16:02:51,RAW,CSI Count     : 0
2026-05-28T16:02:51,RAW,"Last UDP      : PING,105,1779955370.7434082"
2026-05-28T16:02:51,RAW,"Last ACK      : ACK,PING,105,1779955370.7434082,RSSI=-75"
2026-05-28T16:02:51,RAW,Last UDP RSSI : -75 dBm
2026-05-28T16:02:51,RAW,====================================
2026-05-28T16:02:51,RAW,========== UDP DEBUG ==========
2026-05-28T16:02:51,RAW,Packet Size : 26
2026-05-28T16:02:51,RAW,Remote IP   : 172.20.10.5
2026-05-28T16:02:51,RAW,Remote Port : 59584
2026-05-28T16:02:51,RAW,"Last UDP    : PING,106,1779955371.773689"
2026-05-28T16:02:51,RAW,"ACK Message : ACK,PING,106,1779955371.773689,RSSI=-77"
2026-05-28T16:02:51,RAW,beginPacket : 1
2026-05-28T16:02:51,RAW,endPacket   : 1
2026-05-28T16:02:51,RAW,===============================
2026-05-28T16:02:52,RAW,========== CURRENT SUMMARY ==========
2026-05-28T16:02:52,RAW,WiFi Status   : Connected
2026-05-28T16:02:52,RAW,ESP32 IP      : 172.20.10.14
2026-05-28T16:02:52,RAW,RSSI          : -77 dBm
2026-05-28T16:02:52,RAW,UDP Count     : 106
2026-05-28T16:02:52,RAW,CSI Count     : 0
2026-05-28T16:02:52,RAW,"Last UDP      : PING,106,1779955371.773689"
2026-05-28T16:02:52,RAW,"Last ACK      : ACK,PING,106,1779955371.773689,RSSI=-77"
2026-05-28T16:02:52,RAW,Last UDP RSSI : -77 dBm
2026-05-28T16:02:52,RAW,====================================
2026-05-28T16:02:52,RAW,========== UDP DEBUG ==========
2026-05-28T16:02:52,RAW,Packet Size : 26
2026-05-28T16:02:52,RAW,Remote IP   : 172.20.10.5
2026-05-28T16:02:52,RAW,Remote Port : 59584
2026-05-28T16:02:52,RAW,"Last UDP    : PING,107,1779955372.896651"
2026-05-28T16:02:52,RAW,"ACK Message : ACK,PING,107,1779955372.896651,RSSI=-76"
2026-05-28T16:02:52,RAW,beginPacket : 1
2026-05-28T16:02:52,RAW,endPacket   : 1
2026-05-28T16:02:52,RAW,===============================
2026-05-28T16:02:53,RAW,========== CURRENT SUMMARY ==========
2026-05-28T16:02:53,RAW,WiFi Status   : Connected
2026-05-28T16:02:53,RAW,ESP32 IP      : 172.20.10.14
2026-05-28T16:02:53,RAW,RSSI          : -76 dBm
2026-05-28T16:02:53,RAW,UDP Count     : 107
2026-05-28T16:02:53,RAW,CSI Count     : 0
2026-05-28T16:02:53,RAW,"Last UDP      : PING,107,1779955372.896651"
2026-05-28T16:02:53,RAW,"Last ACK      : ACK,PING,107,1779955372.896651,RSSI=-76"
2026-05-28T16:02:53,RAW,Last UDP RSSI : -76 dBm
2026-05-28T16:02:53,RAW,====================================
2026-05-28T16:02:53,RAW,========== UDP DEBUG ==========
2026-05-28T16:02:53,RAW,Packet Size : 25
2026-05-28T16:02:53,RAW,Remote IP   : 172.20.10.5
2026-05-28T16:02:53,RAW,Remote Port : 59584
2026-05-28T16:02:53,RAW,"Last UDP    : PING,108,1779955373.91426"
2026-05-28T16:02:53,RAW,"ACK Message : ACK,PING,108,1779955373.91426,RSSI=-70"
2026-05-28T16:02:53,RAW,beginPacket : 1
2026-05-28T16:02:53,RAW,endPacket   : 1
2026-05-28T16:02:53,RAW,===============================
2026-05-28T16:02:54,RAW,========== CURRENT SUMMARY ==========
2026-05-28T16:02:54,RAW,WiFi Status   : Connected
2026-05-28T16:02:54,RAW,ESP32 IP      : 172.20.10.14
2026-05-28T16:02:54,RAW,RSSI          : -70 dBm
2026-05-28T16:02:54,RAW,UDP Count     : 108
2026-05-28T16:02:54,RAW,CSI Count     : 0
2026-05-28T16:02:54,RAW,"Last UDP      : PING,108,1779955373.91426"
2026-05-28T16:02:54,RAW,"Last ACK      : ACK,PING,108,1779955373.91426,RSSI=-70"
2026-05-28T16:02:54,RAW,Last UDP RSSI : -70 dBm
2026-05-28T16:02:54,RAW,====================================
2026-05-28T16:02:55,RAW,========== CURRENT SUMMARY ==========
2026-05-28T16:02:55,RAW,WiFi Status   : Connected
2026-05-28T16:02:55,RAW,ESP32 IP      : 172.20.10.14
2026-05-28T16:02:55,RAW,RSSI          : -77 dBm
2026-05-28T16:02:55,RAW,UDP Count     : 108
2026-05-28T16:02:55,RAW,CSI Count     : 0
2026-05-28T16:02:55,RAW,"Last UDP      : PING,108,1779955373.91426"
2026-05-28T16:02:55,RAW,"Last ACK      : ACK,PING,108,1779955373.91426,RSSI=-70"
2026-05-28T16:02:55,RAW,Last UDP RSSI : -70 dBm
2026-05-28T16:02:55,RAW,====================================
2026-05-28T16:02:56,RAW,========== CURRENT SUMMARY ==========
2026-05-28T16:02:56,RAW,WiFi Status   : Connected
2026-05-28T16:02:56,RAW,ESP32 IP      : 172.20.10.14
2026-05-28T16:02:56,RAW,RSSI          : -77 dBm
2026-05-28T16:02:56,RAW,UDP Count     : 108
2026-05-28T16:02:56,RAW,CSI Count     : 0
2026-05-28T16:02:56,RAW,"Last UDP      : PING,108,1779955373.91426"
2026-05-28T16:02:56,RAW,"Last ACK      : ACK,PING,108,1779955373.91426,RSSI=-70"
2026-05-28T16:02:56,RAW,Last UDP RSSI : -70 dBm
2026-05-28T16:02:56,RAW,====================================
2026-05-28T16:02:57,RAW,========== CURRENT SUMMARY ==========
2026-05-28T16:02:57,RAW,WiFi Status   : Connected
2026-05-28T16:02:57,RAW,ESP32 IP      : 172.20.10.14
2026-05-28T16:02:57,RAW,RSSI          : -80 dBm
2026-05-28T16:02:57,RAW,UDP Count     : 108
2026-05-28T16:02:57,RAW,CSI Count     : 0
2026-05-28T16:02:57,RAW,"Last UDP      : PING,108,1779955373.91426"
2026-05-28T16:02:57,RAW,"Last ACK      : ACK,PING,108,1779955373.91426,RSSI=-70"
2026-05-28T16:02:57,RAW,Last UDP RSSI : -70 dBm
2026-05-28T16:02:57,RAW,====================================
2026-05-28T16:02:58,RAW,========== UDP DEBUG ==========
2026-05-28T16:02:58,RAW,Packet Size : 26
2026-05-28T16:02:58,RAW,Remote IP   : 172.20.10.5
2026-05-28T16:02:58,RAW,Remote Port : 59584
2026-05-28T16:02:58,RAW,"Last UDP    : PING,109,1779955377.921201"
2026-05-28T16:02:58,RAW,"ACK Message : ACK,PING,109,1779955377.921201,RSSI=-74"
2026-05-28T16:02:58,RAW,beginPacket : 1
2026-05-28T16:02:58,RAW,endPacket   : 1
2026-05-28T16:02:58,RAW,===============================
2026-05-28T16:02:58,RAW,========== CURRENT SUMMARY ==========
2026-05-28T16:02:58,RAW,WiFi Status   : Connected
2026-05-28T16:02:58,RAW,ESP32 IP      : 172.20.10.14
2026-05-28T16:02:58,RAW,RSSI          : -74 dBm
2026-05-28T16:02:58,RAW,UDP Count     : 109
2026-05-28T16:02:58,RAW,CSI Count     : 0
2026-05-28T16:02:58,RAW,"Last UDP      : PING,109,1779955377.921201"
2026-05-28T16:02:58,RAW,"Last ACK      : ACK,PING,109,1779955377.921201,RSSI=-74"
2026-05-28T16:02:58,RAW,Last UDP RSSI : -74 dBm
2026-05-28T16:02:58,RAW,====================================
2026-05-28T16:02:59,RAW,========== UDP DEBUG ==========
2026-05-28T16:02:59,RAW,Packet Size : 26
2026-05-28T16:02:59,RAW,Remote IP   : 172.20.10.5
2026-05-28T16:02:59,RAW,Remote Port : 59584
2026-05-28T16:02:59,RAW,"Last UDP    : PING,110,1779955379.039941"
2026-05-28T16:02:59,RAW,"ACK Message : ACK,PING,110,1779955379.039941,RSSI=-75"
2026-05-28T16:02:59,RAW,beginPacket : 1
2026-05-28T16:02:59,RAW,endPacket   : 1
2026-05-28T16:02:59,RAW,===============================
2026-05-28T16:02:59,RAW,========== CURRENT SUMMARY ==========
2026-05-28T16:02:59,RAW,WiFi Status   : Connected
2026-05-28T16:02:59,RAW,ESP32 IP      : 172.20.10.14
2026-05-28T16:02:59,RAW,RSSI          : -75 dBm
2026-05-28T16:02:59,RAW,UDP Count     : 110
2026-05-28T16:02:59,RAW,CSI Count     : 0
2026-05-28T16:02:59,RAW,"Last UDP      : PING,110,1779955379.039941"
2026-05-28T16:02:59,RAW,"Last ACK      : ACK,PING,110,1779955379.039941,RSSI=-75"
2026-05-28T16:02:59,RAW,Last UDP RSSI : -75 dBm
2026-05-28T16:02:59,RAW,====================================
2026-05-28T16:03:00,RAW,========== CURRENT SUMMARY ==========
2026-05-28T16:03:00,RAW,WiFi Status   : Connected
2026-05-28T16:03:00,RAW,ESP32 IP      : 172.20.10.14
2026-05-28T16:03:00,RAW,RSSI          : -75 dBm
2026-05-28T16:03:00,RAW,UDP Count     : 110
2026-05-28T16:03:00,RAW,CSI Count     : 0
2026-05-28T16:03:00,RAW,"Last UDP      : PING,110,1779955379.039941"
2026-05-28T16:03:00,RAW,"Last ACK      : ACK,PING,110,1779955379.039941,RSSI=-75"
2026-05-28T16:03:00,RAW,Last UDP RSSI : -75 dBm
2026-05-28T16:03:00,RAW,====================================
2026-05-28T16:03:00,RAW,========== UDP DEBUG ==========
2026-05-28T16:03:00,RAW,Packet Size : 27
2026-05-28T16:03:00,RAW,Remote IP   : 172.20.10.5
2026-05-28T16:03:00,RAW,Remote Port : 59584
2026-05-28T16:03:00,RAW,"Last UDP    : PING,111,1779955380.1646981"
2026-05-28T16:03:00,RAW,"ACK Message : ACK,PING,111,1779955380.1646981,RSSI=-77"
2026-05-28T16:03:00,RAW,beginPacket : 1
2026-05-28T16:03:00,RAW,endPacket   : 1
2026-05-28T16:03:00,RAW,===============================
2026-05-28T16:03:01,RAW,========== CURRENT SUMMARY ==========
2026-05-28T16:03:01,RAW,WiFi Status   : Connected
2026-05-28T16:03:01,RAW,ESP32 IP      : 172.20.10.14
2026-05-28T16:03:01,RAW,RSSI          : -77 dBm
2026-05-28T16:03:01,RAW,UDP Count     : 111
2026-05-28T16:03:01,RAW,CSI Count     : 0
2026-05-28T16:03:01,RAW,"Last UDP      : PING,111,1779955380.1646981"
2026-05-28T16:03:01,RAW,"Last ACK      : ACK,PING,111,1779955380.1646981,RSSI=-77"
2026-05-28T16:03:01,RAW,Last UDP RSSI : -77 dBm
2026-05-28T16:03:01,RAW,====================================
2026-05-28T16:03:01,RAW,========== UDP DEBUG ==========
2026-05-28T16:03:01,RAW,Packet Size : 27
2026-05-28T16:03:01,RAW,Remote IP   : 172.20.10.5
2026-05-28T16:03:01,RAW,Remote Port : 59584
2026-05-28T16:03:01,RAW,"Last UDP    : PING,112,1779955381.2902489"
2026-05-28T16:03:01,RAW,"ACK Message : ACK,PING,112,1779955381.2902489,RSSI=-72"
2026-05-28T16:03:01,RAW,beginPacket : 1
2026-05-28T16:03:01,RAW,endPacket   : 1
2026-05-28T16:03:01,RAW,===============================
2026-05-28T16:03:02,RAW,========== CURRENT SUMMARY ==========
2026-05-28T16:03:02,RAW,WiFi Status   : Connected
2026-05-28T16:03:02,RAW,ESP32 IP      : 172.20.10.14
2026-05-28T16:03:02,RAW,RSSI          : -72 dBm
2026-05-28T16:03:02,RAW,UDP Count     : 112
2026-05-28T16:03:02,RAW,CSI Count     : 0
2026-05-28T16:03:02,RAW,"Last UDP      : PING,112,1779955381.2902489"
2026-05-28T16:03:02,RAW,"Last ACK      : ACK,PING,112,1779955381.2902489,RSSI=-72"
2026-05-28T16:03:02,RAW,Last UDP RSSI : -72 dBm
2026-05-28T16:03:02,RAW,====================================
2026-05-28T16:03:02,RAW,========== UDP DEBUG ==========
2026-05-28T16:03:02,RAW,Packet Size : 26
2026-05-28T16:03:02,RAW,Remote IP   : 172.20.10.5
2026-05-28T16:03:02,RAW,Remote Port : 59584
2026-05-28T16:03:02,RAW,"Last UDP    : PING,113,1779955382.315261"
2026-05-28T16:03:02,RAW,"ACK Message : ACK,PING,113,1779955382.315261,RSSI=-77"
2026-05-28T16:03:02,RAW,beginPacket : 1
2026-05-28T16:03:02,RAW,endPacket   : 1
2026-05-28T16:03:02,RAW,===============================
2026-05-28T16:03:03,RAW,========== CURRENT SUMMARY ==========
2026-05-28T16:03:03,RAW,WiFi Status   : Connected
2026-05-28T16:03:03,RAW,ESP32 IP      : 172.20.10.14
2026-05-28T16:03:03,RAW,RSSI          : -77 dBm
2026-05-28T16:03:03,RAW,UDP Count     : 113
2026-05-28T16:03:03,RAW,CSI Count     : 0
2026-05-28T16:03:03,RAW,"Last UDP      : PING,113,1779955382.315261"
2026-05-28T16:03:03,RAW,"Last ACK      : ACK,PING,113,1779955382.315261,RSSI=-77"
2026-05-28T16:03:03,RAW,Last UDP RSSI : -77 dBm
2026-05-28T16:03:03,RAW,====================================
2026-05-28T16:03:03,RAW,========== UDP DEBUG ==========
2026-05-28T16:03:03,RAW,Packet Size : 26
2026-05-28T16:03:03,RAW,Remote IP   : 172.20.10.5
2026-05-28T16:03:03,RAW,Remote Port : 59584
2026-05-28T16:03:03,RAW,"Last UDP    : PING,114,1779955383.440897"
2026-05-28T16:03:03,RAW,"ACK Message : ACK,PING,114,1779955383.440897,RSSI=-73"
2026-05-28T16:03:03,RAW,beginPacket : 1
2026-05-28T16:03:03,RAW,endPacket   : 1
2026-05-28T16:03:03,RAW,===============================
2026-05-28T16:03:04,RAW,========== CURRENT SUMMARY ==========
2026-05-28T16:03:04,RAW,WiFi Status   : Connected
2026-05-28T16:03:04,RAW,ESP32 IP      : 172.20.10.14
2026-05-28T16:03:04,RAW,RSSI          : -73 dBm
2026-05-28T16:03:04,RAW,UDP Count     : 114
2026-05-28T16:03:04,RAW,CSI Count     : 0
2026-05-28T16:03:04,RAW,"Last UDP      : PING,114,1779955383.440897"
2026-05-28T16:03:04,RAW,"Last ACK      : ACK,PING,114,1779955383.440897,RSSI=-73"
2026-05-28T16:03:04,RAW,Last UDP RSSI : -73 dBm
2026-05-28T16:03:04,RAW,====================================
2026-05-28T16:03:04,RAW,========== UDP DEBUG ==========
2026-05-28T16:03:04,RAW,Packet Size : 27
2026-05-28T16:03:04,RAW,Remote IP   : 172.20.10.5
2026-05-28T16:03:04,RAW,Remote Port : 59584
2026-05-28T16:03:04,RAW,"Last UDP    : PING,115,1779955384.5036821"
2026-05-28T16:03:04,RAW,"ACK Message : ACK,PING,115,1779955384.5036821,RSSI=-75"
2026-05-28T16:03:04,RAW,beginPacket : 1
2026-05-28T16:03:04,RAW,endPacket   : 1
2026-05-28T16:03:04,RAW,===============================
2026-05-28T16:03:05,RAW,========== CURRENT SUMMARY ==========
2026-05-28T16:03:05,RAW,WiFi Status   : Connected
2026-05-28T16:03:05,RAW,ESP32 IP      : 172.20.10.14
2026-05-28T16:03:05,RAW,RSSI          : -75 dBm
2026-05-28T16:03:05,RAW,UDP Count     : 115
2026-05-28T16:03:05,RAW,CSI Count     : 0
2026-05-28T16:03:05,RAW,"Last UDP      : PING,115,1779955384.5036821"
2026-05-28T16:03:05,RAW,"Last ACK      : ACK,PING,115,1779955384.5036821,RSSI=-75"
2026-05-28T16:03:05,RAW,Last UDP RSSI : -75 dBm
2026-05-28T16:03:05,RAW,====================================
2026-05-28T16:03:06,RAW,========== UDP DEBUG ==========
2026-05-28T16:03:06,RAW,Packet Size : 26
2026-05-28T16:03:06,RAW,Remote IP   : 172.20.10.5
2026-05-28T16:03:06,RAW,Remote Port : 59584
2026-05-28T16:03:06,RAW,"Last UDP    : PING,116,1779955386.041187"
2026-05-28T16:03:06,RAW,"ACK Message : ACK,PING,116,1779955386.041187,RSSI=-75"
2026-05-28T16:03:06,RAW,beginPacket : 1
2026-05-28T16:03:06,RAW,endPacket   : 1
2026-05-28T16:03:06,RAW,===============================
2026-05-28T16:03:06,RAW,========== CURRENT SUMMARY ==========
2026-05-28T16:03:06,RAW,WiFi Status   : Connected
2026-05-28T16:03:06,RAW,ESP32 IP      : 172.20.10.14
2026-05-28T16:03:06,RAW,RSSI          : -75 dBm
2026-05-28T16:03:06,RAW,UDP Count     : 116
2026-05-28T16:03:06,RAW,CSI Count     : 0
2026-05-28T16:03:06,RAW,"Last UDP      : PING,116,1779955386.041187"
2026-05-28T16:03:06,RAW,"Last ACK      : ACK,PING,116,1779955386.041187,RSSI=-75"
2026-05-28T16:03:06,RAW,Last UDP RSSI : -75 dBm
2026-05-28T16:03:06,RAW,====================================
2026-05-28T16:03:07,RAW,========== CURRENT SUMMARY ==========
2026-05-28T16:03:07,RAW,WiFi Status   : Connected
2026-05-28T16:03:07,RAW,ESP32 IP      : 172.20.10.14
2026-05-28T16:03:07,RAW,RSSI          : -75 dBm
2026-05-28T16:03:07,RAW,UDP Count     : 116
2026-05-28T16:03:07,RAW,CSI Count     : 0
2026-05-28T16:03:07,RAW,"Last UDP      : PING,116,1779955386.041187"
2026-05-28T16:03:07,RAW,"Last ACK      : ACK,PING,116,1779955386.041187,RSSI=-75"
2026-05-28T16:03:07,RAW,Last UDP RSSI : -75 dBm
2026-05-28T16:03:07,RAW,====================================
2026-05-28T16:03:07,RAW,========== UDP DEBUG ==========
2026-05-28T16:03:07,RAW,Packet Size : 26
2026-05-28T16:03:07,RAW,Remote IP   : 172.20.10.5
2026-05-28T16:03:07,RAW,Remote Port : 59584
2026-05-28T16:03:07,RAW,"Last UDP    : PING,117,1779955387.125068"
2026-05-28T16:03:07,RAW,"ACK Message : ACK,PING,117,1779955387.125068,RSSI=-78"
2026-05-28T16:03:07,RAW,beginPacket : 1
2026-05-28T16:03:07,RAW,endPacket   : 1
2026-05-28T16:03:07,RAW,===============================
2026-05-28T16:03:08,RAW,========== CURRENT SUMMARY ==========
2026-05-28T16:03:08,RAW,WiFi Status   : Connected
2026-05-28T16:03:08,RAW,ESP32 IP      : 172.20.10.14
2026-05-28T16:03:08,RAW,RSSI          : -78 dBm
2026-05-28T16:03:08,RAW,UDP Count     : 117
2026-05-28T16:03:08,RAW,CSI Count     : 0
2026-05-28T16:03:08,RAW,"Last UDP      : PING,117,1779955387.125068"
2026-05-28T16:03:08,RAW,"Last ACK      : ACK,PING,117,1779955387.125068,RSSI=-78"
2026-05-28T16:03:08,RAW,Last UDP RSSI : -78 dBm
2026-05-28T16:03:08,RAW,====================================
2026-05-28T16:03:08,RAW,========== UDP DEBUG ==========
2026-05-28T16:03:08,RAW,Packet Size : 27
2026-05-28T16:03:08,RAW,Remote IP   : 172.20.10.5
2026-05-28T16:03:08,RAW,Remote Port : 59584
2026-05-28T16:03:08,RAW,"Last UDP    : PING,118,1779955388.5909681"
2026-05-28T16:03:08,RAW,"ACK Message : ACK,PING,118,1779955388.5909681,RSSI=-72"
2026-05-28T16:03:08,RAW,beginPacket : 1
2026-05-28T16:03:08,RAW,endPacket   : 1
2026-05-28T16:03:08,RAW,===============================
2026-05-28T16:03:09,RAW,========== CURRENT SUMMARY ==========
2026-05-28T16:03:09,RAW,WiFi Status   : Connected
2026-05-28T16:03:09,RAW,ESP32 IP      : 172.20.10.14
2026-05-28T16:03:09,RAW,RSSI          : -72 dBm
2026-05-28T16:03:09,RAW,UDP Count     : 118
2026-05-28T16:03:09,RAW,CSI Count     : 0
2026-05-28T16:03:09,RAW,"Last UDP      : PING,118,1779955388.5909681"
2026-05-28T16:03:09,RAW,"Last ACK      : ACK,PING,118,1779955388.5909681,RSSI=-72"
2026-05-28T16:03:09,RAW,Last UDP RSSI : -72 dBm
2026-05-28T16:03:09,RAW,====================================
2026-05-28T16:03:09,RAW,========== UDP DEBUG ==========
2026-05-28T16:03:09,RAW,Packet Size : 25
2026-05-28T16:03:09,RAW,Remote IP   : 172.20.10.5
2026-05-28T16:03:09,RAW,Remote Port : 59584
2026-05-28T16:03:09,RAW,"Last UDP    : PING,119,1779955389.68541"
2026-05-28T16:03:09,RAW,"ACK Message : ACK,PING,119,1779955389.68541,RSSI=-75"
2026-05-28T16:03:09,RAW,beginPacket : 1
2026-05-28T16:03:09,RAW,endPacket   : 1
2026-05-28T16:03:09,RAW,===============================
2026-05-28T16:03:10,RAW,========== CURRENT SUMMARY ==========
2026-05-28T16:03:10,RAW,WiFi Status   : Connected
2026-05-28T16:03:10,RAW,ESP32 IP      : 172.20.10.14
2026-05-28T16:03:10,RAW,RSSI          : -73 dBm
2026-05-28T16:03:10,RAW,UDP Count     : 119
2026-05-28T16:03:10,RAW,CSI Count     : 0
2026-05-28T16:03:10,RAW,"Last UDP      : PING,119,1779955389.68541"
2026-05-28T16:03:10,RAW,"Last ACK      : ACK,PING,119,1779955389.68541,RSSI=-75"
2026-05-28T16:03:10,RAW,Last UDP RSSI : -75 dBm
2026-05-28T16:03:10,RAW,====================================
2026-05-28T16:03:10,RAW,========== UDP DEBUG ==========
2026-05-28T16:03:10,RAW,Packet Size : 27
2026-05-28T16:03:10,RAW,Remote IP   : 172.20.10.5
2026-05-28T16:03:10,RAW,Remote Port : 59584
2026-05-28T16:03:10,RAW,"Last UDP    : PING,120,1779955390.7086961"
2026-05-28T16:03:10,RAW,"ACK Message : ACK,PING,120,1779955390.7086961,RSSI=-66"
2026-05-28T16:03:10,RAW,beginPacket : 1
2026-05-28T16:03:10,RAW,endPacket   : 1
2026-05-28T16:03:10,RAW,===============================
2026-05-28T16:03:11,RAW,========== CURRENT SUMMARY ==========
2026-05-28T16:03:11,RAW,WiFi Status   : Connected
2026-05-28T16:03:11,RAW,ESP32 IP      : 172.20.10.14
2026-05-28T16:03:11,RAW,RSSI          : -66 dBm
2026-05-28T16:03:11,RAW,UDP Count     : 120
2026-05-28T16:03:11,RAW,CSI Count     : 0
2026-05-28T16:03:11,RAW,"Last UDP      : PING,120,1779955390.7086961"
2026-05-28T16:03:11,RAW,"Last ACK      : ACK,PING,120,1779955390.7086961,RSSI=-66"
2026-05-28T16:03:11,RAW,Last UDP RSSI : -66 dBm
2026-05-28T16:03:11,RAW,====================================
2026-05-28T16:03:11,RAW,========== UDP DEBUG ==========
2026-05-28T16:03:11,RAW,Packet Size : 25
2026-05-28T16:03:11,RAW,Remote IP   : 172.20.10.5
2026-05-28T16:03:11,RAW,Remote Port : 59584
2026-05-28T16:03:11,RAW,"Last UDP    : PING,121,1779955391.73601"
2026-05-28T16:03:11,RAW,"ACK Message : ACK,PING,121,1779955391.73601,RSSI=-64"
2026-05-28T16:03:11,RAW,beginPacket : 1
2026-05-28T16:03:11,RAW,endPacket   : 1
2026-05-28T16:03:11,RAW,===============================
2026-05-28T16:03:12,RAW,========== CURRENT SUMMARY ==========
2026-05-28T16:03:12,RAW,WiFi Status   : Connected
2026-05-28T16:03:12,RAW,ESP32 IP      : 172.20.10.14
2026-05-28T16:03:12,RAW,RSSI          : -64 dBm
2026-05-28T16:03:12,RAW,UDP Count     : 121
2026-05-28T16:03:12,RAW,CSI Count     : 0
2026-05-28T16:03:12,RAW,"Last UDP      : PING,121,1779955391.73601"
2026-05-28T16:03:12,RAW,"Last ACK      : ACK,PING,121,1779955391.73601,RSSI=-64"
2026-05-28T16:03:12,RAW,Last UDP RSSI : -64 dBm
2026-05-28T16:03:12,RAW,====================================
2026-05-28T16:03:12,RAW,========== UDP DEBUG ==========
2026-05-28T16:03:12,RAW,Packet Size : 27
2026-05-28T16:03:12,RAW,Remote IP   : 172.20.10.5
2026-05-28T16:03:12,RAW,Remote Port : 59584
2026-05-28T16:03:12,RAW,"Last UDP    : PING,122,1779955392.9125278"
2026-05-28T16:03:12,RAW,"ACK Message : ACK,PING,122,1779955392.9125278,RSSI=-66"
2026-05-28T16:03:12,RAW,beginPacket : 1
2026-05-28T16:03:12,RAW,endPacket   : 1
2026-05-28T16:03:12,RAW,===============================
2026-05-28T16:03:13,RAW,========== CURRENT SUMMARY ==========
2026-05-28T16:03:13,RAW,WiFi Status   : Connected
2026-05-28T16:03:13,RAW,ESP32 IP      : 172.20.10.14
2026-05-28T16:03:13,RAW,RSSI          : -66 dBm
2026-05-28T16:03:13,RAW,UDP Count     : 122
2026-05-28T16:03:13,RAW,CSI Count     : 0
2026-05-28T16:03:13,RAW,"Last UDP      : PING,122,1779955392.9125278"
2026-05-28T16:03:13,RAW,"Last ACK      : ACK,PING,122,1779955392.9125278,RSSI=-66"
2026-05-28T16:03:13,RAW,Last UDP RSSI : -66 dBm
2026-05-28T16:03:13,RAW,====================================
2026-05-28T16:03:14,RAW,========== CURRENT SUMMARY ==========
2026-05-28T16:03:14,RAW,WiFi Status   : Connected
2026-05-28T16:03:14,RAW,ESP32 IP      : 172.20.10.14
2026-05-28T16:03:14,RAW,RSSI          : -64 dBm
2026-05-28T16:03:14,RAW,UDP Count     : 122
2026-05-28T16:03:14,RAW,CSI Count     : 0
2026-05-28T16:03:14,RAW,"Last UDP      : PING,122,1779955392.9125278"
2026-05-28T16:03:14,RAW,"Last ACK      : ACK,PING,122,1779955392.9125278,RSSI=-66"
2026-05-28T16:03:14,RAW,Last UDP RSSI : -66 dBm
2026-05-28T16:03:14,RAW,====================================
2026-05-28T16:03:15,RAW,========== CURRENT SUMMARY ==========
2026-05-28T16:03:15,RAW,WiFi Status   : Connected
2026-05-28T16:03:15,RAW,ESP32 IP      : 172.20.10.14
2026-05-28T16:03:15,RAW,RSSI          : -64 dBm
2026-05-28T16:03:15,RAW,UDP Count     : 122
2026-05-28T16:03:15,RAW,CSI Count     : 0
2026-05-28T16:03:15,RAW,"Last UDP      : PING,122,1779955392.9125278"
2026-05-28T16:03:15,RAW,"Last ACK      : ACK,PING,122,1779955392.9125278,RSSI=-66"
2026-05-28T16:03:15,RAW,Last UDP RSSI : -66 dBm
2026-05-28T16:03:15,RAW,====================================
2026-05-28T16:03:16,RAW,========== CURRENT SUMMARY ==========
2026-05-28T16:03:16,RAW,WiFi Status   : Connected
2026-05-28T16:03:16,RAW,ESP32 IP      : 172.20.10.14
2026-05-28T16:03:16,RAW,RSSI          : -64 dBm
2026-05-28T16:03:16,RAW,UDP Count     : 122
2026-05-28T16:03:16,RAW,CSI Count     : 0
2026-05-28T16:03:16,RAW,"Last UDP      : PING,122,1779955392.9125278"
2026-05-28T16:03:16,RAW,"Last ACK      : ACK,PING,122,1779955392.9125278,RSSI=-66"
2026-05-28T16:03:16,RAW,Last UDP RSSI : -66 dBm
2026-05-28T16:03:16,RAW,====================================
2026-05-28T16:03:16,RAW,========== UDP DEBUG ==========
2026-05-28T16:03:17,RAW,Packet Size : 27
2026-05-28T16:03:17,RAW,Remote IP   : 172.20.10.5
2026-05-28T16:03:17,RAW,Remote Port : 59584
2026-05-28T16:03:17,RAW,"Last UDP    : PING,123,1779955396.9196658"
2026-05-28T16:03:17,RAW,"ACK Message : ACK,PING,123,1779955396.9196658,RSSI=-68"
2026-05-28T16:03:17,RAW,beginPacket : 1
2026-05-28T16:03:17,RAW,endPacket   : 1
2026-05-28T16:03:17,RAW,===============================
2026-05-28T16:03:17,RAW,========== CURRENT SUMMARY ==========
2026-05-28T16:03:17,RAW,WiFi Status   : Connected
2026-05-28T16:03:17,RAW,ESP32 IP      : 172.20.10.14
2026-05-28T16:03:17,RAW,RSSI          : -68 dBm
2026-05-28T16:03:17,RAW,UDP Count     : 123
2026-05-28T16:03:17,RAW,CSI Count     : 0
2026-05-28T16:03:17,RAW,"Last UDP      : PING,123,1779955396.9196658"
2026-05-28T16:03:17,RAW,"Last ACK      : ACK,PING,123,1779955396.9196658,RSSI=-68"
2026-05-28T16:03:17,RAW,Last UDP RSSI : -68 dBm
2026-05-28T16:03:17,RAW,====================================
2026-05-28T16:03:18,RAW,========== UDP DEBUG ==========
2026-05-28T16:03:18,RAW,Packet Size : 26
2026-05-28T16:03:18,RAW,Remote IP   : 172.20.10.5
2026-05-28T16:03:18,RAW,Remote Port : 59584
2026-05-28T16:03:18,RAW,"Last UDP    : PING,124,1779955398.005596"
2026-05-28T16:03:18,RAW,"ACK Message : ACK,PING,124,1779955398.005596,RSSI=-68"
2026-05-28T16:03:18,RAW,beginPacket : 1
2026-05-28T16:03:18,RAW,endPacket   : 1
2026-05-28T16:03:18,RAW,===============================
2026-05-28T16:03:18,RAW,========== CURRENT SUMMARY ==========
2026-05-28T16:03:18,RAW,WiFi Status   : Connected
2026-05-28T16:03:18,RAW,ESP32 IP      : 172.20.10.14
2026-05-28T16:03:18,RAW,RSSI          : -68 dBm
2026-05-28T16:03:18,RAW,UDP Count     : 124
2026-05-28T16:03:18,RAW,CSI Count     : 0
2026-05-28T16:03:18,RAW,"Last UDP      : PING,124,1779955398.005596"
2026-05-28T16:03:18,RAW,"Last ACK      : ACK,PING,124,1779955398.005596,RSSI=-68"
2026-05-28T16:03:18,RAW,Last UDP RSSI : -68 dBm
2026-05-28T16:03:18,RAW,====================================
