timestamp,type,raw_line
2026-05-27T22:12:40,CSI,"CSI_DATA,39,203265,-27,6,256,0 0 -7 5 -10 7 -11 9 -12 11 -13 12 -13 13 -13 13 -13 12 -12 11 -11 10 -9 8 -7 7 -5 5 -2 4 1 4 3 3 5 4 7 4 9 3 10 5 11 6 11 7 10 9 7 10 6 10 4 9 0 0 0 0 0 0 0 0 0 0 0 0 0 0 0 0 0 0 0 0 0 0 12 -6 12 -5 13 -3 13 -2 13 0 10 1 9 0 7 0 5 -1 3 -3 1 -5 0 -7 -1 -9 -1 -12 -3 -14 -4 -16 -4 -17 -4 -18 -3 -18 -4 -18 -4 -17 -4 -15 -3 -13 -3 -9 -4 -6 -5 -3"
2026-05-27T22:12:40,RAW,========== UDP DEBUG ==========
2026-05-27T22:12:40,RAW,Packet Size : 24
2026-05-27T22:12:40,RAW,Remote IP   : 172.20.10.5
2026-05-27T22:12:40,RAW,Remote Port : 56939
2026-05-27T22:12:40,RAW,"Last UDP    : PING,1,1779891160.738026"
2026-05-27T22:12:40,RAW,"ACK Message : ACK,PING,1,1779891160.738026,RSSI=-31"
2026-05-27T22:12:40,RAW,beginPacket : 1
2026-05-27T22:12:40,RAW,endPacket   : 1
2026-05-27T22:12:40,RAW,===============================
2026-05-27T22:12:41,CSI,"CSI_DATA,40,203570,-26,6,128,0 0 7 -1 12 -5 12 -6 17 -9 13 -7 16 -6 16 -5 18 -5 16 -5 16 -7 9 -7 8 -6 4 -5 1 -4 -1 -5 -4 -5 -7 -7 -6 -6 -8 -8 -8 -10 -8 -13 -8 -13 -8 -15 -7 -11 -5 -12 -2 -9 0 0 0 0 0 0 0 0 0 0 0 0 0 0 0 0 0 0 0 0 0 0 -14 0 -12 -3 -16 -5 -13 -5 -14 -8 -10 -6 -8 -8 -7 -8 -6 -6 -6 -3 -4 2 -4 4 -2 6 -2 10 -4 10 -4 16 -4 14 -5 19 -4 15 -6 15 -8 16 -6 15 -5 15 0 9 1 7 2 3"
2026-05-27T22:12:41,RAW,========== CURRENT SUMMARY ==========
2026-05-27T22:12:41,RAW,WiFi Status   : Connected
2026-05-27T22:12:41,RAW,ESP32 IP      : 172.20.10.14
2026-05-27T22:12:41,RAW,RSSI          : -31 dBm
2026-05-27T22:12:41,RAW,UDP Count     : 1
2026-05-27T22:12:41,RAW,CSI Count     : 40
2026-05-27T22:12:41,RAW,"Last UDP      : PING,1,1779891160.738026"
2026-05-27T22:12:41,RAW,"Last ACK      : ACK,PING,1,1779891160.738026,RSSI=-31"
2026-05-27T22:12:41,RAW,Last UDP RSSI : -31 dBm
2026-05-27T22:12:41,RAW,====================================
2026-05-27T22:12:41,CSI,"CSI_DATA,41,204390,-26,6,256,0 0 5 -9 4 -10 4 -14 4 -15 4 -18 4 -18 4 -18 4 -18 5 -17 4 -15 4 -14 3 -12 2 -11 0 -9 -1 -7 -3 -6 -5 -5 -8 -5 -9 -5 -10 -6 -12 -7 -11 -10 -10 -9 -9 -11 -7 -12 -5 -12 0 0 0 0 0 0 0 0 0 0 0 0 0 0 0 0 0 0 0 0 0 0 6 10 5 14 3 13 1 15 0 13 -1 13 -2 11 -1 9 -1 8 1 5 3 4 5 4 7 3 10 3 13 3 13 4 17 5 16 5 18 6 17 6 17 5 16 6 13 4 12 3 10 1 9 -2"
2026-05-27T22:12:41,RAW,========== UDP DEBUG ==========
2026-05-27T22:12:41,RAW,Packet Size : 24
2026-05-27T22:12:41,RAW,Remote IP   : 172.20.10.5
2026-05-27T22:12:41,RAW,Remote Port : 56939
2026-05-27T22:12:41,RAW,"Last UDP    : PING,2,1779891161.800041"
2026-05-27T22:12:41,RAW,"ACK Message : ACK,PING,2,1779891161.800041,RSSI=-38"
2026-05-27T22:12:41,RAW,beginPacket : 1
2026-05-27T22:12:41,RAW,endPacket   : 1
2026-05-27T22:12:41,RAW,===============================
2026-05-27T22:12:42,RAW,========== CURRENT SUMMARY ==========
2026-05-27T22:12:42,RAW,WiFi Status   : Connected
2026-05-27T22:12:42,RAW,ESP32 IP      : 172.20.10.14
2026-05-27T22:12:42,RAW,RSSI          : -38 dBm
2026-05-27T22:12:42,RAW,UDP Count     : 2
2026-05-27T22:12:42,RAW,CSI Count     : 41
2026-05-27T22:12:42,RAW,"Last UDP      : PING,2,1779891161.800041"
2026-05-27T22:12:42,RAW,"Last ACK      : ACK,PING,2,1779891161.800041,RSSI=-38"
2026-05-27T22:12:42,RAW,Last UDP RSSI : -38 dBm
2026-05-27T22:12:42,RAW,====================================
2026-05-27T22:12:42,CSI,"CSI_DATA,42,205415,-26,6,256,0 0 -9 3 -11 6 -12 8 -14 10 -15 10 -15 11 -15 11 -15 10 -13 9 -12 8 -10 6 -8 6 -5 5 -2 4 1 4 4 4 6 4 7 5 9 6 10 7 10 8 10 9 8 10 6 10 4 10 3 9 0 0 0 0 0 0 0 0 0 0 0 0 0 0 0 0 0 0 0 0 0 0 12 -4 13 -3 14 -1 14 0 14 2 12 3 10 3 8 2 6 1 4 0 3 -3 2 -5 1 -8 0 -11 -1 -13 -1 -16 -1 -17 -1 -19 -1 -19 -1 -19 -1 -18 -1 -16 -1 -14 -2 -10 -3 -8 -5 -4"
2026-05-27T22:12:42,RAW,========== UDP DEBUG ==========
2026-05-27T22:12:42,RAW,Packet Size : 24
2026-05-27T22:12:42,RAW,Remote IP   : 172.20.10.5
2026-05-27T22:12:42,RAW,Remote Port : 56939
2026-05-27T22:12:42,RAW,"Last UDP    : PING,3,1779891162.920956"
2026-05-27T22:12:42,RAW,"ACK Message : ACK,PING,3,1779891162.920956,RSSI=-31"
2026-05-27T22:12:42,RAW,beginPacket : 1
2026-05-27T22:12:42,RAW,endPacket   : 1
2026-05-27T22:12:42,RAW,===============================
2026-05-27T22:12:43,RAW,========== CURRENT SUMMARY ==========
2026-05-27T22:12:43,RAW,WiFi Status   : Connected
2026-05-27T22:12:43,RAW,ESP32 IP      : 172.20.10.14
2026-05-27T22:12:43,RAW,RSSI          : -31 dBm
2026-05-27T22:12:43,RAW,UDP Count     : 3
2026-05-27T22:12:43,RAW,CSI Count     : 42
2026-05-27T22:12:43,RAW,"Last UDP      : PING,3,1779891162.920956"
2026-05-27T22:12:43,RAW,"Last ACK      : ACK,PING,3,1779891162.920956,RSSI=-31"
2026-05-27T22:12:43,RAW,Last UDP RSSI : -31 dBm
2026-05-27T22:12:43,RAW,====================================
2026-05-27T22:12:44,CSI,"CSI_DATA,43,206541,-27,6,256,0 0 9 2 10 0 14 0 15 -1 18 -1 19 -1 18 -1 18 -1 17 0 14 -1 13 -1 11 -2 9 -2 6 -3 4 -3 2 -5 0 -6 -2 -8 -2 -10 -2 -11 -2 -13 0 -14 -1 -14 1 -14 3 -13 4 -12 0 0 0 0 0 0 0 0 0 0 0 0 0 0 0 0 0 0 0 0 0 0 -15 -1 -16 -4 -13 -5 -13 -7 -11 -7 -10 -7 -7 -6 -6 -4 -5 -2 -4 1 -4 3 -4 6 -5 9 -5 11 -7 14 -8 13 -10 16 -9 15 -10 17 -9 15 -9 15 -8 13 -5 10 -4 9 -1 7 2 5"
2026-05-27T22:12:44,RAW,========== UDP DEBUG ==========
2026-05-27T22:12:44,RAW,Packet Size : 22
2026-05-27T22:12:44,RAW,Remote IP   : 172.20.10.5
2026-05-27T22:12:44,RAW,Remote Port : 56939
2026-05-27T22:12:44,RAW,"Last UDP    : PING,4,1779891163.9492"
2026-05-27T22:12:44,RAW,"ACK Message : ACK,PING,4,1779891163.9492,RSSI=-31"
2026-05-27T22:12:44,RAW,beginPacket : 1
2026-05-27T22:12:44,RAW,endPacket   : 1
2026-05-27T22:12:44,RAW,===============================
2026-05-27T22:12:44,RAW,========== CURRENT SUMMARY ==========
2026-05-27T22:12:44,RAW,WiFi Status   : Connected
2026-05-27T22:12:44,RAW,ESP32 IP      : 172.20.10.14
2026-05-27T22:12:44,RAW,RSSI          : -31 dBm
2026-05-27T22:12:44,RAW,UDP Count     : 4
2026-05-27T22:12:44,RAW,CSI Count     : 43
2026-05-27T22:12:44,RAW,"Last UDP      : PING,4,1779891163.9492"
2026-05-27T22:12:44,RAW,"Last ACK      : ACK,PING,4,1779891163.9492,RSSI=-31"
2026-05-27T22:12:44,RAW,Last UDP RSSI : -31 dBm
2026-05-27T22:12:44,RAW,====================================
2026-05-27T22:12:45,CSI,"CSI_DATA,44,207601,-26,6,256,0 0 -4 -10 -6 -11 -8 -14 -9 -14 -11 -16 -10 -17 -10 -16 -10 -16 -9 -15 -9 -11 -8 -10 -7 -7 -6 -5 -6 -2 -5 0 -6 3 -5 5 -6 7 -8 9 -9 9 -11 9 -12 8 -11 7 -11 6 -11 5 -10 3 0 0 0 0 0 0 0 0 0 0 0 0 0 0 0 0 0 0 0 0 0 0 4 11 3 14 0 14 -2 15 -3 13 -4 13 -4 10 -4 8 -2 6 0 4 2 2 5 1 7 0 10 -1 13 0 14 0 17 0 17 0 19 -1 18 1 17 0 16 0 12 -1 10 -2 7 -3 3 -5"
2026-05-27T22:12:45,RAW,========== UDP DEBUG ==========
2026-05-27T22:12:45,RAW,Packet Size : 23
2026-05-27T22:12:45,RAW,Remote IP   : 172.20.10.5
2026-05-27T22:12:45,RAW,Remote Port : 56939
2026-05-27T22:12:45,RAW,"Last UDP    : PING,5,1779891165.07179"
2026-05-27T22:12:45,RAW,"ACK Message : ACK,PING,5,1779891165.07179,RSSI=-32"
2026-05-27T22:12:45,RAW,beginPacket : 1
2026-05-27T22:12:45,RAW,endPacket   : 1
2026-05-27T22:12:45,RAW,===============================
2026-05-27T22:12:45,RAW,========== CURRENT SUMMARY ==========
2026-05-27T22:12:45,RAW,WiFi Status   : Connected
2026-05-27T22:12:45,RAW,ESP32 IP      : 172.20.10.14
2026-05-27T22:12:45,RAW,RSSI          : -32 dBm
2026-05-27T22:12:45,RAW,UDP Count     : 5
2026-05-27T22:12:45,RAW,CSI Count     : 44
2026-05-27T22:12:45,RAW,"Last UDP      : PING,5,1779891165.07179"
2026-05-27T22:12:45,RAW,"Last ACK      : ACK,PING,5,1779891165.07179,RSSI=-32"
2026-05-27T22:12:45,RAW,Last UDP RSSI : -32 dBm
2026-05-27T22:12:45,RAW,====================================
2026-05-27T22:12:46,CSI,"CSI_DATA,45,208587,-27,6,128,0 0 -10 -5 -9 -4 -17 -7 -13 -4 -22 -8 -20 -6 -19 -6 -18 -6 -16 -6 -12 -4 -13 -5 -11 -4 -9 -3 -8 0 -3 1 -4 5 -1 5 -2 10 -1 11 -1 12 -3 13 -5 12 -4 10 -7 11 -8 10 -10 9 0 0 0 0 0 0 0 0 0 0 0 0 0 0 0 0 0 0 0 0 0 0 10 4 15 9 8 6 11 13 6 7 7 12 6 7 5 6 3 4 2 1 4 -1 5 -4 6 -6 8 -8 12 -13 9 -9 15 -15 9 -10 17 -15 12 -14 12 -14 11 -11 7 -8 7 -8 4 -8 0 -7"
2026-05-27T22:12:46,CSI,"CSI_DATA,46,208697,-26,6,256,0 0 2 -9 -1 -12 -2 -15 -3 -16 -2 -18 -2 -19 -2 -19 -1 -18 -1 -17 -2 -16 -2 -14 -2 -12 -3 -10 -3 -8 -4 -6 -6 -4 -7 -3 -9 -2 -11 -2 -12 -3 -13 -4 -13 -5 -13 -6 -12 -7 -11 -8 -9 -9 0 0 0 0 0 0 0 0 0 0 0 0 0 0 0 0 0 0 0 0 0 0 11 7 9 9 9 11 7 11 5 12 4 11 2 10 2 9 2 6 3 5 5 2 7 1 9 0 10 -2 12 -1 14 -2 16 -2 17 -2 18 -2 18 -1 17 0 16 -1 14 -2 12 -3 9 -4 7 -6"
2026-05-27T22:12:46,RAW,========== UDP DEBUG ==========
2026-05-27T22:12:46,RAW,Packet Size : 24
2026-05-27T22:12:46,RAW,Remote IP   : 172.20.10.5
2026-05-27T22:12:46,RAW,Remote Port : 56939
2026-05-27T22:12:46,RAW,"Last UDP    : PING,6,1779891166.132138"
2026-05-27T22:12:46,RAW,"ACK Message : ACK,PING,6,1779891166.132138,RSSI=-34"
2026-05-27T22:12:46,RAW,beginPacket : 1
2026-05-27T22:12:46,RAW,endPacket   : 1
2026-05-27T22:12:46,RAW,===============================
2026-05-27T22:12:46,RAW,========== CURRENT SUMMARY ==========
2026-05-27T22:12:46,RAW,WiFi Status   : Connected
2026-05-27T22:12:46,RAW,ESP32 IP      : 172.20.10.14
2026-05-27T22:12:46,RAW,RSSI          : -34 dBm
2026-05-27T22:12:46,RAW,UDP Count     : 6
2026-05-27T22:12:46,RAW,CSI Count     : 46
2026-05-27T22:12:46,RAW,"Last UDP      : PING,6,1779891166.132138"
2026-05-27T22:12:46,RAW,"Last ACK      : ACK,PING,6,1779891166.132138,RSSI=-34"
2026-05-27T22:12:46,RAW,Last UDP RSSI : -34 dBm
2026-05-27T22:12:46,RAW,====================================
2026-05-27T22:12:47,CSI,"CSI_DATA,47,209818,-26,6,256,0 0 -9 5 -10 6 -12 9 -11 10 -13 12 -15 12 -14 12 -14 12 -14 10 -11 10 -10 9 -8 8 -6 7 -4 6 -2 4 0 4 3 4 6 4 7 6 8 6 9 8 8 10 8 9 7 10 6 11 4 11 0 0 0 0 0 0 0 0 0 0 0 0 0 0 0 0 0 0 0 0 0 0 10 -10 12 -8 12 -6 13 -4 11 -3 10 -2 8 -1 6 -2 4 -3 1 -4 -1 -5 -3 -8 -4 -10 -5 -12 -6 -15 -4 -16 -5 -18 -5 -17 -5 -19 -5 -18 -5 -17 -4 -15 -4 -12 -4 -9 -5 -6 -6 -2"
2026-05-27T22:12:47,RAW,========== UDP DEBUG ==========
2026-05-27T22:12:47,RAW,Packet Size : 24
2026-05-27T22:12:47,RAW,Remote IP   : 172.20.10.5
2026-05-27T22:12:47,RAW,Remote Port : 56939
2026-05-27T22:12:47,RAW,"Last UDP    : PING,7,1779891167.233309"
2026-05-27T22:12:47,RAW,"ACK Message : ACK,PING,7,1779891167.233309,RSSI=-31"
2026-05-27T22:12:47,RAW,beginPacket : 1
2026-05-27T22:12:47,RAW,endPacket   : 1
2026-05-27T22:12:47,RAW,===============================
2026-05-27T22:12:47,RAW,========== CURRENT SUMMARY ==========
2026-05-27T22:12:47,RAW,WiFi Status   : Connected
2026-05-27T22:12:47,RAW,ESP32 IP      : 172.20.10.14
2026-05-27T22:12:47,RAW,RSSI          : -31 dBm
2026-05-27T22:12:47,RAW,UDP Count     : 7
2026-05-27T22:12:47,RAW,CSI Count     : 47
2026-05-27T22:12:47,RAW,"Last UDP      : PING,7,1779891167.233309"
2026-05-27T22:12:47,RAW,"Last ACK      : ACK,PING,7,1779891167.233309,RSSI=-31"
2026-05-27T22:12:47,RAW,Last UDP RSSI : -31 dBm
2026-05-27T22:12:47,RAW,====================================
2026-05-27T22:12:48,CSI,"CSI_DATA,48,210944,-26,6,256,0 0 8 0 11 -3 12 -5 15 -6 17 -6 17 -7 17 -7 17 -6 15 -6 15 -4 13 -4 11 -4 8 -3 6 -4 3 -6 1 -7 0 -8 -1 -9 -2 -11 -2 -12 -1 -13 -1 -14 2 -14 4 -13 5 -12 6 -10 0 0 0 0 0 0 0 0 0 0 0 0 0 0 0 0 0 0 0 0 0 0 -7 11 -9 10 -11 10 -12 8 -12 7 -12 5 -11 4 -9 3 -7 3 -6 4 -3 5 -2 7 0 8 1 10 2 12 4 14 4 15 4 17 3 18 4 18 3 17 3 15 2 14 3 12 3 9 5 5"
2026-05-27T22:12:48,RAW,========== UDP DEBUG ==========
2026-05-27T22:12:48,RAW,Packet Size : 24
2026-05-27T22:12:48,RAW,Remote IP   : 172.20.10.5
2026-05-27T22:12:48,RAW,Remote Port : 56939
2026-05-27T22:12:48,RAW,"Last UDP    : PING,8,1779891168.353276"
2026-05-27T22:12:48,RAW,"ACK Message : ACK,PING,8,1779891168.353276,RSSI=-34"
2026-05-27T22:12:48,RAW,beginPacket : 1
2026-05-27T22:12:48,RAW,endPacket   : 1
2026-05-27T22:12:48,RAW,===============================
2026-05-27T22:12:48,RAW,========== CURRENT SUMMARY ==========
2026-05-27T22:12:48,RAW,WiFi Status   : Connected
2026-05-27T22:12:48,RAW,ESP32 IP      : 172.20.10.14
2026-05-27T22:12:48,RAW,RSSI          : -34 dBm
2026-05-27T22:12:48,RAW,UDP Count     : 8
2026-05-27T22:12:48,RAW,CSI Count     : 48
2026-05-27T22:12:48,RAW,"Last UDP      : PING,8,1779891168.353276"
2026-05-27T22:12:48,RAW,"Last ACK      : ACK,PING,8,1779891168.353276,RSSI=-34"
2026-05-27T22:12:48,RAW,Last UDP RSSI : -34 dBm
2026-05-27T22:12:48,RAW,====================================
2026-05-27T22:12:49,CSI,"CSI_DATA,49,212173,-26,6,256,0 0 3 -8 1 -12 1 -14 2 -18 2 -19 2 -20 2 -20 2 -18 1 -17 2 -15 1 -13 0 -11 -1 -8 -2 -5 -4 -3 -5 -1 -7 0 -9 1 -11 2 -13 2 -13 1 -14 1 -15 -1 -14 -3 -12 -4 -10 -5 0 0 0 0 0 0 0 0 0 0 0 0 0 0 0 0 0 0 0 0 0 0 -7 12 -9 11 -11 11 -11 9 -12 8 -11 6 -10 4 -8 3 -5 3 -3 3 0 4 3 5 6 6 8 7 9 8 12 10 12 11 13 12 13 12 13 13 12 12 11 10 9 8 8 5 6 2 5 -1"
2026-05-27T22:12:49,RAW,========== UDP DEBUG ==========
2026-05-27T22:12:49,RAW,Packet Size : 25
2026-05-27T22:12:49,RAW,Remote IP   : 172.20.10.5
2026-05-27T22:12:49,RAW,Remote Port : 56939
2026-05-27T22:12:49,RAW,"Last UDP    : PING,9,1779891169.4767702"
2026-05-27T22:12:49,RAW,"ACK Message : ACK,PING,9,1779891169.4767702,RSSI=-31"
2026-05-27T22:12:49,RAW,beginPacket : 1
2026-05-27T22:12:49,RAW,endPacket   : 1
2026-05-27T22:12:49,RAW,===============================
2026-05-27T22:12:49,RAW,========== CURRENT SUMMARY ==========
2026-05-27T22:12:49,RAW,WiFi Status   : Connected
2026-05-27T22:12:49,RAW,ESP32 IP      : 172.20.10.14
2026-05-27T22:12:49,RAW,RSSI          : -31 dBm
2026-05-27T22:12:49,RAW,UDP Count     : 9
2026-05-27T22:12:49,RAW,CSI Count     : 49
2026-05-27T22:12:49,RAW,"Last UDP      : PING,9,1779891169.4767702"
2026-05-27T22:12:49,RAW,"Last ACK      : ACK,PING,9,1779891169.4767702,RSSI=-31"
2026-05-27T22:12:49,RAW,Last UDP RSSI : -31 dBm
2026-05-27T22:12:49,RAW,====================================
2026-05-27T22:12:50,RAW,========== CURRENT SUMMARY ==========
2026-05-27T22:12:50,RAW,WiFi Status   : Connected
2026-05-27T22:12:50,RAW,ESP32 IP      : 172.20.10.14
2026-05-27T22:12:50,RAW,RSSI          : -31 dBm
2026-05-27T22:12:50,RAW,UDP Count     : 9
2026-05-27T22:12:50,RAW,CSI Count     : 49
2026-05-27T22:12:50,RAW,"Last UDP      : PING,9,1779891169.4767702"
2026-05-27T22:12:50,RAW,"Last ACK      : ACK,PING,9,1779891169.4767702,RSSI=-31"
2026-05-27T22:12:50,RAW,Last UDP RSSI : -31 dBm
2026-05-27T22:12:50,RAW,====================================
2026-05-27T22:12:50,CSI,"CSI_DATA,50,213300,-27,6,256,0 0 -4 -8 -5 -9 -8 -12 -10 -12 -12 -14 -12 -15 -12 -14 -12 -14 -11 -15 -10 -12 -9 -11 -8 -10 -7 -7 -6 -5 -4 -3 -5 -1 -4 2 -5 5 -6 6 -6 8 -8 9 -10 8 -10 8 -12 7 -12 5 -13 4 0 0 0 0 0 0 0 0 0 0 0 0 0 0 0 0 0 0 0 0 0 0 5 12 3 14 1 12 -1 14 -1 11 -2 11 -2 9 -1 6 0 5 1 2 3 1 6 0 8 -1 11 -2 14 -3 14 -1 18 -2 16 -2 19 -2 17 -2 17 -3 15 -2 12 -2 10 -2 7 -4 4 -5"
2026-05-27T22:12:50,RAW,========== UDP DEBUG ==========
2026-05-27T22:12:50,RAW,Packet Size : 25
2026-05-27T22:12:50,RAW,Remote IP   : 172.20.10.5
2026-05-27T22:12:50,RAW,Remote Port : 56939
2026-05-27T22:12:50,RAW,"Last UDP    : PING,10,1779891170.799999"
2026-05-27T22:12:50,RAW,"ACK Message : ACK,PING,10,1779891170.799999,RSSI=-31"
2026-05-27T22:12:50,RAW,beginPacket : 1
2026-05-27T22:12:50,RAW,endPacket   : 1
2026-05-27T22:12:50,RAW,===============================
2026-05-27T22:12:51,CSI,"CSI_DATA,51,213615,-27,6,128,0 0 -7 1 -12 3 -13 5 -17 6 -17 6 -18 8 -19 8 -17 7 -16 7 -15 6 -12 6 -10 5 -7 4 -4 3 0 4 2 3 4 3 6 4 9 4 10 5 10 6 11 6 11 8 9 9 8 9 6 9 0 0 0 0 0 0 0 0 0 0 0 0 0 0 0 0 0 0 0 0 0 0 10 9 9 10 10 13 7 12 6 14 4 12 3 11 2 9 2 6 2 3 3 0 3 -3 5 -6 6 -9 7 -11 8 -15 8 -15 11 -18 10 -17 10 -18 10 -16 8 -15 8 -13 4 -11 2 -7 -1 -5"
2026-05-27T22:12:51,RAW,========== CURRENT SUMMARY ==========
2026-05-27T22:12:51,RAW,WiFi Status   : Connected
2026-05-27T22:12:51,RAW,ESP32 IP      : 172.20.10.14
2026-05-27T22:12:51,RAW,RSSI          : -31 dBm
2026-05-27T22:12:51,RAW,UDP Count     : 10
2026-05-27T22:12:51,RAW,CSI Count     : 51
2026-05-27T22:12:51,RAW,"Last UDP      : PING,10,1779891170.799999"
2026-05-27T22:12:51,RAW,"Last ACK      : ACK,PING,10,1779891170.799999,RSSI=-31"
2026-05-27T22:12:51,RAW,Last UDP RSSI : -31 dBm
2026-05-27T22:12:51,RAW,====================================
2026-05-27T22:12:51,CSI,"CSI_DATA,52,214324,-26,6,256,0 0 6 3 10 2 12 1 15 1 16 2 17 2 17 2 16 3 15 2 14 2 12 1 9 0 7 -1 5 -2 3 -4 1 -5 1 -7 0 -8 -1 -10 0 -12 0 -12 1 -13 3 -13 3 -12 5 -11 5 -9 0 0 0 0 0 0 0 0 0 0 0 0 0 0 0 0 0 0 0 0 0 0 -13 -2 -13 -4 -14 -6 -12 -7 -11 -9 -9 -8 -8 -8 -6 -7 -5 -4 -5 -2 -5 1 -5 3 -6 6 -6 8 -7 9 -8 13 -8 13 -10 14 -10 14 -11 14 -11 13 -9 12 -8 11 -5 9 -2 7 1 5"
2026-05-27T22:12:51,RAW,========== UDP DEBUG ==========
2026-05-27T22:12:51,RAW,Packet Size : 25
2026-05-27T22:12:51,RAW,Remote IP   : 172.20.10.5
2026-05-27T22:12:51,RAW,Remote Port : 56939
2026-05-27T22:12:51,RAW,"Last UDP    : PING,11,1779891171.833869"
2026-05-27T22:12:51,RAW,"ACK Message : ACK,PING,11,1779891171.833869,RSSI=-31"
2026-05-27T22:12:51,RAW,beginPacket : 1
2026-05-27T22:12:51,RAW,endPacket   : 1
2026-05-27T22:12:51,RAW,===============================
2026-05-27T22:12:52,RAW,========== CURRENT SUMMARY ==========
2026-05-27T22:12:52,RAW,WiFi Status   : Connected
2026-05-27T22:12:52,RAW,ESP32 IP      : 172.20.10.14
2026-05-27T22:12:52,RAW,RSSI          : -31 dBm
2026-05-27T22:12:52,RAW,UDP Count     : 11
2026-05-27T22:12:52,RAW,CSI Count     : 52
2026-05-27T22:12:52,RAW,"Last UDP      : PING,11,1779891171.833869"
2026-05-27T22:12:52,RAW,"Last ACK      : ACK,PING,11,1779891171.833869,RSSI=-31"
2026-05-27T22:12:52,RAW,Last UDP RSSI : -31 dBm
2026-05-27T22:12:52,RAW,====================================
2026-05-27T22:12:52,CSI,"CSI_DATA,53,215450,-26,6,256,0 0 -5 7 -7 10 -6 13 -7 16 -7 16 -7 17 -7 17 -7 16 -6 15 -6 13 -5 11 -4 9 -2 7 0 5 3 3 5 1 7 1 9 1 11 0 12 1 13 2 14 2 13 5 11 6 9 7 7 7 0 0 0 0 0 0 0 0 0 0 0 0 0 0 0 0 0 0 0 0 0 0 7 -11 9 -11 11 -10 12 -8 12 -7 12 -5 10 -5 9 -4 6 -4 4 -4 2 -5 -1 -6 -3 -8 -5 -9 -8 -11 -10 -13 -11 -14 -12 -16 -11 -16 -12 -15 -11 -15 -11 -14 -9 -12 -8 -9 -7 -6 -6 -2"
2026-05-27T22:12:52,RAW,========== UDP DEBUG ==========
2026-05-27T22:12:52,RAW,Packet Size : 26
2026-05-27T22:12:52,RAW,Remote IP   : 172.20.10.5
2026-05-27T22:12:52,RAW,Remote Port : 56939
2026-05-27T22:12:52,RAW,"Last UDP    : PING,12,1779891172.8583171"
2026-05-27T22:12:52,RAW,"ACK Message : ACK,PING,12,1779891172.8583171,RSSI=-31"
2026-05-27T22:12:52,RAW,beginPacket : 1
2026-05-27T22:12:52,RAW,endPacket   : 1
2026-05-27T22:12:52,RAW,===============================
2026-05-27T22:12:53,RAW,========== CURRENT SUMMARY ==========
2026-05-27T22:12:53,RAW,WiFi Status   : Connected
2026-05-27T22:12:53,RAW,ESP32 IP      : 172.20.10.14
2026-05-27T22:12:53,RAW,RSSI          : -31 dBm
2026-05-27T22:12:53,RAW,UDP Count     : 12
2026-05-27T22:12:53,RAW,CSI Count     : 53
2026-05-27T22:12:53,RAW,"Last UDP      : PING,12,1779891172.8583171"
2026-05-27T22:12:53,RAW,"Last ACK      : ACK,PING,12,1779891172.8583171,RSSI=-31"
2026-05-27T22:12:53,RAW,Last UDP RSSI : -31 dBm
2026-05-27T22:12:53,RAW,====================================
2026-05-27T22:12:54,CSI,"CSI_DATA,54,216577,-26,6,256,0 0 -10 -3 -11 -2 -16 -2 -16 -1 -20 -1 -20 -2 -20 -1 -20 -2 -18 -2 -15 0 -14 -1 -12 0 -9 1 -7 2 -4 2 -3 5 0 6 1 9 1 10 1 11 1 13 -2 14 -1 13 -3 13 -4 12 -6 10 0 0 0 0 0 0 0 0 0 0 0 0 0 0 0 0 0 0 0 0 0 0 13 0 15 3 13 4 14 7 11 6 10 7 8 7 6 5 5 3 4 0 3 -2 3 -5 4 -8 5 -11 6 -14 7 -14 9 -17 8 -16 9 -19 9 -17 8 -17 8 -15 5 -12 4 -11 1 -9 -2 -7"
2026-05-27T22:12:54,RAW,========== UDP DEBUG ==========
2026-05-27T22:12:54,RAW,Packet Size : 26
2026-05-27T22:12:54,RAW,Remote IP   : 172.20.10.5
2026-05-27T22:12:54,RAW,Remote Port : 56939
2026-05-27T22:12:54,RAW,"Last UDP    : PING,13,1779891173.9837859"
2026-05-27T22:12:54,RAW,"ACK Message : ACK,PING,13,1779891173.9837859,RSSI=-31"
2026-05-27T22:12:54,RAW,beginPacket : 1
2026-05-27T22:12:54,RAW,endPacket   : 1
2026-05-27T22:12:54,RAW,===============================
2026-05-27T22:12:54,RAW,========== CURRENT SUMMARY ==========
2026-05-27T22:12:54,RAW,WiFi Status   : Connected
2026-05-27T22:12:54,RAW,ESP32 IP      : 172.20.10.14
2026-05-27T22:12:54,RAW,RSSI          : -31 dBm
2026-05-27T22:12:54,RAW,UDP Count     : 13
2026-05-27T22:12:54,RAW,CSI Count     : 54
2026-05-27T22:12:54,RAW,"Last UDP      : PING,13,1779891173.9837859"
2026-05-27T22:12:54,RAW,"Last ACK      : ACK,PING,13,1779891173.9837859,RSSI=-31"
2026-05-27T22:12:54,RAW,Last UDP RSSI : -31 dBm
2026-05-27T22:12:54,RAW,====================================
2026-05-27T22:12:55,CSI,"CSI_DATA,55,217600,-26,6,256,0 0 8 0 11 -3 12 -4 16 -5 16 -5 17 -6 18 -5 16 -5 15 -5 14 -4 11 -4 8 -3 6 -4 3 -4 0 -6 -3 -6 -4 -7 -5 -8 -7 -9 -7 -12 -7 -12 -7 -13 -4 -14 -3 -13 -1 -12 0 -10 0 0 0 0 0 0 0 0 0 0 0 0 0 0 0 0 0 0 0 0 0 0 -13 -1 -13 -3 -15 -5 -13 -6 -13 -8 -11 -8 -10 -7 -8 -7 -6 -4 -6 -3 -5 0 -4 3 -5 6 -4 9 -4 10 -5 14 -5 14 -6 17 -7 16 -6 17 -7 16 -5 15 -5 13 -3 10 -1 7 2 4"
2026-05-27T22:12:55,RAW,========== UDP DEBUG ==========
2026-05-27T22:12:55,RAW,Packet Size : 25
2026-05-27T22:12:55,RAW,Remote IP   : 172.20.10.5
2026-05-27T22:12:55,RAW,Remote Port : 56939
2026-05-27T22:12:55,RAW,"Last UDP    : PING,14,1779891175.106302"
2026-05-27T22:12:55,RAW,"ACK Message : ACK,PING,14,1779891175.106302,RSSI=-33"
2026-05-27T22:12:55,RAW,beginPacket : 1
2026-05-27T22:12:55,RAW,endPacket   : 1
2026-05-27T22:12:55,RAW,===============================
2026-05-27T22:12:55,RAW,========== CURRENT SUMMARY ==========
2026-05-27T22:12:55,RAW,WiFi Status   : Connected
2026-05-27T22:12:55,RAW,ESP32 IP      : 172.20.10.14
2026-05-27T22:12:55,RAW,RSSI          : -33 dBm
2026-05-27T22:12:55,RAW,UDP Count     : 14
2026-05-27T22:12:55,RAW,CSI Count     : 55
2026-05-27T22:12:55,RAW,"Last UDP      : PING,14,1779891175.106302"
2026-05-27T22:12:55,RAW,"Last ACK      : ACK,PING,14,1779891175.106302,RSSI=-33"
2026-05-27T22:12:55,RAW,Last UDP RSSI : -33 dBm
2026-05-27T22:12:55,RAW,====================================
2026-05-27T22:12:56,CSI,"CSI_DATA,56,218661,-26,6,128,0 0 -8 4 -8 7 -10 10 -11 12 -12 14 -14 14 -13 13 -13 13 -12 12 -10 11 -9 10 -6 9 -5 7 -3 5 0 4 2 4 4 4 7 4 8 5 10 6 10 7 10 9 9 9 9 10 7 10 4 10 0 0 0 0 0 0 0 0 0 0 0 0 0 0 0 0 0 0 0 0 0 0 8 -11 11 -10 12 -8 13 -7 13 -5 12 -4 10 -2 8 -2 5 -2 3 -4 1 -5 -2 -7 -4 -9 -5 -11 -6 -13 -7 -15 -7 -17 -7 -17 -8 -19 -6 -18 -6 -17 -6 -16 -6 -12 -6 -10 -7 -6 -6 -3"
2026-05-27T22:12:56,CSI,"CSI_DATA,57,218829,-26,6,256,0 0 -7 -7 -9 -8 -13 -9 -14 -8 -16 -10 -17 -10 -17 -10 -17 -10 -15 -10 -13 -8 -12 -7 -10 -6 -9 -4 -7 -1 -5 0 -5 3 -4 5 -3 7 -4 9 -4 10 -6 12 -8 11 -8 11 -9 9 -10 8 -10 6 0 0 0 0 0 0 0 0 0 0 0 0 0 0 0 0 0 0 0 0 0 0 11 7 11 10 9 10 8 12 6 11 5 11 3 9 3 7 3 5 3 2 4 0 5 -2 7 -4 9 -6 12 -8 12 -8 15 -10 15 -10 16 -10 15 -10 14 -10 14 -9 11 -8 8 -7 5 -7 1 -7"
2026-05-27T22:12:56,RAW,========== UDP DEBUG ==========
2026-05-27T22:12:56,RAW,Packet Size : 25
2026-05-27T22:12:56,RAW,Remote IP   : 172.20.10.5
2026-05-27T22:12:56,RAW,Remote Port : 56939
2026-05-27T22:12:56,RAW,"Last UDP    : PING,15,1779891176.135236"
2026-05-27T22:12:56,RAW,"ACK Message : ACK,PING,15,1779891176.135236,RSSI=-31"
2026-05-27T22:12:56,RAW,beginPacket : 1
2026-05-27T22:12:56,RAW,endPacket   : 1
2026-05-27T22:12:56,RAW,===============================
2026-05-27T22:12:56,RAW,========== CURRENT SUMMARY ==========
2026-05-27T22:12:56,RAW,WiFi Status   : Connected
2026-05-27T22:12:56,RAW,ESP32 IP      : 172.20.10.14
2026-05-27T22:12:56,RAW,RSSI          : -31 dBm
2026-05-27T22:12:56,RAW,UDP Count     : 15
2026-05-27T22:12:56,RAW,CSI Count     : 57
2026-05-27T22:12:56,RAW,"Last UDP      : PING,15,1779891176.135236"
2026-05-27T22:12:56,RAW,"Last ACK      : ACK,PING,15,1779891176.135236,RSSI=-31"
2026-05-27T22:12:56,RAW,Last UDP RSSI : -31 dBm
2026-05-27T22:12:56,RAW,====================================
2026-05-27T22:12:57,CSI,"CSI_DATA,58,219956,-26,6,256,0 0 2 -7 2 -13 1 -14 2 -18 3 -18 2 -20 3 -20 3 -19 1 -18 3 -17 1 -14 1 -11 0 -9 -1 -6 -4 -5 -5 -2 -7 -1 -8 0 -10 1 -12 2 -12 1 -13 2 -15 -1 -14 -3 -13 -4 -11 -5 0 0 0 0 0 0 0 0 0 0 0 0 0 0 0 0 0 0 0 0 0 0 -9 12 -10 10 -13 10 -12 8 -13 6 -11 4 -10 4 -8 2 -4 2 -3 3 1 5 3 6 5 7 8 9 9 10 13 12 12 11 14 15 12 14 13 14 11 13 11 11 9 10 8 6 5 3 4 -1"
2026-05-27T22:12:57,RAW,========== UDP DEBUG ==========
2026-05-27T22:12:57,RAW,Packet Size : 25
2026-05-27T22:12:57,RAW,Remote IP   : 172.20.10.5
2026-05-27T22:12:57,RAW,Remote Port : 56939
2026-05-27T22:12:57,RAW,"Last UDP    : PING,16,1779891177.361789"
2026-05-27T22:12:57,RAW,"ACK Message : ACK,PING,16,1779891177.361789,RSSI=-31"
2026-05-27T22:12:57,RAW,beginPacket : 1
2026-05-27T22:12:57,RAW,endPacket   : 1
2026-05-27T22:12:57,RAW,===============================
2026-05-27T22:12:57,RAW,========== CURRENT SUMMARY ==========
2026-05-27T22:12:57,RAW,WiFi Status   : Connected
2026-05-27T22:12:57,RAW,ESP32 IP      : 172.20.10.14
2026-05-27T22:12:57,RAW,RSSI          : -31 dBm
2026-05-27T22:12:57,RAW,UDP Count     : 16
2026-05-27T22:12:57,RAW,CSI Count     : 58
2026-05-27T22:12:57,RAW,"Last UDP      : PING,16,1779891177.361789"
2026-05-27T22:12:57,RAW,"Last ACK      : ACK,PING,16,1779891177.361789,RSSI=-31"
2026-05-27T22:12:57,RAW,Last UDP RSSI : -31 dBm
2026-05-27T22:12:57,RAW,====================================
2026-05-27T22:12:58,CSI,"CSI_DATA,59,221082,-26,6,256,0 0 7 4 8 3 13 4 13 2 17 3 17 4 17 3 17 3 15 4 13 2 12 2 10 0 8 0 6 -2 3 -2 2 -5 -1 -6 -1 -8 -1 -11 -1 -11 -1 -13 2 -14 1 -13 3 -13 4 -12 5 -10 0 0 0 0 0 0 0 0 0 0 0 0 0 0 0 0 0 0 0 0 0 0 -12 -6 -13 -9 -10 -10 -10 -12 -7 -11 -7 -12 -5 -10 -4 -8 -4 -6 -4 -3 -4 0 -5 2 -6 5 -8 7 -10 10 -11 9 -14 11 -12 10 -14 13 -14 11 -13 11 -12 10 -9 9 -7 7 -4 7 -1 5"
2026-05-27T22:12:58,RAW,========== UDP DEBUG ==========
2026-05-27T22:12:58,RAW,Packet Size : 26
2026-05-27T22:12:58,RAW,Remote IP   : 172.20.10.5
2026-05-27T22:12:58,RAW,Remote Port : 56939
2026-05-27T22:12:58,RAW,"Last UDP    : PING,17,1779891178.4921548"
2026-05-27T22:12:58,RAW,"ACK Message : ACK,PING,17,1779891178.4921548,RSSI=-31"
2026-05-27T22:12:58,RAW,beginPacket : 1
2026-05-27T22:12:58,RAW,endPacket   : 1
2026-05-27T22:12:58,RAW,===============================
2026-05-27T22:12:58,RAW,========== CURRENT SUMMARY ==========
2026-05-27T22:12:58,RAW,WiFi Status   : Connected
2026-05-27T22:12:58,RAW,ESP32 IP      : 172.20.10.14
2026-05-27T22:12:58,RAW,RSSI          : -31 dBm
2026-05-27T22:12:58,RAW,UDP Count     : 17
2026-05-27T22:12:58,RAW,CSI Count     : 59
2026-05-27T22:12:58,RAW,"Last UDP      : PING,17,1779891178.4921548"
2026-05-27T22:12:58,RAW,"Last ACK      : ACK,PING,17,1779891178.4921548,RSSI=-31"
2026-05-27T22:12:58,RAW,Last UDP RSSI : -31 dBm
2026-05-27T22:12:58,RAW,====================================
2026-05-27T22:12:59,CSI,"CSI_DATA,60,222112,-26,6,256,0 0 4 5 8 5 10 6 13 7 15 8 15 9 15 9 14 9 13 8 12 6 11 5 9 4 7 2 5 0 4 -2 3 -4 2 -6 1 -8 2 -10 3 -11 4 -12 4 -12 6 -12 6 -11 7 -10 7 -8 0 0 0 0 0 0 0 0 0 0 0 0 0 0 0 0 0 0 0 0 0 0 -10 -9 -8 -11 -8 -13 -6 -13 -5 -13 -3 -12 -2 -11 -2 -9 -2 -6 -3 -4 -5 -2 -6 1 -8 3 -9 4 -12 5 -14 7 -15 7 -16 7 -16 8 -17 7 -16 6 -14 6 -12 6 -9 6 -6 5 -2 5"
2026-05-27T22:12:59,RAW,========== UDP DEBUG ==========
2026-05-27T22:12:59,RAW,Packet Size : 25
2026-05-27T22:12:59,RAW,Remote IP   : 172.20.10.5
2026-05-27T22:12:59,RAW,Remote Port : 56939
2026-05-27T22:12:59,RAW,"Last UDP    : PING,18,1779891179.612709"
2026-05-27T22:12:59,RAW,"ACK Message : ACK,PING,18,1779891179.612709,RSSI=-31"
2026-05-27T22:12:59,RAW,beginPacket : 1
2026-05-27T22:12:59,RAW,endPacket   : 1
2026-05-27T22:12:59,RAW,===============================
2026-05-27T22:12:59,RAW,========== CURRENT SUMMARY ==========
2026-05-27T22:12:59,RAW,WiFi Status   : Connected
2026-05-27T22:12:59,RAW,ESP32 IP      : 172.20.10.14
2026-05-27T22:12:59,RAW,RSSI          : -31 dBm
2026-05-27T22:12:59,RAW,UDP Count     : 18
2026-05-27T22:12:59,RAW,CSI Count     : 60
2026-05-27T22:12:59,RAW,"Last UDP      : PING,18,1779891179.612709"
2026-05-27T22:12:59,RAW,"Last ACK      : ACK,PING,18,1779891179.612709,RSSI=-31"
2026-05-27T22:12:59,RAW,Last UDP RSSI : -31 dBm
2026-05-27T22:12:59,RAW,====================================
2026-05-27T22:13:00,RAW,========== CURRENT SUMMARY ==========
2026-05-27T22:13:00,RAW,WiFi Status   : Connected
2026-05-27T22:13:00,RAW,ESP32 IP      : 172.20.10.14
2026-05-27T22:13:00,RAW,RSSI          : -32 dBm
2026-05-27T22:13:00,RAW,UDP Count     : 18
2026-05-27T22:13:00,RAW,CSI Count     : 60
2026-05-27T22:13:00,RAW,"Last UDP      : PING,18,1779891179.612709"
2026-05-27T22:13:00,RAW,"Last ACK      : ACK,PING,18,1779891179.612709,RSSI=-31"
2026-05-27T22:13:00,RAW,Last UDP RSSI : -31 dBm
2026-05-27T22:13:00,RAW,====================================
2026-05-27T22:13:00,CSI,"CSI_DATA,61,223251,-25,6,256,0 0 2 7 7 9 8 9 11 12 10 12 11 13 11 13 10 13 10 11 9 12 8 9 6 8 6 6 5 3 7 1 5 -1 7 -3 7 -4 8 -5 10 -6 10 -5 11 -6 13 -3 12 -2 11 0 10 1 0 0 0 0 0 0 0 0 0 0 0 0 0 0 0 0 0 0 0 0 0 0 -13 -2 -12 -3 -15 -5 -12 -6 -12 -8 -9 -8 -9 -8 -7 -8 -6 -5 -6 -4 -7 -2 -7 1 -8 3 -9 5 -9 6 -12 9 -12 9 -15 11 -14 9 -15 10 -15 9 -13 9 -13 8 -10 7 -7 6 -4 6"
2026-05-27T22:13:00,RAW,========== UDP DEBUG ==========
2026-05-27T22:13:00,RAW,Packet Size : 25
2026-05-27T22:13:00,RAW,Remote IP   : 172.20.10.5
2026-05-27T22:13:00,RAW,Remote Port : 56939
2026-05-27T22:13:00,RAW,"Last UDP    : PING,19,1779891180.642698"
2026-05-27T22:13:00,RAW,"ACK Message : ACK,PING,19,1779891180.642698,RSSI=-32"
2026-05-27T22:13:00,RAW,beginPacket : 1
2026-05-27T22:13:00,RAW,endPacket   : 1
2026-05-27T22:13:00,RAW,===============================
2026-05-27T22:13:01,CSI,"CSI_DATA,62,223640,-26,6,128,0 0 -1 -7 -7 -12 -7 -11 -9 -16 -8 -13 -10 -15 -9 -17 -9 -16 -10 -15 -9 -15 -7 -10 -6 -8 -5 -6 -4 -4 -6 1 -5 3 -6 5 -6 6 -6 7 -9 9 -10 8 -10 10 -13 8 -11 6 -11 4 -10 2 0 0 0 0 0 0 0 0 0 0 0 0 0 0 0 0 0 0 0 0 0 0 2 12 0 11 -1 16 -2 12 -6 15 -4 10 -6 10 -6 8 -3 7 -2 6 1 4 3 3 6 1 8 1 10 2 16 0 14 0 19 1 15 0 17 1 17 3 17 0 15 1 10 -2 8 -2 4 -3"
2026-05-27T22:13:01,RAW,========== CURRENT SUMMARY ==========
2026-05-27T22:13:01,RAW,WiFi Status   : Connected
2026-05-27T22:13:01,RAW,ESP32 IP      : 172.20.10.14
2026-05-27T22:13:01,RAW,RSSI          : -31 dBm
2026-05-27T22:13:01,RAW,UDP Count     : 19
2026-05-27T22:13:01,RAW,CSI Count     : 62
2026-05-27T22:13:01,RAW,"Last UDP      : PING,19,1779891180.642698"
2026-05-27T22:13:01,RAW,"Last ACK      : ACK,PING,19,1779891180.642698,RSSI=-32"
2026-05-27T22:13:01,RAW,Last UDP RSSI : -32 dBm
2026-05-27T22:13:01,RAW,====================================
2026-05-27T22:13:01,CSI,"CSI_DATA,63,224461,-25,6,256,0 0 -9 4 -9 7 -9 9 -10 11 -11 12 -12 12 -12 12 -12 11 -11 11 -10 10 -9 9 -7 8 -6 7 -4 7 -1 7 0 7 1 7 2 9 2 9 2 11 1 11 1 12 -1 12 -2 12 -3 11 -5 9 0 0 0 0 0 0 0 0 0 0 0 0 0 0 0 0 0 0 0 0 0 0 -9 -8 -8 -10 -8 -11 -6 -12 -5 -13 -3 -13 -2 -12 -1 -11 -2 -10 -2 -8 -4 -8 -5 -6 -7 -6 -9 -5 -10 -6 -13 -5 -14 -5 -15 -6 -16 -7 -16 -8 -15 -8 -15 -7 -14 -6 -13 -5 -11 -3 -10 -1"
2026-05-27T22:13:01,RAW,========== UDP DEBUG ==========
2026-05-27T22:13:01,RAW,Packet Size : 25
2026-05-27T22:13:01,RAW,Remote IP   : 172.20.10.5
2026-05-27T22:13:01,RAW,Remote Port : 56939
2026-05-27T22:13:01,RAW,"Last UDP    : PING,20,1779891181.786653"
2026-05-27T22:13:01,RAW,"ACK Message : ACK,PING,20,1779891181.786653,RSSI=-32"
2026-05-27T22:13:01,RAW,beginPacket : 1
2026-05-27T22:13:01,RAW,endPacket   : 1
2026-05-27T22:13:01,RAW,===============================
2026-05-27T22:13:02,RAW,========== CURRENT SUMMARY ==========
2026-05-27T22:13:02,RAW,WiFi Status   : Connected
2026-05-27T22:13:02,RAW,ESP32 IP      : 172.20.10.14
2026-05-27T22:13:02,RAW,RSSI          : -32 dBm
2026-05-27T22:13:02,RAW,UDP Count     : 20
2026-05-27T22:13:02,RAW,CSI Count     : 63
2026-05-27T22:13:02,RAW,"Last UDP      : PING,20,1779891181.786653"
2026-05-27T22:13:02,RAW,"Last ACK      : ACK,PING,20,1779891181.786653,RSSI=-32"
2026-05-27T22:13:02,RAW,Last UDP RSSI : -32 dBm
2026-05-27T22:13:02,RAW,====================================
2026-05-27T22:13:03,CSI,"CSI_DATA,64,225588,-25,6,256,0 0 7 -2 10 -6 11 -7 14 -9 14 -9 14 -11 15 -11 15 -10 14 -10 13 -8 11 -7 9 -6 6 -5 4 -5 0 -6 -2 -5 -4 -6 -5 -7 -8 -7 -9 -9 -8 -10 -9 -11 -6 -13 -4 -13 -3 -13 -1 -12 0 0 0 0 0 0 0 0 0 0 0 0 0 0 0 0 0 0 0 0 0 0 -13 5 -13 3 -15 2 -14 0 -15 -1 -12 -2 -11 -2 -9 -2 -7 0 -6 1 -4 3 -3 5 -2 8 -1 10 0 12 0 15 1 15 0 18 0 17 1 18 0 17 1 16 0 14 1 11 2 8 3 4"
2026-05-27T22:13:03,RAW,========== UDP DEBUG ==========
2026-05-27T22:13:03,RAW,Packet Size : 25
2026-05-27T22:13:03,RAW,Remote IP   : 172.20.10.5
2026-05-27T22:13:03,RAW,Remote Port : 56939
2026-05-27T22:13:03,RAW,"Last UDP    : PING,21,1779891182.995404"
2026-05-27T22:13:03,RAW,"ACK Message : ACK,PING,21,1779891182.995404,RSSI=-31"
2026-05-27T22:13:03,RAW,beginPacket : 1
2026-05-27T22:13:03,RAW,endPacket   : 1
2026-05-27T22:13:03,RAW,===============================
2026-05-27T22:13:03,RAW,========== CURRENT SUMMARY ==========
2026-05-27T22:13:03,RAW,WiFi Status   : Connected
2026-05-27T22:13:03,RAW,ESP32 IP      : 172.20.10.14
2026-05-27T22:13:03,RAW,RSSI          : -31 dBm
2026-05-27T22:13:03,RAW,UDP Count     : 21
2026-05-27T22:13:03,RAW,CSI Count     : 64
2026-05-27T22:13:03,RAW,"Last UDP      : PING,21,1779891182.995404"
2026-05-27T22:13:03,RAW,"Last ACK      : ACK,PING,21,1779891182.995404,RSSI=-31"
2026-05-27T22:13:03,RAW,Last UDP RSSI : -31 dBm
2026-05-27T22:13:03,RAW,====================================
2026-05-27T22:13:04,CSI,"CSI_DATA,65,226714,-25,6,256,0 0 0 -9 -1 -11 -3 -15 -4 -16 -4 -19 -5 -18 -4 -18 -4 -18 -3 -17 -3 -14 -3 -12 -3 -10 -4 -8 -5 -5 -4 -2 -6 0 -7 2 -9 3 -11 4 -12 5 -14 4 -14 2 -14 1 -13 -1 -12 -2 -11 -3 0 0 0 0 0 0 0 0 0 0 0 0 0 0 0 0 0 0 0 0 0 0 2 12 0 14 -3 13 -4 15 -5 12 -6 12 -6 10 -5 9 -4 7 -2 5 1 4 3 3 6 3 9 3 13 3 13 4 17 4 16 4 18 5 17 4 17 4 16 4 12 3 11 2 8 0 6 -3"
2026-05-27T22:13:04,RAW,========== UDP DEBUG ==========
2026-05-27T22:13:04,RAW,Packet Size : 26
2026-05-27T22:13:04,RAW,Remote IP   : 172.20.10.5
2026-05-27T22:13:04,RAW,Remote Port : 56939
2026-05-27T22:13:04,RAW,"Last UDP    : PING,22,1779891184.1226912"
2026-05-27T22:13:04,RAW,"ACK Message : ACK,PING,22,1779891184.1226912,RSSI=-31"
2026-05-27T22:13:04,RAW,beginPacket : 1
2026-05-27T22:13:04,RAW,endPacket   : 1
2026-05-27T22:13:04,RAW,===============================
2026-05-27T22:13:04,RAW,========== CURRENT SUMMARY ==========
2026-05-27T22:13:04,RAW,WiFi Status   : Connected
2026-05-27T22:13:04,RAW,ESP32 IP      : 172.20.10.14
2026-05-27T22:13:04,RAW,RSSI          : -31 dBm
2026-05-27T22:13:04,RAW,UDP Count     : 22
2026-05-27T22:13:04,RAW,CSI Count     : 65
2026-05-27T22:13:04,RAW,"Last UDP      : PING,22,1779891184.1226912"
2026-05-27T22:13:04,RAW,"Last ACK      : ACK,PING,22,1779891184.1226912,RSSI=-31"
2026-05-27T22:13:04,RAW,Last UDP RSSI : -31 dBm
2026-05-27T22:13:04,RAW,====================================
2026-05-27T22:13:05,CSI,"CSI_DATA,66,227840,-26,6,256,0 0 -4 8 -2 10 -2 14 -1 15 -1 17 -3 18 -3 17 -3 16 -2 15 -1 13 -1 11 0 9 1 7 2 5 3 2 5 1 6 -1 9 -1 11 -1 12 0 13 1 13 2 12 2 11 4 10 4 8 5 0 0 0 0 0 0 0 0 0 0 0 0 0 0 0 0 0 0 0 0 0 0 -2 -12 0 -14 2 -14 4 -15 5 -13 5 -12 6 -10 5 -8 4 -7 1 -5 -1 -5 -4 -4 -7 -4 -10 -5 -12 -6 -13 -7 -15 -8 -15 -8 -17 -9 -16 -9 -15 -9 -14 -8 -12 -5 -11 -4 -9 -1 -6 1"
2026-05-27T22:13:05,RAW,========== UDP DEBUG ==========
2026-05-27T22:13:05,RAW,Packet Size : 26
2026-05-27T22:13:05,RAW,Remote IP   : 172.20.10.5
2026-05-27T22:13:05,RAW,Remote Port : 56939
2026-05-27T22:13:05,RAW,"Last UDP    : PING,23,1779891185.2815418"
2026-05-27T22:13:05,RAW,"ACK Message : ACK,PING,23,1779891185.2815418,RSSI=-31"
2026-05-27T22:13:05,RAW,beginPacket : 1
2026-05-27T22:13:05,RAW,endPacket   : 1
2026-05-27T22:13:05,RAW,===============================
2026-05-27T22:13:05,RAW,========== CURRENT SUMMARY ==========
2026-05-27T22:13:05,RAW,WiFi Status   : Connected
2026-05-27T22:13:05,RAW,ESP32 IP      : 172.20.10.14
2026-05-27T22:13:05,RAW,RSSI          : -31 dBm
2026-05-27T22:13:05,RAW,UDP Count     : 23
2026-05-27T22:13:05,RAW,CSI Count     : 66
2026-05-27T22:13:05,RAW,"Last UDP      : PING,23,1779891185.2815418"
2026-05-27T22:13:05,RAW,"Last ACK      : ACK,PING,23,1779891185.2815418,RSSI=-31"
2026-05-27T22:13:05,RAW,Last UDP RSSI : -31 dBm
2026-05-27T22:13:05,RAW,====================================
2026-05-27T22:13:06,CSI,"CSI_DATA,67,228661,-26,6,128,0 0 4 -9 4 -11 3 -14 4 -17 4 -18 3 -19 4 -19 4 -19 4 -18 4 -16 4 -14 4 -12 2 -10 0 -8 -2 -6 -4 -5 -6 -3 -8 -3 -10 -2 -12 -3 -13 -4 -13 -5 -13 -7 -11 -9 -10 -10 -8 -10 0 0 0 0 0 0 0 0 0 0 0 0 0 0 0 0 0 0 0 0 0 0 -2 14 -4 14 -6 13 -7 12 -8 10 -8 9 -6 7 -4 6 -2 5 0 5 2 5 5 6 7 7 9 7 12 8 13 9 15 10 15 11 15 11 15 10 14 10 13 9 11 8 9 5 8 3 6 -1"
2026-05-27T22:13:06,CSI,"CSI_DATA,68,228865,-25,6,256,0 0 -4 -8 -7 -12 -9 -12 -11 -15 -11 -15 -12 -15 -12 -15 -11 -15 -11 -13 -9 -13 -8 -10 -7 -9 -6 -6 -5 -3 -6 0 -5 3 -6 5 -6 6 -6 8 -8 9 -9 9 -9 10 -12 8 -12 6 -12 4 -11 3 0 0 0 0 0 0 0 0 0 0 0 0 0 0 0 0 0 0 0 0 0 0 5 12 3 13 2 15 0 14 -2 14 -3 12 -2 10 -2 8 -1 6 0 4 3 3 6 1 8 0 11 0 13 -1 16 -2 17 -2 19 -2 18 -1 18 -2 17 -2 15 -2 13 -1 10 -2 7 -3 3 -5"
2026-05-27T22:13:06,RAW,========== UDP DEBUG ==========
2026-05-27T22:13:06,RAW,Packet Size : 25
2026-05-27T22:13:06,RAW,Remote IP   : 172.20.10.5
2026-05-27T22:13:06,RAW,Remote Port : 56939
2026-05-27T22:13:06,RAW,"Last UDP    : PING,24,1779891186.371372"
2026-05-27T22:13:06,RAW,"ACK Message : ACK,PING,24,1779891186.371372,RSSI=-31"
2026-05-27T22:13:06,RAW,beginPacket : 1
2026-05-27T22:13:06,RAW,endPacket   : 1
2026-05-27T22:13:06,RAW,===============================
2026-05-27T22:13:06,RAW,========== CURRENT SUMMARY ==========
2026-05-27T22:13:06,RAW,WiFi Status   : Connected
2026-05-27T22:13:06,RAW,ESP32 IP      : 172.20.10.14
2026-05-27T22:13:06,RAW,RSSI          : -31 dBm
2026-05-27T22:13:06,RAW,UDP Count     : 24
2026-05-27T22:13:06,RAW,CSI Count     : 68
2026-05-27T22:13:06,RAW,"Last UDP      : PING,24,1779891186.371372"
2026-05-27T22:13:06,RAW,"Last ACK      : ACK,PING,24,1779891186.371372,RSSI=-31"
2026-05-27T22:13:06,RAW,Last UDP RSSI : -31 dBm
2026-05-27T22:13:06,RAW,====================================
2026-05-27T22:13:07,CSI,"CSI_DATA,69,229991,-26,6,256,0 0 -1 8 0 9 2 13 4 13 4 16 4 16 4 16 4 16 3 15 3 13 2 11 2 10 2 7 3 5 3 2 4 0 5 -2 7 -4 8 -5 9 -5 11 -5 12 -4 12 -3 12 -1 12 1 10 2 0 0 0 0 0 0 0 0 0 0 0 0 0 0 0 0 0 0 0 0 0 0 -3 -13 -2 -15 0 -14 2 -15 3 -13 4 -12 4 -10 3 -8 1 -7 -1 -5 -3 -4 -6 -3 -8 -3 -11 -3 -13 -3 -14 -4 -17 -4 -17 -4 -18 -5 -17 -4 -17 -4 -15 -4 -13 -3 -11 -2 -9 0 -6 2"
2026-05-27T22:13:07,RAW,========== UDP DEBUG ==========
2026-05-27T22:13:07,RAW,Packet Size : 26
2026-05-27T22:13:07,RAW,Remote IP   : 172.20.10.5
2026-05-27T22:13:07,RAW,Remote Port : 56939
2026-05-27T22:13:07,RAW,"Last UDP    : PING,25,1779891187.4013681"
2026-05-27T22:13:07,RAW,"ACK Message : ACK,PING,25,1779891187.4013681,RSSI=-31"
2026-05-27T22:13:07,RAW,beginPacket : 1
2026-05-27T22:13:07,RAW,endPacket   : 1
2026-05-27T22:13:07,RAW,===============================
2026-05-27T22:13:07,RAW,========== CURRENT SUMMARY ==========
2026-05-27T22:13:07,RAW,WiFi Status   : Connected
2026-05-27T22:13:07,RAW,ESP32 IP      : 172.20.10.14
2026-05-27T22:13:07,RAW,RSSI          : -31 dBm
2026-05-27T22:13:07,RAW,UDP Count     : 25
2026-05-27T22:13:07,RAW,CSI Count     : 69
2026-05-27T22:13:07,RAW,"Last UDP      : PING,25,1779891187.4013681"
2026-05-27T22:13:07,RAW,"Last ACK      : ACK,PING,25,1779891187.4013681,RSSI=-31"
2026-05-27T22:13:07,RAW,Last UDP RSSI : -31 dBm
2026-05-27T22:13:07,RAW,====================================
2026-05-27T22:13:08,CSI,"CSI_DATA,70,231117,-26,6,256,0 0 -3 9 -2 10 -1 15 1 15 1 18 0 19 0 19 0 19 -1 18 1 16 0 14 1 12 1 9 2 7 2 4 3 3 5 0 7 -2 9 -2 10 -2 13 -2 13 0 13 0 13 2 13 3 11 5 0 0 0 0 0 0 0 0 0 0 0 0 0 0 0 0 0 0 0 0 0 0 -2 -15 0 -17 2 -15 5 -15 5 -12 5 -12 4 -9 3 -8 1 -6 -2 -4 -5 -4 -7 -4 -10 -4 -13 -5 -16 -6 -16 -7 -19 -8 -18 -8 -20 -8 -18 -8 -18 -7 -16 -8 -13 -5 -11 -4 -9 0 -7 2"
2026-05-27T22:13:08,RAW,========== UDP DEBUG ==========
2026-05-27T22:13:08,RAW,Packet Size : 26
2026-05-27T22:13:08,RAW,Remote IP   : 172.20.10.5
2026-05-27T22:13:08,RAW,Remote Port : 56939
2026-05-27T22:13:08,RAW,"Last UDP    : PING,26,1779891188.5254421"
2026-05-27T22:13:08,RAW,"ACK Message : ACK,PING,26,1779891188.5254421,RSSI=-33"
2026-05-27T22:13:08,RAW,beginPacket : 1
2026-05-27T22:13:08,RAW,endPacket   : 1
2026-05-27T22:13:08,RAW,===============================
2026-05-27T22:13:08,RAW,========== CURRENT SUMMARY ==========
2026-05-27T22:13:08,RAW,WiFi Status   : Connected
2026-05-27T22:13:08,RAW,ESP32 IP      : 172.20.10.14
2026-05-27T22:13:08,RAW,RSSI          : -33 dBm
2026-05-27T22:13:08,RAW,UDP Count     : 26
2026-05-27T22:13:08,RAW,CSI Count     : 70
2026-05-27T22:13:08,RAW,"Last UDP      : PING,26,1779891188.5254421"
2026-05-27T22:13:08,RAW,"Last ACK      : ACK,PING,26,1779891188.5254421,RSSI=-33"
2026-05-27T22:13:08,RAW,Last UDP RSSI : -33 dBm
2026-05-27T22:13:08,RAW,====================================
2026-05-27T22:13:09,RAW,========== CURRENT SUMMARY ==========
2026-05-27T22:13:09,RAW,WiFi Status   : Connected
2026-05-27T22:13:09,RAW,ESP32 IP      : 172.20.10.14
2026-05-27T22:13:09,RAW,RSSI          : -33 dBm
2026-05-27T22:13:09,RAW,UDP Count     : 26
2026-05-27T22:13:09,RAW,CSI Count     : 70
2026-05-27T22:13:09,RAW,"Last UDP      : PING,26,1779891188.5254421"
2026-05-27T22:13:09,RAW,"Last ACK      : ACK,PING,26,1779891188.5254421,RSSI=-33"
2026-05-27T22:13:09,RAW,Last UDP RSSI : -33 dBm
2026-05-27T22:13:09,RAW,====================================
2026-05-27T22:13:09,CSI,"CSI_DATA,71,232244,-26,6,256,0 0 7 -1 11 -4 12 -6 16 -7 17 -7 17 -9 18 -8 17 -8 15 -8 15 -6 12 -5 10 -5 7 -4 4 -4 1 -6 -2 -5 -4 -6 -6 -7 -8 -7 -9 -9 -9 -10 -10 -11 -7 -13 -6 -13 -4 -13 -2 -12 0 0 0 0 0 0 0 0 0 0 0 0 0 0 0 0 0 0 0 0 0 0 -15 -3 -15 -4 -16 -6 -14 -7 -13 -9 -11 -8 -10 -7 -8 -6 -6 -4 -6 -2 -5 1 -5 4 -5 7 -5 9 -5 12 -5 16 -5 16 -6 19 -7 18 -6 19 -6 17 -5 16 -5 14 -2 11 -1 8 2 4"
2026-05-27T22:13:09,RAW,========== UDP DEBUG ==========
2026-05-27T22:13:09,RAW,Packet Size : 26
2026-05-27T22:13:09,RAW,Remote IP   : 172.20.10.5
2026-05-27T22:13:09,RAW,Remote Port : 56939
2026-05-27T22:13:09,RAW,"Last UDP    : PING,27,1779891189.6521769"
2026-05-27T22:13:09,RAW,"ACK Message : ACK,PING,27,1779891189.6521769,RSSI=-31"
2026-05-27T22:13:09,RAW,beginPacket : 1
2026-05-27T22:13:09,RAW,endPacket   : 1
2026-05-27T22:13:09,RAW,===============================
2026-05-27T22:13:10,RAW,========== CURRENT SUMMARY ==========
2026-05-27T22:13:10,RAW,WiFi Status   : Connected
2026-05-27T22:13:10,RAW,ESP32 IP      : 172.20.10.14
2026-05-27T22:13:10,RAW,RSSI          : -31 dBm
2026-05-27T22:13:10,RAW,UDP Count     : 27
2026-05-27T22:13:10,RAW,CSI Count     : 71
2026-05-27T22:13:10,RAW,"Last UDP      : PING,27,1779891189.6521769"
2026-05-27T22:13:10,RAW,"Last ACK      : ACK,PING,27,1779891189.6521769,RSSI=-31"
2026-05-27T22:13:10,RAW,Last UDP RSSI : -31 dBm
2026-05-27T22:13:10,RAW,====================================
2026-05-27T22:13:10,CSI,"CSI_DATA,72,233370,-26,6,256,0 0 2 6 6 8 8 9 10 12 10 12 11 13 11 14 10 13 10 12 9 11 8 9 6 7 5 5 4 2 4 -1 3 -4 3 -5 4 -7 4 -9 6 -11 7 -10 7 -11 9 -10 9 -9 9 -7 9 -5 0 0 0 0 0 0 0 0 0 0 0 0 0 0 0 0 0 0 0 0 0 0 -5 -13 -3 -13 -1 -15 0 -14 2 -14 3 -12 3 -11 3 -9 0 -6 -1 -5 -4 -4 -6 -2 -9 -1 -11 -1 -12 0 -16 1 -16 1 -19 1 -18 0 -19 0 -18 0 -16 0 -14 0 -11 1 -7 2 -4 3"
2026-05-27T22:13:10,RAW,========== UDP DEBUG ==========
2026-05-27T22:13:10,RAW,Packet Size : 25
2026-05-27T22:13:10,RAW,Remote IP   : 172.20.10.5
2026-05-27T22:13:10,RAW,Remote Port : 56939
2026-05-27T22:13:10,RAW,"Last UDP    : PING,28,1779891190.773858"
2026-05-27T22:13:10,RAW,"ACK Message : ACK,PING,28,1779891190.773858,RSSI=-32"
2026-05-27T22:13:10,RAW,beginPacket : 1
2026-05-27T22:13:10,RAW,endPacket   : 1
2026-05-27T22:13:10,RAW,===============================
2026-05-27T22:13:11,CSI,"CSI_DATA,73,233573,-26,6,128,0 0 -5 8 -4 8 -4 13 -2 13 -3 16 -3 17 -3 16 -3 16 -4 15 -3 13 -3 12 -2 10 -1 8 1 7 1 5 3 4 5 3 8 3 9 4 10 4 11 5 10 7 9 7 8 9 7 9 5 9 0 0 0 0 0 0 0 0 0 0 0 0 0 0 0 0 0 0 0 0 0 0 -7 -9 -8 -12 -5 -12 -4 -15 -3 -13 -2 -14 0 -12 -1 -11 0 -9 -2 -7 -3 -5 -5 -4 -7 -3 -9 -3 -12 -3 -13 -3 -16 -4 -16 -3 -18 -4 -17 -4 -18 -4 -16 -5 -14 -3 -13 -2 -11 -1 -9 2"
2026-05-27T22:13:11,RAW,========== CURRENT SUMMARY ==========
2026-05-27T22:13:11,RAW,WiFi Status   : Connected
2026-05-27T22:13:11,RAW,ESP32 IP      : 172.20.10.14
2026-05-27T22:13:11,RAW,RSSI          : -32 dBm
2026-05-27T22:13:11,RAW,UDP Count     : 28
2026-05-27T22:13:11,RAW,CSI Count     : 73
2026-05-27T22:13:11,RAW,"Last UDP      : PING,28,1779891190.773858"
2026-05-27T22:13:11,RAW,"Last ACK      : ACK,PING,28,1779891190.773858,RSSI=-32"
2026-05-27T22:13:11,RAW,Last UDP RSSI : -32 dBm
2026-05-27T22:13:11,RAW,====================================
2026-05-27T22:13:12,CSI,"CSI_DATA,74,234497,-26,6,256,0 0 8 0 11 -4 13 -5 16 -6 17 -7 18 -7 18 -7 18 -6 16 -6 14 -6 12 -6 9 -5 7 -5 4 -5 1 -5 -1 -5 -3 -6 -6 -8 -7 -9 -8 -11 -7 -12 -7 -13 -6 -14 -5 -14 -3 -13 -1 -12 0 0 0 0 0 0 0 0 0 0 0 0 0 0 0 0 0 0 0 0 0 0 -15 1 -15 -2 -16 -3 -15 -5 -14 -6 -12 -7 -10 -6 -8 -6 -6 -3 -5 -1 -4 2 -4 5 -3 8 -3 10 -4 12 -4 15 -4 17 -5 18 -5 19 -6 19 -6 17 -5 15 -4 14 -2 11 1 8 2 5"
2026-05-27T22:13:12,RAW,========== UDP DEBUG ==========
2026-05-27T22:13:12,RAW,Packet Size : 25
2026-05-27T22:13:12,RAW,Remote IP   : 172.20.10.5
2026-05-27T22:13:12,RAW,Remote Port : 56939
2026-05-27T22:13:12,RAW,"Last UDP    : PING,29,1779891191.904557"
2026-05-27T22:13:12,RAW,"ACK Message : ACK,PING,29,1779891191.904557,RSSI=-31"
2026-05-27T22:13:12,RAW,beginPacket : 1
2026-05-27T22:13:12,RAW,endPacket   : 1
2026-05-27T22:13:12,RAW,===============================
2026-05-27T22:13:12,RAW,========== CURRENT SUMMARY ==========
2026-05-27T22:13:12,RAW,WiFi Status   : Connected
2026-05-27T22:13:12,RAW,ESP32 IP      : 172.20.10.14
2026-05-27T22:13:12,RAW,RSSI          : -31 dBm
2026-05-27T22:13:12,RAW,UDP Count     : 29
2026-05-27T22:13:12,RAW,CSI Count     : 74
2026-05-27T22:13:12,RAW,"Last UDP      : PING,29,1779891191.904557"
2026-05-27T22:13:12,RAW,"Last ACK      : ACK,PING,29,1779891191.904557,RSSI=-31"
2026-05-27T22:13:12,RAW,Last UDP RSSI : -31 dBm
2026-05-27T22:13:12,RAW,====================================
2026-05-27T22:13:13,CSI,"CSI_DATA,75,235622,-26,6,256,0 0 3 6 8 7 10 7 13 8 13 10 14 10 14 10 12 10 12 9 11 8 10 7 8 5 6 3 5 1 4 -2 3 -4 3 -6 3 -8 3 -10 4 -11 5 -11 6 -11 8 -11 8 -10 9 -8 9 -6 0 0 0 0 0 0 0 0 0 0 0 0 0 0 0 0 0 0 0 0 0 0 -10 -9 -9 -11 -8 -13 -6 -13 -5 -13 -3 -12 -3 -11 -2 -9 -3 -6 -3 -4 -5 -2 -7 0 -8 2 -10 3 -11 4 -14 6 -15 7 -17 7 -17 7 -17 6 -16 5 -14 5 -12 5 -10 5 -6 4 -2 5"
2026-05-27T22:13:13,RAW,========== UDP DEBUG ==========
2026-05-27T22:13:13,RAW,Packet Size : 25
2026-05-27T22:13:13,RAW,Remote IP   : 172.20.10.5
2026-05-27T22:13:13,RAW,Remote Port : 56939
2026-05-27T22:13:13,RAW,"Last UDP    : PING,30,1779891193.031677"
2026-05-27T22:13:13,RAW,"ACK Message : ACK,PING,30,1779891193.031677,RSSI=-31"
2026-05-27T22:13:13,RAW,beginPacket : 1
2026-05-27T22:13:13,RAW,endPacket   : 1
2026-05-27T22:13:13,RAW,===============================
2026-05-27T22:13:13,RAW,========== CURRENT SUMMARY ==========
2026-05-27T22:13:13,RAW,WiFi Status   : Connected
2026-05-27T22:13:13,RAW,ESP32 IP      : 172.20.10.14
2026-05-27T22:13:13,RAW,RSSI          : -31 dBm
2026-05-27T22:13:13,RAW,UDP Count     : 30
2026-05-27T22:13:13,RAW,CSI Count     : 75
2026-05-27T22:13:13,RAW,"Last UDP      : PING,30,1779891193.031677"
2026-05-27T22:13:13,RAW,"Last ACK      : ACK,PING,30,1779891193.031677,RSSI=-31"
2026-05-27T22:13:13,RAW,Last UDP RSSI : -31 dBm
2026-05-27T22:13:13,RAW,====================================
2026-05-27T22:13:14,CSI,"CSI_DATA,76,236750,-25,6,256,0 0 -4 -7 -8 -9 -10 -10 -12 -12 -12 -13 -13 -13 -12 -14 -11 -13 -11 -12 -10 -11 -9 -9 -7 -8 -6 -5 -5 -3 -6 0 -5 3 -5 4 -6 6 -6 8 -8 9 -9 8 -9 9 -11 7 -11 6 -11 4 -11 2 0 0 0 0 0 0 0 0 0 0 0 0 0 0 0 0 0 0 0 0 0 0 8 9 6 10 6 12 4 12 3 12 1 11 1 10 0 8 1 5 2 4 4 2 6 0 8 -1 10 -3 11 -3 14 -6 14 -6 17 -6 16 -5 17 -5 15 -4 14 -5 12 -4 9 -5 5 -4 2 -5"
2026-05-27T22:13:14,RAW,========== UDP DEBUG ==========
2026-05-27T22:13:14,RAW,Packet Size : 25
2026-05-27T22:13:14,RAW,Remote IP   : 172.20.10.5
2026-05-27T22:13:14,RAW,Remote Port : 56939
2026-05-27T22:13:14,RAW,"Last UDP    : PING,31,1779891194.157608"
2026-05-27T22:13:14,RAW,"ACK Message : ACK,PING,31,1779891194.157608,RSSI=-31"
2026-05-27T22:13:14,RAW,beginPacket : 1
2026-05-27T22:13:14,RAW,endPacket   : 1
2026-05-27T22:13:14,RAW,===============================
2026-05-27T22:13:14,RAW,========== CURRENT SUMMARY ==========
2026-05-27T22:13:14,RAW,WiFi Status   : Connected
2026-05-27T22:13:14,RAW,ESP32 IP      : 172.20.10.14
2026-05-27T22:13:14,RAW,RSSI          : -31 dBm
2026-05-27T22:13:14,RAW,UDP Count     : 31
2026-05-27T22:13:14,RAW,CSI Count     : 76
2026-05-27T22:13:14,RAW,"Last UDP      : PING,31,1779891194.157608"
2026-05-27T22:13:14,RAW,"Last ACK      : ACK,PING,31,1779891194.157608,RSSI=-31"
2026-05-27T22:13:14,RAW,Last UDP RSSI : -31 dBm
2026-05-27T22:13:14,RAW,====================================
2026-05-27T22:13:15,CSI,"CSI_DATA,77,237877,-26,6,256,0 0 -4 6 -4 11 -3 13 -5 17 -5 17 -4 18 -5 18 -5 17 -4 17 -6 15 -5 13 -4 11 -3 9 -1 6 2 5 4 3 5 2 7 2 9 1 11 1 11 2 13 3 12 6 11 7 10 8 7 9 0 0 0 0 0 0 0 0 0 0 0 0 0 0 0 0 0 0 0 0 0 0 2 -15 3 -14 5 -15 6 -12 7 -12 7 -9 5 -8 4 -7 2 -6 0 -6 -3 -6 -5 -7 -8 -8 -10 -9 -11 -9 -15 -10 -15 -10 -16 -12 -15 -12 -16 -12 -14 -11 -14 -10 -12 -9 -10 -6 -8 -3 -6 0"
2026-05-27T22:13:15,RAW,========== UDP DEBUG ==========
2026-05-27T22:13:15,RAW,Packet Size : 25
2026-05-27T22:13:15,RAW,Remote IP   : 172.20.10.5
2026-05-27T22:13:15,RAW,Remote Port : 56939
2026-05-27T22:13:15,RAW,"Last UDP    : PING,32,1779891195.283085"
2026-05-27T22:13:15,RAW,"ACK Message : ACK,PING,32,1779891195.283085,RSSI=-32"
2026-05-27T22:13:15,RAW,beginPacket : 1
2026-05-27T22:13:15,RAW,endPacket   : 1
2026-05-27T22:13:15,RAW,===============================
2026-05-27T22:13:15,RAW,========== CURRENT SUMMARY ==========
2026-05-27T22:13:15,RAW,WiFi Status   : Connected
2026-05-27T22:13:15,RAW,ESP32 IP      : 172.20.10.14
2026-05-27T22:13:15,RAW,RSSI          : -32 dBm
2026-05-27T22:13:15,RAW,UDP Count     : 32
2026-05-27T22:13:15,RAW,CSI Count     : 77
2026-05-27T22:13:15,RAW,"Last UDP      : PING,32,1779891195.283085"
2026-05-27T22:13:15,RAW,"Last ACK      : ACK,PING,32,1779891195.283085,RSSI=-32"
2026-05-27T22:13:15,RAW,Last UDP RSSI : -32 dBm
2026-05-27T22:13:15,RAW,====================================
2026-05-27T22:13:16,CSI,"CSI_DATA,78,238591,-26,6,128,0 0 6 -9 4 -6 9 -15 3 -10 10 -19 8 -17 7 -16 8 -17 8 -14 4 -11 6 -12 6 -11 3 -9 1 -9 0 -4 -2 -7 -4 -2 -8 -5 -9 -5 -10 -6 -12 -7 -10 -9 -8 -6 -8 -10 -7 -12 -6 -12 0 0 0 0 0 0 0 0 0 0 0 0 0 0 0 0 0 0 0 0 0 0 -2 10 -6 17 -4 7 -11 13 -5 6 -10 9 -5 6 -3 5 -3 5 0 3 2 4 4 5 6 6 7 7 13 11 7 7 14 16 7 7 14 17 11 11 12 10 10 10 7 6 7 6 7 4 7 0"
2026-05-27T22:13:16,CSI,"CSI_DATA,79,239002,-25,6,256,0 0 9 0 10 -4 12 -6 14 -7 16 -8 17 -8 17 -8 17 -7 15 -7 15 -6 13 -6 11 -6 8 -5 6 -5 4 -6 2 -7 1 -8 0 -9 -1 -11 -1 -12 0 -13 0 -14 2 -14 3 -14 5 -12 6 -11 0 0 0 0 0 0 0 0 0 0 0 0 0 0 0 0 0 0 0 0 0 0 -2 13 -5 12 -7 13 -8 11 -9 11 -10 9 -10 8 -9 6 -6 5 -5 5 -2 6 0 7 2 8 4 9 5 11 7 13 7 14 7 16 8 17 7 17 6 17 6 15 6 14 7 11 6 8 6 5"
2026-05-27T22:13:16,RAW,========== UDP DEBUG ==========
2026-05-27T22:13:16,RAW,Packet Size : 26
2026-05-27T22:13:16,RAW,Remote IP   : 172.20.10.5
2026-05-27T22:13:16,RAW,Remote Port : 56939
2026-05-27T22:13:16,RAW,"Last UDP    : PING,33,1779891196.4109702"
2026-05-27T22:13:16,RAW,"ACK Message : ACK,PING,33,1779891196.4109702,RSSI=-33"
2026-05-27T22:13:16,RAW,beginPacket : 1
2026-05-27T22:13:16,RAW,endPacket   : 1
2026-05-27T22:13:16,RAW,===============================
2026-05-27T22:13:16,RAW,========== CURRENT SUMMARY ==========
2026-05-27T22:13:16,RAW,WiFi Status   : Connected
2026-05-27T22:13:16,RAW,ESP32 IP      : 172.20.10.14
2026-05-27T22:13:16,RAW,RSSI          : -33 dBm
2026-05-27T22:13:16,RAW,UDP Count     : 33
2026-05-27T22:13:16,RAW,CSI Count     : 79
2026-05-27T22:13:16,RAW,"Last UDP      : PING,33,1779891196.4109702"
2026-05-27T22:13:16,RAW,"Last ACK      : ACK,PING,33,1779891196.4109702,RSSI=-33"
2026-05-27T22:13:16,RAW,Last UDP RSSI : -33 dBm
2026-05-27T22:13:16,RAW,====================================
2026-05-27T22:13:17,CSI,"CSI_DATA,80,240129,-25,6,256,0 0 -7 -8 -8 -8 -12 -11 -12 -10 -15 -11 -14 -11 -14 -11 -14 -11 -13 -11 -11 -8 -9 -8 -9 -6 -7 -4 -7 -1 -5 0 -5 3 -5 5 -5 8 -7 8 -7 9 -9 10 -10 8 -10 8 -11 6 -11 5 -10 3 0 0 0 0 0 0 0 0 0 0 0 0 0 0 0 0 0 0 0 0 0 0 10 4 12 7 9 8 9 11 7 10 7 11 4 9 4 7 3 6 3 3 3 1 5 -1 6 -4 8 -6 10 -8 11 -8 14 -9 13 -9 15 -10 14 -9 14 -10 13 -9 10 -8 8 -7 5 -7 1 -7"
2026-05-27T22:13:17,RAW,========== UDP DEBUG ==========
2026-05-27T22:13:17,RAW,Packet Size : 26
2026-05-27T22:13:17,RAW,Remote IP   : 172.20.10.5
2026-05-27T22:13:17,RAW,Remote Port : 56939
2026-05-27T22:13:17,RAW,"Last UDP    : PING,34,1779891197.5382662"
2026-05-27T22:13:17,RAW,"ACK Message : ACK,PING,34,1779891197.5382662,RSSI=-31"
2026-05-27T22:13:17,RAW,beginPacket : 1
2026-05-27T22:13:17,RAW,endPacket   : 1
2026-05-27T22:13:17,RAW,===============================
2026-05-27T22:13:17,RAW,========== CURRENT SUMMARY ==========
2026-05-27T22:13:17,RAW,WiFi Status   : Connected
2026-05-27T22:13:17,RAW,ESP32 IP      : 172.20.10.14
2026-05-27T22:13:17,RAW,RSSI          : -31 dBm
2026-05-27T22:13:17,RAW,UDP Count     : 34
2026-05-27T22:13:17,RAW,CSI Count     : 80
2026-05-27T22:13:17,RAW,"Last UDP      : PING,34,1779891197.5382662"
2026-05-27T22:13:17,RAW,"Last ACK      : ACK,PING,34,1779891197.5382662,RSSI=-31"
2026-05-27T22:13:17,RAW,Last UDP RSSI : -31 dBm
2026-05-27T22:13:17,RAW,====================================
2026-05-27T22:13:18,CSI,"CSI_DATA,81,241152,-25,6,256,0 0 -5 -8 -9 -9 -11 -7 -14 -10 -14 -10 -16 -10 -16 -10 -15 -11 -15 -10 -13 -11 -11 -9 -10 -8 -8 -6 -7 -4 -8 -1 -6 1 -7 3 -7 4 -7 6 -9 7 -10 7 -11 8 -13 5 -13 3 -13 1 -12 0 0 0 0 0 0 0 0 0 0 0 0 0 0 0 0 0 0 0 0 0 0 0 12 -2 13 -1 14 1 13 2 13 4 11 5 10 5 8 4 7 2 7 2 6 -1 6 -3 7 -5 7 -7 7 -10 9 -13 8 -13 11 -15 11 -14 11 -15 11 -14 10 -15 10 -12 7 -11 5 -9 2 -8"
2026-05-27T22:13:18,RAW,========== UDP DEBUG ==========
2026-05-27T22:13:18,RAW,Packet Size : 25
2026-05-27T22:13:18,RAW,Remote IP   : 172.20.10.5
2026-05-27T22:13:18,RAW,Remote Port : 56939
2026-05-27T22:13:18,RAW,"Last UDP    : PING,35,1779891198.661376"
2026-05-27T22:13:18,RAW,"ACK Message : ACK,PING,35,1779891198.661376,RSSI=-32"
2026-05-27T22:13:18,RAW,beginPacket : 1
2026-05-27T22:13:18,RAW,endPacket   : 1
2026-05-27T22:13:18,RAW,===============================
2026-05-27T22:13:18,RAW,========== CURRENT SUMMARY ==========
2026-05-27T22:13:18,RAW,WiFi Status   : Connected
2026-05-27T22:13:18,RAW,ESP32 IP      : 172.20.10.14
2026-05-27T22:13:18,RAW,RSSI          : -32 dBm
2026-05-27T22:13:18,RAW,UDP Count     : 35
2026-05-27T22:13:18,RAW,CSI Count     : 81
2026-05-27T22:13:18,RAW,"Last UDP      : PING,35,1779891198.661376"
2026-05-27T22:13:18,RAW,"Last ACK      : ACK,PING,35,1779891198.661376,RSSI=-32"
2026-05-27T22:13:18,RAW,Last UDP RSSI : -32 dBm
2026-05-27T22:13:18,RAW,====================================
2026-05-27T22:13:19,CSI,"CSI_DATA,82,242172,-26,6,256,0 0 5 7 7 7 10 9 11 9 13 10 14 11 14 11 14 10 12 11 11 9 9 8 8 6 7 4 6 1 4 0 4 -3 3 -5 4 -8 4 -9 5 -10 7 -11 8 -10 9 -9 10 -8 10 -6 10 -4 0 0 0 0 0 0 0 0 0 0 0 0 0 0 0 0 0 0 0 0 0 0 -11 -8 -11 -11 -9 -11 -8 -13 -6 -12 -5 -12 -4 -10 -4 -8 -3 -6 -4 -4 -5 -1 -6 1 -8 2 -10 4 -13 6 -14 6 -17 7 -16 7 -17 7 -16 7 -16 7 -15 6 -12 6 -10 5 -7 5 -2 6"
2026-05-27T22:13:19,RAW,========== UDP DEBUG ==========
2026-05-27T22:13:19,RAW,Packet Size : 25
2026-05-27T22:13:19,RAW,Remote IP   : 172.20.10.5
2026-05-27T22:13:19,RAW,Remote Port : 56939
2026-05-27T22:13:19,RAW,"Last UDP    : PING,36,1779891199.684103"
2026-05-27T22:13:19,RAW,"ACK Message : ACK,PING,36,1779891199.684103,RSSI=-32"
2026-05-27T22:13:19,RAW,beginPacket : 1
2026-05-27T22:13:19,RAW,endPacket   : 1
2026-05-27T22:13:19,RAW,===============================
2026-05-27T22:13:19,RAW,========== CURRENT SUMMARY ==========
2026-05-27T22:13:19,RAW,WiFi Status   : Connected
2026-05-27T22:13:19,RAW,ESP32 IP      : 172.20.10.14
2026-05-27T22:13:19,RAW,RSSI          : -32 dBm
2026-05-27T22:13:19,RAW,UDP Count     : 36
2026-05-27T22:13:19,RAW,CSI Count     : 82
2026-05-27T22:13:19,RAW,"Last UDP      : PING,36,1779891199.684103"
2026-05-27T22:13:19,RAW,"Last ACK      : ACK,PING,36,1779891199.684103,RSSI=-32"
2026-05-27T22:13:19,RAW,Last UDP RSSI : -32 dBm
2026-05-27T22:13:19,RAW,====================================
2026-05-27T22:13:20,CSI,"CSI_DATA,83,243200,-25,6,256,0 0 9 1 10 -1 14 -2 15 -3 18 -4 18 -3 18 -3 17 -2 16 -2 14 -3 13 -3 10 -4 8 -4 5 -4 3 -4 1 -6 -1 -7 -3 -9 -2 -11 -2 -12 -2 -14 0 -14 0 -14 1 -14 2 -13 4 -11 0 0 0 0 0 0 0 0 0 0 0 0 0 0 0 0 0 0 0 0 0 0 -13 5 -15 3 -15 1 -16 -1 -14 -2 -13 -3 -11 -4 -9 -3 -7 -1 -5 1 -4 3 -3 6 -2 9 -2 11 -3 14 -3 14 -4 17 -4 17 -4 19 -5 18 -5 17 -4 15 -2 13 -1 11 2 8 4 6"
2026-05-27T22:13:20,RAW,========== UDP DEBUG ==========
2026-05-27T22:13:20,RAW,Packet Size : 26
2026-05-27T22:13:20,RAW,Remote IP   : 172.20.10.5
2026-05-27T22:13:20,RAW,Remote Port : 56939
2026-05-27T22:13:20,RAW,"Last UDP    : PING,37,1779891200.7045271"
2026-05-27T22:13:20,RAW,"ACK Message : ACK,PING,37,1779891200.7045271,RSSI=-31"
2026-05-27T22:13:20,RAW,beginPacket : 1
2026-05-27T22:13:20,RAW,endPacket   : 1
2026-05-27T22:13:20,RAW,===============================
2026-05-27T22:13:20,RAW,========== CURRENT SUMMARY ==========
2026-05-27T22:13:20,RAW,WiFi Status   : Connected
2026-05-27T22:13:20,RAW,ESP32 IP      : 172.20.10.14
2026-05-27T22:13:20,RAW,RSSI          : -31 dBm
2026-05-27T22:13:20,RAW,UDP Count     : 37
2026-05-27T22:13:20,RAW,CSI Count     : 83
2026-05-27T22:13:20,RAW,"Last UDP      : PING,37,1779891200.7045271"
2026-05-27T22:13:20,RAW,"Last ACK      : ACK,PING,37,1779891200.7045271,RSSI=-31"
2026-05-27T22:13:20,RAW,Last UDP RSSI : -31 dBm
2026-05-27T22:13:20,RAW,====================================
2026-05-27T22:13:21,CSI,"CSI_DATA,84,243608,-26,6,128,0 0 3 6 8 7 11 8 10 9 15 12 14 11 13 13 11 10 12 9 9 8 9 7 7 5 5 4 5 1 3 -4 2 -6 3 -6 4 -10 3 -11 5 -13 6 -11 6 -13 7 -9 9 -9 8 -8 9 -6 0 0 0 0 0 0 0 0 0 0 0 0 0 0 0 0 0 0 0 0 0 0 -7 -11 -6 -13 -5 -13 -5 -15 -2 -13 -1 -15 -1 -13 2 -10 -1 -7 -1 -6 -3 -4 -5 -3 -8 -1 -10 1 -13 2 -13 5 -16 5 -16 4 -20 5 -19 5 -17 2 -15 5 -12 3 -11 4 -7 4 -4 4"
2026-05-27T22:13:21,RAW,========== CURRENT SUMMARY ==========
2026-05-27T22:13:21,RAW,WiFi Status   : Connected
2026-05-27T22:13:21,RAW,ESP32 IP      : 172.20.10.14
2026-05-27T22:13:21,RAW,RSSI          : -31 dBm
2026-05-27T22:13:21,RAW,UDP Count     : 37
2026-05-27T22:13:21,RAW,CSI Count     : 84
2026-05-27T22:13:21,RAW,"Last UDP      : PING,37,1779891200.7045271"
2026-05-27T22:13:21,RAW,"Last ACK      : ACK,PING,37,1779891200.7045271,RSSI=-31"
2026-05-27T22:13:21,RAW,Last UDP RSSI : -31 dBm
2026-05-27T22:13:21,RAW,====================================
2026-05-27T22:13:21,CSI,"CSI_DATA,85,244429,-26,6,256,0 0 0 -9 -2 -13 -4 -14 -4 -18 -4 -18 -5 -19 -5 -19 -4 -19 -5 -17 -3 -17 -3 -14 -3 -11 -3 -8 -3 -6 -6 -3 -6 -1 -8 1 -9 2 -10 4 -12 4 -13 3 -14 3 -15 0 -14 -1 -13 -3 -11 -4 0 0 0 0 0 0 0 0 0 0 0 0 0 0 0 0 0 0 0 0 0 0 3 14 1 13 -1 15 -2 13 -4 14 -5 11 -4 10 -4 8 -2 6 0 5 3 4 6 3 8 3 10 3 12 3 16 3 16 2 19 3 18 4 18 4 17 4 16 3 14 3 11 1 7 -1 5 -4"
2026-05-27T22:13:21,RAW,========== UDP DEBUG ==========
2026-05-27T22:13:21,RAW,Packet Size : 26
2026-05-27T22:13:21,RAW,Remote IP   : 172.20.10.5
2026-05-27T22:13:21,RAW,Remote Port : 56939
2026-05-27T22:13:21,RAW,"Last UDP    : PING,38,1779891201.7349591"
2026-05-27T22:13:21,RAW,"ACK Message : ACK,PING,38,1779891201.7349591,RSSI=-31"
2026-05-27T22:13:21,RAW,beginPacket : 1
2026-05-27T22:13:21,RAW,endPacket   : 1
2026-05-27T22:13:21,RAW,===============================
2026-05-27T22:13:22,RAW,========== CURRENT SUMMARY ==========
2026-05-27T22:13:22,RAW,WiFi Status   : Connected
2026-05-27T22:13:22,RAW,ESP32 IP      : 172.20.10.14
2026-05-27T22:13:22,RAW,RSSI          : -31 dBm
2026-05-27T22:13:22,RAW,UDP Count     : 38
2026-05-27T22:13:22,RAW,CSI Count     : 85
2026-05-27T22:13:22,RAW,"Last UDP      : PING,38,1779891201.7349591"
2026-05-27T22:13:22,RAW,"Last ACK      : ACK,PING,38,1779891201.7349591,RSSI=-31"
2026-05-27T22:13:22,RAW,Last UDP RSSI : -31 dBm
2026-05-27T22:13:22,RAW,====================================
2026-05-27T22:13:23,CSI,"CSI_DATA,86,245658,-25,6,256,0 0 7 4 11 3 13 2 17 3 17 4 18 3 18 4 17 4 15 3 14 4 12 2 9 1 7 0 4 -2 3 -5 1 -6 1 -8 1 -10 0 -12 1 -14 2 -14 3 -14 5 -14 5 -12 6 -10 6 -8 0 0 0 0 0 0 0 0 0 0 0 0 0 0 0 0 0 0 0 0 0 0 -13 -3 -13 -4 -15 -7 -13 -8 -13 -10 -10 -9 -9 -9 -7 -8 -6 -6 -6 -4 -6 -1 -6 2 -7 5 -7 7 -8 9 -9 12 -10 13 -12 15 -12 14 -12 15 -12 13 -10 12 -9 11 -6 10 -3 7 0 6"
2026-05-27T22:13:23,RAW,========== UDP DEBUG ==========
2026-05-27T22:13:23,RAW,Packet Size : 26
2026-05-27T22:13:23,RAW,Remote IP   : 172.20.10.5
2026-05-27T22:13:23,RAW,Remote Port : 56939
2026-05-27T22:13:23,RAW,"Last UDP    : PING,39,1779891203.0568142"
2026-05-27T22:13:23,RAW,"ACK Message : ACK,PING,39,1779891203.0568142,RSSI=-31"
2026-05-27T22:13:23,RAW,beginPacket : 1
2026-05-27T22:13:23,RAW,endPacket   : 1
2026-05-27T22:13:23,RAW,===============================
2026-05-27T22:13:23,RAW,========== CURRENT SUMMARY ==========
2026-05-27T22:13:23,RAW,WiFi Status   : Connected
2026-05-27T22:13:23,RAW,ESP32 IP      : 172.20.10.14
2026-05-27T22:13:23,RAW,RSSI          : -31 dBm
2026-05-27T22:13:23,RAW,UDP Count     : 39
2026-05-27T22:13:23,RAW,CSI Count     : 86
2026-05-27T22:13:23,RAW,"Last UDP      : PING,39,1779891203.0568142"
2026-05-27T22:13:23,RAW,"Last ACK      : ACK,PING,39,1779891203.0568142,RSSI=-31"
2026-05-27T22:13:23,RAW,Last UDP RSSI : -31 dBm
2026-05-27T22:13:23,RAW,====================================
2026-05-27T22:13:24,CSI,"CSI_DATA,87,246785,-26,6,256,0 0 8 2 12 1 13 -1 17 0 17 -1 19 -1 19 -1 18 -1 17 -1 16 0 13 0 10 0 8 -1 5 -2 3 -5 1 -6 0 -8 -1 -9 -2 -11 -2 -13 -1 -14 -1 -14 2 -15 4 -13 5 -12 5 -10 0 0 0 0 0 0 0 0 0 0 0 0 0 0 0 0 0 0 0 0 0 0 -15 1 -15 -1 -16 -3 -14 -4 -14 -6 -11 -6 -10 -6 -8 -5 -7 -3 -6 -1 -5 2 -5 5 -5 7 -6 10 -6 12 -7 15 -7 15 -8 18 -8 16 -8 17 -8 16 -7 15 -6 13 -4 11 -2 8 1 6"
2026-05-27T22:13:24,RAW,========== UDP DEBUG ==========
2026-05-27T22:13:24,RAW,Packet Size : 25
2026-05-27T22:13:24,RAW,Remote IP   : 172.20.10.5
2026-05-27T22:13:24,RAW,Remote Port : 56939
2026-05-27T22:13:24,RAW,"Last UDP    : PING,40,1779891204.191543"
2026-05-27T22:13:24,RAW,"ACK Message : ACK,PING,40,1779891204.191543,RSSI=-31"
2026-05-27T22:13:24,RAW,beginPacket : 1
2026-05-27T22:13:24,RAW,endPacket   : 1
2026-05-27T22:13:24,RAW,===============================
2026-05-27T22:13:24,CSI,"CSI_DATA,88,247090,-26,6,128,0 0 1 -6 -1 -14 -3 -11 -2 -20 -1 -16 -5 -19 -4 -19 -3 -18 -5 -16 -2 -18 -1 -13 -1 -9 -2 -6 -2 -3 -7 -2 -5 1 -9 3 -8 3 -10 6 -11 6 -12 5 -12 7 -17 2 -13 0 -12 -2 -9 -2 0 0 0 0 0 0 0 0 0 0 0 0 0 0 0 0 0 0 0 0 0 0 -6 12 -5 9 -10 14 -8 9 -12 12 -10 6 -9 9 -9 6 -5 5 -5 6 -1 5 1 6 4 7 6 6 7 4 15 9 11 5 18 11 12 8 17 8 15 8 14 6 14 8 10 4 6 2 4 -2"
2026-05-27T22:13:24,RAW,========== CURRENT SUMMARY ==========
2026-05-27T22:13:24,RAW,WiFi Status   : Connected
2026-05-27T22:13:24,RAW,ESP32 IP      : 172.20.10.14
2026-05-27T22:13:24,RAW,RSSI          : -31 dBm
2026-05-27T22:13:24,RAW,UDP Count     : 40
2026-05-27T22:13:24,RAW,CSI Count     : 88
2026-05-27T22:13:24,RAW,"Last UDP      : PING,40,1779891204.191543"
2026-05-27T22:13:24,RAW,"Last ACK      : ACK,PING,40,1779891204.191543,RSSI=-31"
2026-05-27T22:13:24,RAW,Last UDP RSSI : -31 dBm
2026-05-27T22:13:24,RAW,====================================
2026-05-27T22:13:25,CSI,"CSI_DATA,89,247911,-26,6,256,0 0 10 0 10 -1 14 -2 13 -3 16 -4 17 -5 16 -4 17 -4 16 -3 14 -3 13 -2 11 -3 9 -3 8 -4 5 -3 5 -5 2 -6 2 -8 1 -9 1 -10 2 -12 4 -12 4 -12 6 -11 7 -10 8 -9 0 0 0 0 0 0 0 0 0 0 0 0 0 0 0 0 0 0 0 0 0 0 -4 11 -7 13 -8 10 -10 10 -9 8 -11 7 -9 5 -7 5 -6 4 -3 4 -1 5 0 6 2 8 3 10 4 13 3 13 4 17 4 15 4 18 4 17 4 16 3 15 3 12 3 11 4 9 6 5"
2026-05-27T22:13:25,RAW,========== UDP DEBUG ==========
2026-05-27T22:13:25,RAW,Packet Size : 25
2026-05-27T22:13:25,RAW,Remote IP   : 172.20.10.5
2026-05-27T22:13:25,RAW,Remote Port : 56939
2026-05-27T22:13:25,RAW,"Last UDP    : PING,41,1779891205.318306"
2026-05-27T22:13:25,RAW,"ACK Message : ACK,PING,41,1779891205.318306,RSSI=-38"
2026-05-27T22:13:25,RAW,beginPacket : 1
2026-05-27T22:13:25,RAW,endPacket   : 1
2026-05-27T22:13:25,RAW,===============================
2026-05-27T22:13:25,RAW,========== CURRENT SUMMARY ==========
2026-05-27T22:13:25,RAW,WiFi Status   : Connected
2026-05-27T22:13:25,RAW,ESP32 IP      : 172.20.10.14
2026-05-27T22:13:25,RAW,RSSI          : -33 dBm
2026-05-27T22:13:25,RAW,UDP Count     : 41
2026-05-27T22:13:25,RAW,CSI Count     : 89
2026-05-27T22:13:25,RAW,"Last UDP      : PING,41,1779891205.318306"
2026-05-27T22:13:25,RAW,"Last ACK      : ACK,PING,41,1779891205.318306,RSSI=-38"
2026-05-27T22:13:25,RAW,Last UDP RSSI : -38 dBm
2026-05-27T22:13:25,RAW,====================================
2026-05-27T22:13:26,CSI,"CSI_DATA,90,248626,-25,6,128,0 0 9 7 6 7 13 8 13 4 14 5 15 8 14 9 17 9 15 12 14 6 13 3 12 5 12 3 11 1 6 3 7 1 4 -4 5 -5 8 -5 7 -5 11 -8 12 -4 10 -8 9 -7 12 -5 12 -2 0 0 0 0 0 0 0 0 0 0 0 0 0 0 0 0 0 0 0 0 0 0 -10 9 -14 8 -13 5 -15 4 -13 2 -13 1 -10 -1 -10 1 -10 -1 -5 3 -3 6 -3 6 -2 8 -3 11 -4 15 -6 13 -7 18 -5 15 -7 17 -7 15 -7 17 -11 16 -5 14 0 12 0 12 1 10"
2026-05-27T22:13:26,CSI,"CSI_DATA,91,248935,-25,6,256,0 0 -8 4 -6 8 -7 11 -7 13 -8 15 -9 15 -9 16 -9 15 -9 14 -9 13 -7 13 -7 11 -5 9 -4 8 -2 7 0 6 1 6 3 6 4 6 5 8 5 9 6 10 5 11 4 12 2 12 0 12 0 0 0 0 0 0 0 0 0 0 0 0 0 0 0 0 0 0 0 0 0 0 -9 -11 -7 -12 -6 -14 -4 -14 -2 -14 -1 -12 0 -11 0 -10 -1 -8 -3 -7 -5 -6 -7 -5 -9 -4 -11 -4 -12 -5 -15 -5 -16 -6 -17 -6 -17 -7 -17 -8 -17 -9 -16 -8 -14 -7 -13 -4 -11 -2 -9 0"
2026-05-27T22:13:26,RAW,========== UDP DEBUG ==========
2026-05-27T22:13:26,RAW,Packet Size : 25
2026-05-27T22:13:26,RAW,Remote IP   : 172.20.10.5
2026-05-27T22:13:26,RAW,Remote Port : 56939
2026-05-27T22:13:26,RAW,"Last UDP    : PING,42,1779891206.444216"
2026-05-27T22:13:26,RAW,"ACK Message : ACK,PING,42,1779891206.444216,RSSI=-32"
2026-05-27T22:13:26,RAW,beginPacket : 1
2026-05-27T22:13:26,RAW,endPacket   : 1
2026-05-27T22:13:26,RAW,===============================
2026-05-27T22:13:26,RAW,========== CURRENT SUMMARY ==========
2026-05-27T22:13:26,RAW,WiFi Status   : Connected
2026-05-27T22:13:26,RAW,ESP32 IP      : 172.20.10.14
2026-05-27T22:13:26,RAW,RSSI          : -32 dBm
2026-05-27T22:13:26,RAW,UDP Count     : 42
2026-05-27T22:13:26,RAW,CSI Count     : 91
2026-05-27T22:13:26,RAW,"Last UDP      : PING,42,1779891206.444216"
2026-05-27T22:13:26,RAW,"Last ACK      : ACK,PING,42,1779891206.444216,RSSI=-32"
2026-05-27T22:13:26,RAW,Last UDP RSSI : -32 dBm
2026-05-27T22:13:26,RAW,====================================
2026-05-27T22:13:27,CSI,"CSI_DATA,92,250162,-25,6,128,0 0 -8 -6 -10 -5 -14 -7 -15 -5 -18 -6 -18 -7 -18 -6 -18 -6 -17 -7 -15 -5 -13 -5 -12 -4 -10 -2 -8 0 -6 0 -5 3 -3 5 -3 8 -4 9 -4 10 -6 12 -8 11 -7 11 -9 10 -10 9 -10 6 0 0 0 0 0 0 0 0 0 0 0 0 0 0 0 0 0 0 0 0 0 0 12 -1 15 1 13 3 14 6 11 6 11 7 8 6 7 4 6 3 4 1 4 -2 4 -5 4 -7 6 -10 7 -12 8 -12 11 -15 9 -14 11 -16 11 -15 10 -15 10 -14 7 -12 5 -11 3 -10 -1 -8"
2026-05-27T22:13:27,RAW,========== CURRENT SUMMARY ==========
2026-05-27T22:13:27,RAW,WiFi Status   : Connected
2026-05-27T22:13:27,RAW,ESP32 IP      : 172.20.10.14
2026-05-27T22:13:27,RAW,RSSI          : -31 dBm
2026-05-27T22:13:27,RAW,UDP Count     : 42
2026-05-27T22:13:27,RAW,CSI Count     : 92
2026-05-27T22:13:27,RAW,"Last UDP      : PING,42,1779891206.444216"
2026-05-27T22:13:27,RAW,"Last ACK      : ACK,PING,42,1779891206.444216,RSSI=-32"
2026-05-27T22:13:27,RAW,Last UDP RSSI : -32 dBm
2026-05-27T22:13:27,RAW,====================================
2026-05-27T22:13:27,CSI,"CSI_DATA,93,250471,-25,6,256,0 0 -8 1 -10 5 -12 6 -13 8 -15 9 -16 9 -16 9 -15 8 -14 8 -13 7 -11 7 -8 6 -6 5 -4 4 -1 5 2 5 3 6 5 7 6 8 7 9 6 10 6 11 5 12 3 12 2 11 0 10 0 0 0 0 0 0 0 0 0 0 0 0 0 0 0 0 0 0 0 0 0 0 9 -9 11 -7 13 -7 13 -5 14 -3 13 -2 12 -1 10 0 7 -1 5 -2 3 -4 1 -6 0 -8 -2 -10 -2 -12 -4 -14 -4 -16 -3 -18 -4 -18 -3 -19 -3 -18 -3 -17 -3 -14 -4 -12 -4 -8 -5 -5"
2026-05-27T22:13:27,RAW,========== UDP DEBUG ==========
2026-05-27T22:13:27,RAW,Packet Size : 26
2026-05-27T22:13:27,RAW,Remote IP   : 172.20.10.5
2026-05-27T22:13:27,RAW,Remote Port : 56939
2026-05-27T22:13:27,RAW,"Last UDP    : PING,43,1779891207.4692779"
2026-05-27T22:13:27,RAW,"ACK Message : ACK,PING,43,1779891207.4692779,RSSI=-31"
2026-05-27T22:13:27,RAW,beginPacket : 1
2026-05-27T22:13:27,RAW,endPacket   : 1
2026-05-27T22:13:27,RAW,===============================
2026-05-27T22:13:28,RAW,========== CURRENT SUMMARY ==========
2026-05-27T22:13:28,RAW,WiFi Status   : Connected
2026-05-27T22:13:28,RAW,ESP32 IP      : 172.20.10.14
2026-05-27T22:13:28,RAW,RSSI          : -31 dBm
2026-05-27T22:13:28,RAW,UDP Count     : 43
2026-05-27T22:13:28,RAW,CSI Count     : 93
2026-05-27T22:13:28,RAW,"Last UDP      : PING,43,1779891207.4692779"
2026-05-27T22:13:28,RAW,"Last ACK      : ACK,PING,43,1779891207.4692779,RSSI=-31"
2026-05-27T22:13:28,RAW,Last UDP RSSI : -31 dBm
2026-05-27T22:13:28,RAW,====================================
2026-05-27T22:13:29,CSI,"CSI_DATA,94,251495,-25,6,256,0 0 2 7 7 8 9 7 12 10 12 10 13 10 14 11 13 12 13 10 12 12 10 10 8 8 7 6 6 4 8 1 6 -1 7 -2 7 -4 7 -6 9 -7 10 -6 11 -7 13 -4 13 -2 13 0 11 1 0 0 0 0 0 0 0 0 0 0 0 0 0 0 0 0 0 0 0 0 0 0 -14 2 -13 0 -16 -2 -14 -3 -15 -5 -12 -6 -12 -6 -9 -6 -9 -4 -8 -3 -8 -1 -7 2 -8 4 -8 6 -8 7 -10 12 -10 11 -13 14 -12 12 -13 14 -14 13 -11 13 -12 12 -10 10 -7 9 -4 7"
2026-05-27T22:13:29,RAW,========== UDP DEBUG ==========
2026-05-27T22:13:29,RAW,Packet Size : 25
2026-05-27T22:13:29,RAW,Remote IP   : 172.20.10.5
2026-05-27T22:13:29,RAW,Remote Port : 56939
2026-05-27T22:13:29,RAW,"Last UDP    : PING,44,1779891209.000569"
2026-05-27T22:13:29,RAW,"ACK Message : ACK,PING,44,1779891209.000569,RSSI=-32"
2026-05-27T22:13:29,RAW,beginPacket : 1
2026-05-27T22:13:29,RAW,endPacket   : 1
2026-05-27T22:13:29,RAW,===============================
2026-05-27T22:13:29,RAW,========== CURRENT SUMMARY ==========
2026-05-27T22:13:29,RAW,WiFi Status   : Connected
2026-05-27T22:13:29,RAW,ESP32 IP      : 172.20.10.14
2026-05-27T22:13:29,RAW,RSSI          : -32 dBm
2026-05-27T22:13:29,RAW,UDP Count     : 44
2026-05-27T22:13:29,RAW,CSI Count     : 94
2026-05-27T22:13:29,RAW,"Last UDP      : PING,44,1779891209.000569"
2026-05-27T22:13:29,RAW,"Last ACK      : ACK,PING,44,1779891209.000569,RSSI=-32"
2026-05-27T22:13:29,RAW,Last UDP RSSI : -32 dBm
2026-05-27T22:13:29,RAW,====================================
2026-05-27T22:13:30,CSI,"CSI_DATA,95,252519,-25,6,256,0 0 5 5 8 6 11 6 14 8 14 9 16 8 16 9 15 8 14 7 12 8 10 6 8 5 6 3 5 0 4 -3 2 -5 3 -7 3 -9 2 -11 3 -13 4 -13 5 -14 8 -12 9 -10 9 -8 8 -6 0 0 0 0 0 0 0 0 0 0 0 0 0 0 0 0 0 0 0 0 0 0 -10 -8 -10 -10 -10 -12 -8 -13 -7 -14 -5 -13 -5 -12 -3 -11 -4 -8 -3 -6 -5 -4 -6 -1 -7 1 -9 3 -11 5 -13 7 -14 8 -16 9 -16 8 -16 10 -16 9 -14 9 -14 7 -11 6 -7 5 -3 5"
2026-05-27T22:13:30,RAW,========== UDP DEBUG ==========
2026-05-27T22:13:30,RAW,Packet Size : 26
2026-05-27T22:13:30,RAW,Remote IP   : 172.20.10.5
2026-05-27T22:13:30,RAW,Remote Port : 56939
2026-05-27T22:13:30,RAW,"Last UDP    : PING,45,1779891210.0284271"
2026-05-27T22:13:30,RAW,"ACK Message : ACK,PING,45,1779891210.0284271,RSSI=-31"
2026-05-27T22:13:30,RAW,beginPacket : 1
2026-05-27T22:13:30,RAW,endPacket   : 1
2026-05-27T22:13:30,RAW,===============================
2026-05-27T22:13:30,RAW,========== CURRENT SUMMARY ==========
2026-05-27T22:13:30,RAW,WiFi Status   : Connected
2026-05-27T22:13:30,RAW,ESP32 IP      : 172.20.10.14
2026-05-27T22:13:30,RAW,RSSI          : -31 dBm
2026-05-27T22:13:30,RAW,UDP Count     : 45
2026-05-27T22:13:30,RAW,CSI Count     : 95
2026-05-27T22:13:30,RAW,"Last UDP      : PING,45,1779891210.0284271"
2026-05-27T22:13:30,RAW,"Last ACK      : ACK,PING,45,1779891210.0284271,RSSI=-31"
2026-05-27T22:13:30,RAW,Last UDP RSSI : -31 dBm
2026-05-27T22:13:30,RAW,====================================
2026-05-27T22:13:31,CSI,"CSI_DATA,96,253543,-25,6,256,0 0 5 -8 5 -8 6 -13 5 -13 6 -16 6 -17 6 -17 6 -17 7 -15 5 -13 5 -12 4 -11 2 -9 0 -7 -1 -5 -3 -5 -5 -4 -8 -4 -9 -5 -10 -5 -12 -6 -11 -8 -10 -8 -9 -9 -8 -10 -6 -10 0 0 0 0 0 0 0 0 0 0 0 0 0 0 0 0 0 0 0 0 0 0 -1 12 -3 14 -5 12 -7 13 -7 10 -8 10 -7 7 -5 6 -4 5 -2 4 0 4 3 4 5 5 8 6 10 8 10 8 13 11 12 10 14 12 13 11 13 10 11 10 10 7 8 6 8 3 7 0"
2026-05-27T22:13:31,RAW,========== UDP DEBUG ==========
2026-05-27T22:13:31,RAW,Packet Size : 26
2026-05-27T22:13:31,RAW,Remote IP   : 172.20.10.5
2026-05-27T22:13:31,RAW,Remote Port : 56939
2026-05-27T22:13:31,RAW,"Last UDP    : PING,46,1779891211.0483031"
2026-05-27T22:13:31,RAW,"ACK Message : ACK,PING,46,1779891211.0483031,RSSI=-31"
2026-05-27T22:13:31,RAW,beginPacket : 1
2026-05-27T22:13:31,RAW,endPacket   : 1
2026-05-27T22:13:31,RAW,===============================
2026-05-27T22:13:31,CSI,"CSI_DATA,97,253584,-25,6,128,0 0 8 -1 10 -6 11 -7 14 -9 15 -10 16 -10 17 -10 16 -9 15 -9 14 -8 11 -8 9 -7 6 -6 4 -5 1 -6 -1 -6 -3 -6 -5 -8 -6 -9 -7 -11 -6 -12 -6 -13 -5 -14 -4 -14 -2 -13 0 -12 0 0 0 0 0 0 0 0 0 0 0 0 0 0 0 0 0 0 0 0 0 0 -11 9 -12 7 -15 6 -14 4 -15 3 -13 1 -12 0 -10 -1 -7 1 -6 2 -3 4 -2 6 0 8 1 10 2 12 3 15 3 16 3 18 2 18 2 19 1 18 1 16 2 14 3 11 4 8 4 4"
2026-05-27T22:13:31,CSI,"CSI_DATA,98,254182,-25,6,128,0 0 -5 -8 -9 -10 -10 -9 -13 -11 -13 -11 -14 -11 -14 -11 -13 -12 -13 -11 -11 -12 -10 -10 -8 -9 -8 -7 -7 -4 -8 -2 -7 0 -8 2 -8 2 -9 4 -11 4 -12 4 -13 4 -14 1 -13 -2 -12 -3 -11 -4 0 0 0 0 0 0 0 0 0 0 0 0 0 0 0 0 0 0 0 0 0 0 11 -6 11 -5 14 -4 12 -2 13 0 11 1 10 1 9 1 7 0 7 -1 6 -3 6 -5 6 -7 6 -9 6 -11 7 -14 7 -13 9 -16 9 -14 9 -15 9 -15 8 -14 8 -13 6 -11 4 -10 1 -9"
2026-05-27T22:13:31,RAW,========== CURRENT SUMMARY ==========
2026-05-27T22:13:31,RAW,WiFi Status   : Connected
2026-05-27T22:13:31,RAW,ESP32 IP      : 172.20.10.14
2026-05-27T22:13:31,RAW,RSSI          : -31 dBm
2026-05-27T22:13:31,RAW,UDP Count     : 46
2026-05-27T22:13:31,RAW,CSI Count     : 98
2026-05-27T22:13:31,RAW,"Last UDP      : PING,46,1779891211.0483031"
2026-05-27T22:13:31,RAW,"Last ACK      : ACK,PING,46,1779891211.0483031,RSSI=-31"
2026-05-27T22:13:31,RAW,Last UDP RSSI : -31 dBm
2026-05-27T22:13:31,RAW,====================================
2026-05-27T22:13:32,CSI,"CSI_DATA,99,254669,-25,6,256,0 0 7 2 11 0 13 -1 16 -1 17 -1 18 0 19 0 18 0 17 0 15 -1 14 -2 11 -2 8 -2 6 -3 4 -5 2 -5 0 -7 -1 -9 -1 -11 -1 -13 0 -13 1 -14 2 -14 3 -14 4 -12 5 -10 0 0 0 0 0 0 0 0 0 0 0 0 0 0 0 0 0 0 0 0 0 0 -14 3 -14 1 -16 -1 -15 -2 -15 -4 -12 -5 -11 -5 -9 -5 -7 -3 -6 -1 -5 2 -4 5 -4 8 -3 10 -5 11 -5 15 -5 15 -6 17 -6 17 -8 17 -7 16 -6 15 -5 13 -3 12 -1 8 2 6"
2026-05-27T22:13:32,RAW,========== UDP DEBUG ==========
2026-05-27T22:13:32,RAW,Packet Size : 25
2026-05-27T22:13:32,RAW,Remote IP   : 172.20.10.5
2026-05-27T22:13:32,RAW,Remote Port : 56939
2026-05-27T22:13:32,RAW,"Last UDP    : PING,47,1779891212.074839"
2026-05-27T22:13:32,RAW,"ACK Message : ACK,PING,47,1779891212.074839,RSSI=-31"
2026-05-27T22:13:32,RAW,beginPacket : 1
2026-05-27T22:13:32,RAW,endPacket   : 1
2026-05-27T22:13:32,RAW,===============================
2026-05-27T22:13:32,RAW,========== CURRENT SUMMARY ==========
2026-05-27T22:13:32,RAW,WiFi Status   : Connected
2026-05-27T22:13:32,RAW,ESP32 IP      : 172.20.10.14
2026-05-27T22:13:32,RAW,RSSI          : -31 dBm
2026-05-27T22:13:32,RAW,UDP Count     : 47
2026-05-27T22:13:32,RAW,CSI Count     : 99
2026-05-27T22:13:32,RAW,"Last UDP      : PING,47,1779891212.074839"
2026-05-27T22:13:32,RAW,"Last ACK      : ACK,PING,47,1779891212.074839,RSSI=-31"
2026-05-27T22:13:32,RAW,Last UDP RSSI : -31 dBm
2026-05-27T22:13:32,RAW,====================================
2026-05-27T22:13:33,CSI,"CSI_DATA,100,255693,-25,6,256,0 0 5 -5 7 -9 7 -11 9 -13 10 -14 9 -15 10 -15 9 -14 8 -14 9 -12 7 -10 6 -8 3 -7 1 -6 -2 -6 -5 -4 -6 -5 -8 -5 -10 -5 -11 -6 -11 -7 -12 -8 -10 -10 -7 -11 -6 -11 -4 -10 0 0 0 0 0 0 0 0 0 0 0 0 0 0 0 0 0 0 0 0 0 0 -7 10 -8 10 -10 10 -12 8 -12 7 -12 5 -11 5 -10 3 -7 3 -6 3 -4 4 -1 5 1 7 3 8 5 9 7 12 8 12 9 14 8 15 9 15 8 14 9 13 7 12 6 9 5 6 5 2"
2026-05-27T22:13:33,RAW,========== UDP DEBUG ==========
2026-05-27T22:13:33,RAW,Packet Size : 26
2026-05-27T22:13:33,RAW,Remote IP   : 172.20.10.5
2026-05-27T22:13:33,RAW,Remote Port : 56939
2026-05-27T22:13:33,RAW,"Last UDP    : PING,48,1779891213.2011871"
2026-05-27T22:13:33,RAW,"ACK Message : ACK,PING,48,1779891213.2011871,RSSI=-31"
2026-05-27T22:13:33,RAW,beginPacket : 1
2026-05-27T22:13:33,RAW,endPacket   : 1
2026-05-27T22:13:33,RAW,===============================
2026-05-27T22:13:33,RAW,========== CURRENT SUMMARY ==========
2026-05-27T22:13:33,RAW,WiFi Status   : Connected
2026-05-27T22:13:33,RAW,ESP32 IP      : 172.20.10.14
2026-05-27T22:13:33,RAW,RSSI          : -31 dBm
2026-05-27T22:13:33,RAW,UDP Count     : 48
2026-05-27T22:13:33,RAW,CSI Count     : 100
2026-05-27T22:13:33,RAW,"Last UDP      : PING,48,1779891213.2011871"
2026-05-27T22:13:33,RAW,"Last ACK      : ACK,PING,48,1779891213.2011871,RSSI=-31"
2026-05-27T22:13:33,RAW,Last UDP RSSI : -31 dBm
2026-05-27T22:13:33,RAW,====================================
2026-05-27T22:13:34,CSI,"CSI_DATA,101,256717,-25,6,256,0 0 -7 4 -9 8 -9 10 -11 13 -12 13 -12 15 -12 15 -12 14 -11 14 -12 12 -10 10 -8 8 -6 7 -3 5 0 6 3 4 4 5 6 5 9 4 10 6 10 7 11 7 9 11 7 11 5 11 3 11 0 0 0 0 0 0 0 0 0 0 0 0 0 0 0 0 0 0 0 0 0 0 8 -11 10 -11 12 -10 12 -8 13 -7 12 -5 10 -5 8 -3 6 -4 4 -4 2 -6 0 -7 -2 -9 -4 -11 -6 -12 -8 -15 -8 -15 -9 -18 -8 -18 -10 -18 -9 -17 -9 -16 -7 -14 -7 -11 -6 -7 -6 -4"
2026-05-27T22:13:34,RAW,========== UDP DEBUG ==========
2026-05-27T22:13:34,RAW,Packet Size : 25
2026-05-27T22:13:34,RAW,Remote IP   : 172.20.10.5
2026-05-27T22:13:34,RAW,Remote Port : 56939
2026-05-27T22:13:34,RAW,"Last UDP    : PING,49,1779891214.227062"
2026-05-27T22:13:34,RAW,"ACK Message : ACK,PING,49,1779891214.227062,RSSI=-31"
2026-05-27T22:13:34,RAW,beginPacket : 1
2026-05-27T22:13:34,RAW,endPacket   : 1
2026-05-27T22:13:34,RAW,===============================
2026-05-27T22:13:34,RAW,========== CURRENT SUMMARY ==========
2026-05-27T22:13:34,RAW,WiFi Status   : Connected
2026-05-27T22:13:34,RAW,ESP32 IP      : 172.20.10.14
2026-05-27T22:13:34,RAW,RSSI          : -31 dBm
2026-05-27T22:13:34,RAW,UDP Count     : 49
2026-05-27T22:13:34,RAW,CSI Count     : 101
2026-05-27T22:13:34,RAW,"Last UDP      : PING,49,1779891214.227062"
2026-05-27T22:13:34,RAW,"Last ACK      : ACK,PING,49,1779891214.227062,RSSI=-31"
2026-05-27T22:13:34,RAW,Last UDP RSSI : -31 dBm
2026-05-27T22:13:34,RAW,====================================
2026-05-27T22:13:35,CSI,"CSI_DATA,102,257741,-25,6,256,0 0 5 -6 5 -10 5 -13 6 -15 8 -17 9 -17 9 -18 9 -17 8 -16 8 -15 6 -13 5 -11 3 -10 2 -8 -1 -6 -3 -5 -4 -5 -7 -5 -9 -5 -10 -6 -10 -7 -11 -8 -11 -10 -10 -10 -8 -11 -6 -12 0 0 0 0 0 0 0 0 0 0 0 0 0 0 0 0 0 0 0 0 0 0 -3 14 -5 13 -7 13 -8 11 -9 10 -9 8 -8 6 -7 5 -4 4 -2 4 1 5 4 6 6 7 8 8 9 9 12 10 12 11 13 13 13 13 12 14 11 14 11 12 9 10 9 7 7 4 7 0"
2026-05-27T22:13:35,RAW,========== UDP DEBUG ==========
2026-05-27T22:13:35,RAW,Packet Size : 25
2026-05-27T22:13:35,RAW,Remote IP   : 172.20.10.5
2026-05-27T22:13:35,RAW,Remote Port : 56939
2026-05-27T22:13:35,RAW,"Last UDP    : PING,50,1779891215.246549"
2026-05-27T22:13:35,RAW,"ACK Message : ACK,PING,50,1779891215.246549,RSSI=-31"
2026-05-27T22:13:35,RAW,beginPacket : 1
2026-05-27T22:13:35,RAW,endPacket   : 1
2026-05-27T22:13:35,RAW,===============================
2026-05-27T22:13:35,RAW,========== CURRENT SUMMARY ==========
2026-05-27T22:13:35,RAW,WiFi Status   : Connected
2026-05-27T22:13:35,RAW,ESP32 IP      : 172.20.10.14
2026-05-27T22:13:35,RAW,RSSI          : -31 dBm
2026-05-27T22:13:35,RAW,UDP Count     : 50
2026-05-27T22:13:35,RAW,CSI Count     : 102
2026-05-27T22:13:35,RAW,"Last UDP      : PING,50,1779891215.246549"
2026-05-27T22:13:35,RAW,"Last ACK      : ACK,PING,50,1779891215.246549,RSSI=-31"
2026-05-27T22:13:35,RAW,Last UDP RSSI : -31 dBm
2026-05-27T22:13:35,RAW,====================================
2026-05-27T22:13:36,CSI,"CSI_DATA,103,258681,-25,6,128,0 0 -2 9 -1 9 0 13 1 14 1 17 2 17 2 17 2 17 1 16 1 14 0 12 1 11 1 8 3 6 3 3 4 2 5 0 7 -1 9 -2 11 -2 12 -2 13 0 12 1 12 3 11 4 9 5 0 0 0 0 0 0 0 0 0 0 0 0 0 0 0 0 0 0 0 0 0 0 -5 -13 -3 -15 -1 -14 1 -15 2 -13 3 -13 2 -11 1 -9 1 -7 -1 -6 -3 -4 -6 -4 -8 -3 -10 -4 -14 -3 -14 -4 -18 -5 -17 -5 -19 -5 -18 -5 -18 -4 -16 -4 -14 -3 -11 -3 -10 0 -7 2"
2026-05-27T22:13:36,CSI,"CSI_DATA,104,258868,-25,6,256,0 0 -7 -5 -11 -5 -13 -5 -16 -5 -17 -6 -18 -7 -18 -7 -16 -7 -16 -6 -14 -5 -13 -4 -10 -3 -8 -1 -6 0 -4 3 -3 5 -3 6 -3 9 -3 10 -4 12 -5 11 -6 12 -7 11 -7 11 -8 8 -8 6 0 0 0 0 0 0 0 0 0 0 0 0 0 0 0 0 0 0 0 0 0 0 12 1 12 4 13 6 11 7 11 9 9 9 7 9 6 8 5 5 4 3 4 0 5 -2 5 -5 6 -7 7 -9 8 -12 9 -13 11 -14 11 -14 12 -14 12 -13 11 -12 9 -11 6 -11 3 -8 0 -7"
2026-05-27T22:13:36,RAW,========== UDP DEBUG ==========
2026-05-27T22:13:36,RAW,Packet Size : 25
2026-05-27T22:13:36,RAW,Remote IP   : 172.20.10.5
2026-05-27T22:13:36,RAW,Remote Port : 56939
2026-05-27T22:13:36,RAW,"Last UDP    : PING,51,1779891216.312453"
2026-05-27T22:13:36,RAW,"ACK Message : ACK,PING,51,1779891216.312453,RSSI=-31"
2026-05-27T22:13:36,RAW,beginPacket : 1
2026-05-27T22:13:36,RAW,endPacket   : 1
2026-05-27T22:13:36,RAW,===============================
2026-05-27T22:13:36,RAW,========== CURRENT SUMMARY ==========
2026-05-27T22:13:36,RAW,WiFi Status   : Connected
2026-05-27T22:13:36,RAW,ESP32 IP      : 172.20.10.14
2026-05-27T22:13:36,RAW,RSSI          : -31 dBm
2026-05-27T22:13:36,RAW,UDP Count     : 51
2026-05-27T22:13:36,RAW,CSI Count     : 104
2026-05-27T22:13:36,RAW,"Last UDP      : PING,51,1779891216.312453"
2026-05-27T22:13:36,RAW,"Last ACK      : ACK,PING,51,1779891216.312453,RSSI=-31"
2026-05-27T22:13:36,RAW,Last UDP RSSI : -31 dBm
2026-05-27T22:13:36,RAW,====================================
2026-05-27T22:13:37,CSI,"CSI_DATA,105,259891,-25,6,256,0 0 5 4 10 2 11 1 16 2 15 2 16 1 17 1 16 2 16 1 16 3 13 2 11 2 9 0 7 -1 7 -4 4 -5 4 -6 4 -7 2 -9 4 -11 4 -11 5 -12 8 -11 9 -10 9 -8 9 -6 0 0 0 0 0 0 0 0 0 0 0 0 0 0 0 0 0 0 0 0 0 0 -11 7 -11 6 -14 5 -13 3 -15 2 -12 0 -12 0 -10 -1 -8 1 -8 1 -7 3 -5 5 -5 7 -3 9 -3 10 -2 14 -2 14 -3 18 -4 16 -4 18 -5 16 -3 16 -4 15 -3 13 -1 10 1 8"
2026-05-27T22:13:37,RAW,========== UDP DEBUG ==========
2026-05-27T22:13:37,RAW,Packet Size : 26
2026-05-27T22:13:37,RAW,Remote IP   : 172.20.10.5
2026-05-27T22:13:37,RAW,Remote Port : 56939
2026-05-27T22:13:37,RAW,"Last UDP    : PING,52,1779891217.4010391"
2026-05-27T22:13:37,RAW,"ACK Message : ACK,PING,52,1779891217.4010391,RSSI=-31"
2026-05-27T22:13:37,RAW,beginPacket : 1
2026-05-27T22:13:37,RAW,endPacket   : 1
2026-05-27T22:13:37,RAW,===============================
2026-05-27T22:13:37,RAW,========== CURRENT SUMMARY ==========
2026-05-27T22:13:37,RAW,WiFi Status   : Connected
2026-05-27T22:13:37,RAW,ESP32 IP      : 172.20.10.14
2026-05-27T22:13:37,RAW,RSSI          : -31 dBm
2026-05-27T22:13:37,RAW,UDP Count     : 52
2026-05-27T22:13:37,RAW,CSI Count     : 105
2026-05-27T22:13:37,RAW,"Last UDP      : PING,52,1779891217.4010391"
2026-05-27T22:13:37,RAW,"Last ACK      : ACK,PING,52,1779891217.4010391,RSSI=-31"
2026-05-27T22:13:37,RAW,Last UDP RSSI : -31 dBm
2026-05-27T22:13:37,RAW,====================================
2026-05-27T22:13:38,CSI,"CSI_DATA,106,261018,-25,6,256,0 0 -7 -7 -9 -7 -13 -8 -14 -8 -16 -9 -16 -9 -17 -10 -16 -10 -16 -9 -14 -9 -12 -8 -10 -7 -9 -5 -8 -2 -6 0 -5 2 -5 4 -5 7 -5 9 -6 10 -7 11 -9 10 -10 9 -11 8 -12 6 -11 4 0 0 0 0 0 0 0 0 0 0 0 0 0 0 0 0 0 0 0 0 0 0 12 3 13 6 12 7 11 9 9 9 8 10 6 8 5 7 5 5 4 2 5 0 5 -3 7 -5 8 -7 10 -10 11 -10 13 -12 13 -12 14 -13 13 -13 13 -12 12 -11 10 -10 8 -9 5 -8 2 -7"
2026-05-27T22:13:38,RAW,========== UDP DEBUG ==========
2026-05-27T22:13:38,RAW,Packet Size : 25
2026-05-27T22:13:38,RAW,Remote IP   : 172.20.10.5
2026-05-27T22:13:38,RAW,Remote Port : 56939
2026-05-27T22:13:38,RAW,"Last UDP    : PING,53,1779891218.426986"
2026-05-27T22:13:38,RAW,"ACK Message : ACK,PING,53,1779891218.426986,RSSI=-31"
2026-05-27T22:13:38,RAW,beginPacket : 1
2026-05-27T22:13:38,RAW,endPacket   : 1
2026-05-27T22:13:38,RAW,===============================
2026-05-27T22:13:38,RAW,========== CURRENT SUMMARY ==========
2026-05-27T22:13:38,RAW,WiFi Status   : Connected
2026-05-27T22:13:38,RAW,ESP32 IP      : 172.20.10.14
2026-05-27T22:13:38,RAW,RSSI          : -31 dBm
2026-05-27T22:13:38,RAW,UDP Count     : 53
2026-05-27T22:13:38,RAW,CSI Count     : 106
2026-05-27T22:13:38,RAW,"Last UDP      : PING,53,1779891218.426986"
2026-05-27T22:13:38,RAW,"Last ACK      : ACK,PING,53,1779891218.426986,RSSI=-31"
2026-05-27T22:13:38,RAW,Last UDP RSSI : -31 dBm
2026-05-27T22:13:38,RAW,====================================
2026-05-27T22:13:39,CSI,"CSI_DATA,107,262143,-25,6,128,0 0 8 -4 5 -6 11 -11 7 -9 13 -17 13 -13 12 -13 12 -13 10 -11 7 -10 7 -12 5 -11 3 -9 2 -8 0 -4 -3 -7 -4 -3 -9 -6 -9 -7 -9 -7 -10 -9 -10 -9 -8 -7 -10 -9 -9 -9 -7 -11 0 0 0 0 0 0 0 0 0 0 0 0 0 0 0 0 0 0 0 0 0 0 -7 8 -13 10 -9 5 -15 6 -10 2 -15 4 -10 0 -9 0 -6 1 -4 2 -2 4 0 5 2 7 4 8 5 14 4 9 7 17 4 11 8 20 4 17 4 16 4 13 4 9 6 9 7 6 7 3"
2026-05-27T22:13:39,RAW,========== CURRENT SUMMARY ==========
2026-05-27T22:13:39,RAW,WiFi Status   : Connected
2026-05-27T22:13:39,RAW,ESP32 IP      : 172.20.10.14
2026-05-27T22:13:39,RAW,RSSI          : -31 dBm
2026-05-27T22:13:39,RAW,UDP Count     : 53
2026-05-27T22:13:39,RAW,CSI Count     : 107
2026-05-27T22:13:39,RAW,"Last UDP      : PING,53,1779891218.426986"
2026-05-27T22:13:39,RAW,"Last ACK      : ACK,PING,53,1779891218.426986,RSSI=-31"
2026-05-27T22:13:39,RAW,Last UDP RSSI : -31 dBm
2026-05-27T22:13:39,RAW,====================================
2026-05-27T22:13:39,CSI,"CSI_DATA,108,262349,-25,6,256,0 0 -5 8 -6 9 -7 14 -6 14 -7 17 -7 17 -6 17 -6 17 -7 15 -5 13 -5 11 -4 10 -2 8 0 7 1 4 4 4 5 2 8 2 10 3 11 3 12 4 12 6 11 5 10 7 9 8 7 8 0 0 0 0 0 0 0 0 0 0 0 0 0 0 0 0 0 0 0 0 0 0 1 -13 4 -16 5 -13 8 -14 8 -11 9 -11 8 -8 6 -7 4 -6 2 -5 -1 -4 -4 -5 -7 -6 -9 -8 -12 -9 -12 -10 -15 -13 -14 -12 -16 -14 -15 -13 -14 -12 -13 -12 -11 -9 -9 -7 -9 -4 -7 0"
2026-05-27T22:13:39,RAW,========== UDP DEBUG ==========
2026-05-27T22:13:39,RAW,Packet Size : 25
2026-05-27T22:13:39,RAW,Remote IP   : 172.20.10.5
2026-05-27T22:13:39,RAW,Remote Port : 56939
2026-05-27T22:13:39,RAW,"Last UDP    : PING,54,1779891219.550945"
2026-05-27T22:13:39,RAW,"ACK Message : ACK,PING,54,1779891219.550945,RSSI=-31"
2026-05-27T22:13:39,RAW,beginPacket : 1
2026-05-27T22:13:39,RAW,endPacket   : 1
2026-05-27T22:13:39,RAW,===============================
2026-05-27T22:13:40,RAW,========== CURRENT SUMMARY ==========
2026-05-27T22:13:40,RAW,WiFi Status   : Connected
2026-05-27T22:13:40,RAW,ESP32 IP      : 172.20.10.14
2026-05-27T22:13:40,RAW,RSSI          : -31 dBm
2026-05-27T22:13:40,RAW,UDP Count     : 54
2026-05-27T22:13:40,RAW,CSI Count     : 108
2026-05-27T22:13:40,RAW,"Last UDP      : PING,54,1779891219.550945"
2026-05-27T22:13:40,RAW,"Last ACK      : ACK,PING,54,1779891219.550945,RSSI=-31"
2026-05-27T22:13:40,RAW,Last UDP RSSI : -31 dBm
2026-05-27T22:13:40,RAW,====================================
2026-05-27T22:13:41,CSI,"CSI_DATA,109,263578,-25,6,256,0 0 7 -3 9 -7 10 -9 12 -11 13 -12 14 -12 14 -12 14 -11 12 -11 11 -10 9 -9 6 -8 4 -6 1 -6 -2 -6 -4 -5 -6 -6 -8 -7 -9 -8 -10 -9 -10 -10 -10 -11 -8 -12 -7 -12 -5 -11 -3 -11 0 0 0 0 0 0 0 0 0 0 0 0 0 0 0 0 0 0 0 0 0 0 -10 8 -12 6 -14 6 -14 4 -15 2 -14 1 -13 0 -11 -1 -8 0 -6 1 -4 3 -2 5 0 7 1 9 2 11 4 14 3 15 4 17 4 18 3 18 2 17 3 15 3 13 4 10 4 7 5 3"
2026-05-27T22:13:41,RAW,========== UDP DEBUG ==========
2026-05-27T22:13:41,RAW,Packet Size : 25
2026-05-27T22:13:41,RAW,Remote IP   : 172.20.10.5
2026-05-27T22:13:41,RAW,Remote Port : 56939
2026-05-27T22:13:41,RAW,"Last UDP    : PING,55,1779891220.978285"
2026-05-27T22:13:41,RAW,"ACK Message : ACK,PING,55,1779891220.978285,RSSI=-31"
2026-05-27T22:13:41,RAW,beginPacket : 1
2026-05-27T22:13:41,RAW,endPacket   : 1
2026-05-27T22:13:41,RAW,===============================
2026-05-27T22:13:41,CSI,"CSI_DATA,110,263591,-25,6,128,0 0 -8 1 -11 4 -11 6 -14 8 -14 8 -15 9 -15 9 -14 8 -13 8 -13 7 -11 6 -8 5 -6 4 -3 4 0 5 2 4 4 5 5 6 7 6 7 8 7 9 8 10 5 11 4 11 2 11 0 9 0 0 0 0 0 0 0 0 0 0 0 0 0 0 0 0 0 0 0 0 0 0 10 -6 11 -5 13 -4 13 -3 13 -1 12 0 11 1 9 1 7 0 6 -1 4 -3 2 -5 1 -7 0 -10 -1 -12 -2 -15 -3 -15 -2 -17 -2 -17 -2 -18 -2 -17 -3 -16 -2 -14 -2 -11 -3 -8 -4 -5"
2026-05-27T22:13:41,RAW,========== CURRENT SUMMARY ==========
2026-05-27T22:13:41,RAW,WiFi Status   : Connected
2026-05-27T22:13:41,RAW,ESP32 IP      : 172.20.10.14
2026-05-27T22:13:41,RAW,RSSI          : -31 dBm
2026-05-27T22:13:41,RAW,UDP Count     : 55
2026-05-27T22:13:41,RAW,CSI Count     : 110
2026-05-27T22:13:41,RAW,"Last UDP      : PING,55,1779891220.978285"
2026-05-27T22:13:41,RAW,"Last ACK      : ACK,PING,55,1779891220.978285,RSSI=-31"
2026-05-27T22:13:41,RAW,Last UDP RSSI : -31 dBm
2026-05-27T22:13:41,RAW,====================================
2026-05-27T22:13:42,CSI,"CSI_DATA,111,264602,-25,6,256,0 0 4 8 5 8 8 11 9 11 11 13 11 13 11 13 11 12 10 12 9 10 7 9 7 7 6 5 6 2 4 0 5 -2 5 -4 6 -6 7 -7 7 -8 9 -9 10 -7 10 -7 11 -6 11 -4 10 -3 0 0 0 0 0 0 0 0 0 0 0 0 0 0 0 0 0 0 0 0 0 0 -10 -8 -11 -11 -8 -12 -7 -14 -5 -13 -4 -13 -3 -11 -3 -9 -2 -7 -3 -4 -4 -2 -6 0 -8 2 -10 3 -13 4 -14 4 -18 5 -17 5 -19 5 -17 5 -17 5 -16 4 -13 4 -10 4 -7 4 -3 6"
2026-05-27T22:13:42,RAW,========== UDP DEBUG ==========
2026-05-27T22:13:42,RAW,Packet Size : 25
2026-05-27T22:13:42,RAW,Remote IP   : 172.20.10.5
2026-05-27T22:13:42,RAW,Remote Port : 56939
2026-05-27T22:13:42,RAW,"Last UDP    : PING,56,1779891222.111382"
2026-05-27T22:13:42,RAW,"ACK Message : ACK,PING,56,1779891222.111382,RSSI=-31"
2026-05-27T22:13:42,RAW,beginPacket : 1
2026-05-27T22:13:42,RAW,endPacket   : 1
2026-05-27T22:13:42,RAW,===============================
2026-05-27T22:13:42,RAW,========== CURRENT SUMMARY ==========
2026-05-27T22:13:42,RAW,WiFi Status   : Connected
2026-05-27T22:13:42,RAW,ESP32 IP      : 172.20.10.14
2026-05-27T22:13:42,RAW,RSSI          : -31 dBm
2026-05-27T22:13:42,RAW,UDP Count     : 56
2026-05-27T22:13:42,RAW,CSI Count     : 111
2026-05-27T22:13:42,RAW,"Last UDP      : PING,56,1779891222.111382"
2026-05-27T22:13:42,RAW,"Last ACK      : ACK,PING,56,1779891222.111382,RSSI=-31"
2026-05-27T22:13:42,RAW,Last UDP RSSI : -31 dBm
2026-05-27T22:13:42,RAW,====================================
2026-05-27T22:13:43,CSI,"CSI_DATA,112,265728,-25,6,256,0 0 -7 5 -7 8 -7 11 -8 13 -8 14 -8 15 -8 15 -8 15 -8 14 -9 13 -7 11 -7 9 -5 8 -2 7 0 6 2 5 4 6 5 6 7 6 8 8 8 9 8 10 6 12 3 12 2 12 0 11 0 0 0 0 0 0 0 0 0 0 0 0 0 0 0 0 0 0 0 0 0 0 -6 -11 -5 -13 -3 -14 -2 -15 0 -15 1 -14 2 -13 2 -11 1 -10 1 -8 -1 -7 -3 -6 -5 -6 -8 -6 -11 -6 -13 -7 -15 -7 -16 -8 -16 -9 -17 -8 -17 -9 -16 -8 -14 -8 -12 -7 -11 -4 -9 -2"
2026-05-27T22:13:43,RAW,========== UDP DEBUG ==========
2026-05-27T22:13:43,RAW,Packet Size : 25
2026-05-27T22:13:43,RAW,Remote IP   : 172.20.10.5
2026-05-27T22:13:43,RAW,Remote Port : 56939
2026-05-27T22:13:43,RAW,"Last UDP    : PING,57,1779891223.136895"
2026-05-27T22:13:43,RAW,"ACK Message : ACK,PING,57,1779891223.136895,RSSI=-31"
2026-05-27T22:13:43,RAW,beginPacket : 1
2026-05-27T22:13:43,RAW,endPacket   : 1
2026-05-27T22:13:43,RAW,===============================
2026-05-27T22:13:43,RAW,========== CURRENT SUMMARY ==========
2026-05-27T22:13:43,RAW,WiFi Status   : Connected
2026-05-27T22:13:43,RAW,ESP32 IP      : 172.20.10.14
2026-05-27T22:13:43,RAW,RSSI          : -31 dBm
2026-05-27T22:13:43,RAW,UDP Count     : 57
2026-05-27T22:13:43,RAW,CSI Count     : 112
2026-05-27T22:13:43,RAW,"Last UDP      : PING,57,1779891223.136895"
2026-05-27T22:13:43,RAW,"Last ACK      : ACK,PING,57,1779891223.136895,RSSI=-31"
2026-05-27T22:13:43,RAW,Last UDP RSSI : -31 dBm
2026-05-27T22:13:43,RAW,====================================
2026-05-27T22:13:44,CSI,"CSI_DATA,113,266855,-25,6,256,0 0 7 -5 8 -7 9 -10 10 -11 11 -12 11 -13 11 -13 11 -13 10 -12 9 -10 8 -9 6 -8 4 -7 2 -6 0 -6 -3 -6 -5 -5 -6 -6 -8 -7 -9 -7 -9 -9 -9 -10 -7 -11 -6 -11 -5 -11 -3 -11 0 0 0 0 0 0 0 0 0 0 0 0 0 0 0 0 0 0 0 0 0 0 -7 10 -9 10 -10 9 -12 8 -12 6 -12 5 -10 3 -9 3 -7 2 -4 3 -2 3 0 5 2 7 4 9 6 11 6 12 7 15 7 15 7 16 7 15 7 15 6 13 5 11 4 9 5 6 5 2"
2026-05-27T22:13:44,RAW,========== UDP DEBUG ==========
2026-05-27T22:13:44,RAW,Packet Size : 26
2026-05-27T22:13:44,RAW,Remote IP   : 172.20.10.5
2026-05-27T22:13:44,RAW,Remote Port : 56939
2026-05-27T22:13:44,RAW,"Last UDP    : PING,58,1779891224.2609012"
2026-05-27T22:13:44,RAW,"ACK Message : ACK,PING,58,1779891224.2609012,RSSI=-35"
2026-05-27T22:13:44,RAW,beginPacket : 1
2026-05-27T22:13:44,RAW,endPacket   : 1
2026-05-27T22:13:44,RAW,===============================
2026-05-27T22:13:44,RAW,========== CURRENT SUMMARY ==========
2026-05-27T22:13:44,RAW,WiFi Status   : Connected
2026-05-27T22:13:44,RAW,ESP32 IP      : 172.20.10.14
2026-05-27T22:13:44,RAW,RSSI          : -35 dBm
2026-05-27T22:13:44,RAW,UDP Count     : 58
2026-05-27T22:13:44,RAW,CSI Count     : 113
2026-05-27T22:13:44,RAW,"Last UDP      : PING,58,1779891224.2609012"
2026-05-27T22:13:44,RAW,"Last ACK      : ACK,PING,58,1779891224.2609012,RSSI=-35"
2026-05-27T22:13:44,RAW,Last UDP RSSI : -35 dBm
2026-05-27T22:13:44,RAW,====================================
2026-05-27T22:13:45,CSI,"CSI_DATA,114,267879,-25,6,256,0 0 -8 5 -9 6 -11 9 -10 11 -12 13 -13 14 -12 13 -13 14 -13 12 -11 11 -10 10 -8 9 -7 8 -4 7 -3 5 -1 5 2 4 4 5 6 6 7 7 8 9 7 11 6 11 5 12 3 13 1 12 0 0 0 0 0 0 0 0 0 0 0 0 0 0 0 0 0 0 0 0 0 0 3 -14 6 -15 7 -12 9 -11 9 -9 9 -8 7 -6 5 -6 4 -6 1 -5 -2 -6 -4 -7 -6 -8 -8 -10 -10 -12 -9 -13 -11 -16 -10 -15 -11 -17 -10 -16 -11 -15 -9 -15 -9 -11 -8 -9 -8 -7 -8 -3"
2026-05-27T22:13:45,RAW,========== UDP DEBUG ==========
2026-05-27T22:13:45,RAW,Packet Size : 25
2026-05-27T22:13:45,RAW,Remote IP   : 172.20.10.5
2026-05-27T22:13:45,RAW,Remote Port : 56939
2026-05-27T22:13:45,RAW,"Last UDP    : PING,59,1779891225.388181"
2026-05-27T22:13:45,RAW,"ACK Message : ACK,PING,59,1779891225.388181,RSSI=-37"
2026-05-27T22:13:45,RAW,beginPacket : 1
2026-05-27T22:13:45,RAW,endPacket   : 1
2026-05-27T22:13:45,RAW,===============================
2026-05-27T22:13:45,RAW,========== CURRENT SUMMARY ==========
2026-05-27T22:13:45,RAW,WiFi Status   : Connected
2026-05-27T22:13:45,RAW,ESP32 IP      : 172.20.10.14
2026-05-27T22:13:45,RAW,RSSI          : -37 dBm
2026-05-27T22:13:45,RAW,UDP Count     : 59
2026-05-27T22:13:45,RAW,CSI Count     : 114
2026-05-27T22:13:45,RAW,"Last UDP      : PING,59,1779891225.388181"
2026-05-27T22:13:45,RAW,"Last ACK      : ACK,PING,59,1779891225.388181,RSSI=-37"
2026-05-27T22:13:45,RAW,Last UDP RSSI : -37 dBm
2026-05-27T22:13:45,RAW,====================================
2026-05-27T22:13:46,CSI,"CSI_DATA,115,268696,-25,6,128,0 0 -8 3 -6 5 -11 9 -8 10 -15 14 -14 12 -13 12 -14 13 -12 11 -9 9 -9 10 -7 8 -4 6 -3 5 -1 4 1 6 3 2 6 6 8 6 8 7 9 9 8 9 7 9 7 10 6 11 3 10 0 0 0 0 0 0 0 0 0 0 0 0 0 0 0 0 0 0 0 0 0 0 5 -10 11 -11 8 -8 14 -8 9 -6 14 -5 10 -3 7 -3 6 -3 3 -4 1 -5 -1 -6 -3 -8 -5 -8 -5 -13 -7 -11 -8 -18 -7 -13 -8 -21 -6 -17 -6 -16 -6 -15 -6 -11 -7 -10 -6 -7 -7 -3"
2026-05-27T22:13:46,CSI,"CSI_DATA,116,268903,-25,6,256,0 0 6 -7 6 -8 8 -13 7 -13 9 -16 9 -16 9 -16 9 -16 10 -15 7 -13 7 -12 5 -11 3 -9 1 -8 0 -6 -2 -6 -5 -4 -7 -5 -9 -6 -10 -7 -11 -9 -10 -11 -10 -10 -8 -11 -7 -12 -5 -12 0 0 0 0 0 0 0 0 0 0 0 0 0 0 0 0 0 0 0 0 0 0 -2 12 -5 14 -7 11 -9 13 -9 9 -10 9 -8 7 -7 6 -5 5 -2 4 0 4 3 5 5 6 7 7 10 9 9 10 12 13 11 11 13 14 12 13 12 13 10 12 9 9 8 7 8 4 8 0"
2026-05-27T22:13:46,RAW,========== UDP DEBUG ==========
2026-05-27T22:13:46,RAW,Packet Size : 25
2026-05-27T22:13:46,RAW,Remote IP   : 172.20.10.5
2026-05-27T22:13:46,RAW,Remote Port : 56939
2026-05-27T22:13:46,RAW,"Last UDP    : PING,60,1779891226.411422"
2026-05-27T22:13:46,RAW,"ACK Message : ACK,PING,60,1779891226.411422,RSSI=-31"
2026-05-27T22:13:46,RAW,beginPacket : 1
2026-05-27T22:13:46,RAW,endPacket   : 1
2026-05-27T22:13:46,RAW,===============================
2026-05-27T22:13:46,RAW,========== CURRENT SUMMARY ==========
2026-05-27T22:13:46,RAW,WiFi Status   : Connected
2026-05-27T22:13:46,RAW,ESP32 IP      : 172.20.10.14
2026-05-27T22:13:46,RAW,RSSI          : -31 dBm
2026-05-27T22:13:46,RAW,UDP Count     : 60
2026-05-27T22:13:46,RAW,CSI Count     : 116
2026-05-27T22:13:46,RAW,"Last UDP      : PING,60,1779891226.411422"
2026-05-27T22:13:46,RAW,"Last ACK      : ACK,PING,60,1779891226.411422,RSSI=-31"
2026-05-27T22:13:46,RAW,Last UDP RSSI : -31 dBm
2026-05-27T22:13:46,RAW,====================================
2026-05-27T22:13:47,CSI,"CSI_DATA,117,270029,-26,6,256,0 0 2 8 4 8 7 12 9 12 10 14 9 15 9 15 9 14 8 13 8 10 7 9 7 7 5 4 5 2 3 -1 5 -3 4 -5 6 -8 7 -8 8 -9 9 -9 10 -8 10 -7 11 -6 10 -5 10 -3 0 0 0 0 0 0 0 0 0 0 0 0 0 0 0 0 0 0 0 0 0 0 -7 -11 -6 -14 -4 -14 -2 -16 -1 -14 0 -14 1 -12 1 -10 0 -8 -1 -5 -3 -3 -5 -2 -8 0 -10 1 -13 1 -14 1 -18 1 -17 2 -19 2 -19 0 -18 1 -16 0 -13 2 -11 2 -8 4 -4 4"
2026-05-27T22:13:47,RAW,========== UDP DEBUG ==========
2026-05-27T22:13:47,RAW,Packet Size : 25
2026-05-27T22:13:47,RAW,Remote IP   : 172.20.10.5
2026-05-27T22:13:47,RAW,Remote Port : 56939
2026-05-27T22:13:47,RAW,"Last UDP    : PING,61,1779891227.436262"
2026-05-27T22:13:47,RAW,"ACK Message : ACK,PING,61,1779891227.436262,RSSI=-31"
2026-05-27T22:13:47,RAW,beginPacket : 1
2026-05-27T22:13:47,RAW,endPacket   : 1
2026-05-27T22:13:47,RAW,===============================
2026-05-27T22:13:47,RAW,========== CURRENT SUMMARY ==========
2026-05-27T22:13:47,RAW,WiFi Status   : Connected
2026-05-27T22:13:47,RAW,ESP32 IP      : 172.20.10.14
2026-05-27T22:13:47,RAW,RSSI          : -31 dBm
2026-05-27T22:13:47,RAW,UDP Count     : 61
2026-05-27T22:13:47,RAW,CSI Count     : 117
2026-05-27T22:13:47,RAW,"Last UDP      : PING,61,1779891227.436262"
2026-05-27T22:13:47,RAW,"Last ACK      : ACK,PING,61,1779891227.436262,RSSI=-31"
2026-05-27T22:13:47,RAW,Last UDP RSSI : -31 dBm
2026-05-27T22:13:47,RAW,====================================
2026-05-27T22:13:48,CSI,"CSI_DATA,118,271158,-27,6,256,0 0 -1 13 2 12 3 10 6 10 8 9 9 8 11 8 12 9 14 8 14 10 13 10 12 10 11 10 10 9 11 8 9 7 8 6 8 5 8 4 8 2 8 2 10 1 10 2 11 4 11 6 10 7 0 0 0 0 0 0 0 0 0 0 0 0 0 0 0 0 0 0 0 0 0 0 -3 9 -4 10 -5 11 -6 11 -9 12 -10 11 -12 11 -13 8 -13 9 -13 6 -12 6 -10 5 -9 5 -7 6 -5 7 -3 10 -2 11 -1 13 -1 15 0 17 -2 18 -1 20 -3 21 -3 20 -4 19 -3 17"
2026-05-27T22:13:48,RAW,========== UDP DEBUG ==========
2026-05-27T22:13:48,RAW,Packet Size : 25
2026-05-27T22:13:48,RAW,Remote IP   : 172.20.10.5
2026-05-27T22:13:48,RAW,Remote Port : 56939
2026-05-27T22:13:48,RAW,"Last UDP    : PING,62,1779891228.560742"
2026-05-27T22:13:48,RAW,"ACK Message : ACK,PING,62,1779891228.560742,RSSI=-37"
2026-05-27T22:13:48,RAW,beginPacket : 1
2026-05-27T22:13:48,RAW,endPacket   : 1
2026-05-27T22:13:48,RAW,===============================
2026-05-27T22:13:48,RAW,========== CURRENT SUMMARY ==========
2026-05-27T22:13:48,RAW,WiFi Status   : Connected
2026-05-27T22:13:48,RAW,ESP32 IP      : 172.20.10.14
2026-05-27T22:13:48,RAW,RSSI          : -37 dBm
2026-05-27T22:13:48,RAW,UDP Count     : 62
2026-05-27T22:13:48,RAW,CSI Count     : 118
2026-05-27T22:13:48,RAW,"Last UDP      : PING,62,1779891228.560742"
2026-05-27T22:13:48,RAW,"Last ACK      : ACK,PING,62,1779891228.560742,RSSI=-37"
2026-05-27T22:13:48,RAW,Last UDP RSSI : -37 dBm
2026-05-27T22:13:48,RAW,====================================
2026-05-27T22:13:49,RAW,========== CURRENT SUMMARY ==========
2026-05-27T22:13:49,RAW,WiFi Status   : Connected
2026-05-27T22:13:49,RAW,ESP32 IP      : 172.20.10.14
2026-05-27T22:13:49,RAW,RSSI          : -37 dBm
2026-05-27T22:13:49,RAW,UDP Count     : 62
2026-05-27T22:13:49,RAW,CSI Count     : 118
2026-05-27T22:13:49,RAW,"Last UDP      : PING,62,1779891228.560742"
2026-05-27T22:13:49,RAW,"Last ACK      : ACK,PING,62,1779891228.560742,RSSI=-37"
2026-05-27T22:13:49,RAW,Last UDP RSSI : -37 dBm
2026-05-27T22:13:49,RAW,====================================
2026-05-27T22:13:49,CSI,"CSI_DATA,119,272282,-55,6,256,0 0 -10 -7 -13 -7 -15 -8 -16 -9 -17 -9 -17 -9 -16 -9 -15 -9 -13 -8 -12 -8 -10 -6 -9 -4 -7 -2 -6 0 -5 2 -5 4 -5 6 -6 7 -7 8 -8 9 -9 9 -10 8 -11 7 -12 5 -11 3 -11 1 0 0 0 0 0 0 0 0 0 0 0 0 0 0 0 0 0 0 0 0 0 0 12 -5 13 -3 13 -1 12 1 11 1 9 2 8 1 6 0 5 -2 5 -4 5 -6 5 -8 5 -10 6 -12 7 -13 8 -15 9 -15 9 -15 9 -15 9 -14 8 -13 6 -12 5 -10 2 -9 -1 -8 -4 -7"
2026-05-27T22:13:49,RAW,========== UDP DEBUG ==========
2026-05-27T22:13:49,RAW,Packet Size : 25
2026-05-27T22:13:49,RAW,Remote IP   : 172.20.10.5
2026-05-27T22:13:49,RAW,Remote Port : 56939
2026-05-27T22:13:49,RAW,"Last UDP    : PING,63,1779891229.690627"
2026-05-27T22:13:49,RAW,"ACK Message : ACK,PING,63,1779891229.690627,RSSI=-62"
2026-05-27T22:13:49,RAW,beginPacket : 1
2026-05-27T22:13:49,RAW,endPacket   : 1
2026-05-27T22:13:49,RAW,===============================
2026-05-27T22:13:50,RAW,========== CURRENT SUMMARY ==========
2026-05-27T22:13:50,RAW,WiFi Status   : Connected
2026-05-27T22:13:50,RAW,ESP32 IP      : 172.20.10.14
2026-05-27T22:13:50,RAW,RSSI          : -62 dBm
2026-05-27T22:13:50,RAW,UDP Count     : 63
2026-05-27T22:13:50,RAW,CSI Count     : 119
2026-05-27T22:13:50,RAW,"Last UDP      : PING,63,1779891229.690627"
2026-05-27T22:13:50,RAW,"Last ACK      : ACK,PING,63,1779891229.690627,RSSI=-62"
2026-05-27T22:13:50,RAW,Last UDP RSSI : -62 dBm
2026-05-27T22:13:50,RAW,====================================
2026-05-27T22:13:50,CSI,"CSI_DATA,120,273409,-56,6,256,0 0 3 1 0 -1 -4 -3 -7 -6 -10 -7 -13 -8 -15 -9 -16 -9 -18 -9 -18 -9 -18 -8 -17 -8 -15 -7 -13 -6 -11 -5 -8 -4 -6 -3 -3 -1 0 0 2 2 4 4 6 5 6 8 7 9 6 11 5 12 0 0 0 0 0 0 0 0 0 0 0 0 0 0 0 0 0 0 0 0 0 0 -13 -1 -14 -3 -15 -4 -15 -6 -14 -7 -13 -7 -11 -7 -9 -7 -7 -6 -5 -4 -3 -2 -1 0 2 2 4 4 6 6 9 8 11 10 13 11 14 12 16 12 17 12 17 12 16 11 15 10 13 8 10 6"
2026-05-27T22:13:50,RAW,========== UDP DEBUG ==========
2026-05-27T22:13:50,RAW,Packet Size : 25
2026-05-27T22:13:50,RAW,Remote IP   : 172.20.10.5
2026-05-27T22:13:50,RAW,Remote Port : 56939
2026-05-27T22:13:50,RAW,"Last UDP    : PING,64,1779891230.816392"
2026-05-27T22:13:50,RAW,"ACK Message : ACK,PING,64,1779891230.816392,RSSI=-58"
2026-05-27T22:13:50,RAW,beginPacket : 1
2026-05-27T22:13:50,RAW,endPacket   : 1
2026-05-27T22:13:50,RAW,===============================
2026-05-27T22:13:51,CSI,"CSI_DATA,121,273612,-58,6,128,0 0 -3 -2 -2 1 -8 6 -5 7 -11 15 -12 13 -11 14 -12 16 -11 15 -6 13 -6 17 -4 17 -3 14 -4 13 -3 6 -2 8 -1 1 2 0 5 -2 6 -3 9 -5 10 -4 8 -6 11 -8 13 -8 15 -4 0 0 0 0 0 0 0 0 0 0 0 0 0 0 0 0 0 0 0 0 0 0 6 7 5 14 2 9 1 17 0 10 -1 16 -4 10 -3 8 -3 6 -1 3 -1 2 1 0 1 -4 1 -7 6 -12 3 -9 8 -17 5 -12 9 -22 10 -17 9 -18 8 -17 3 -13 3 -16 0 -15 0 -11"
2026-05-27T22:13:51,RAW,========== CURRENT SUMMARY ==========
2026-05-27T22:13:51,RAW,WiFi Status   : Connected
2026-05-27T22:13:51,RAW,ESP32 IP      : 172.20.10.14
2026-05-27T22:13:51,RAW,RSSI          : -60 dBm
2026-05-27T22:13:51,RAW,UDP Count     : 64
2026-05-27T22:13:51,RAW,CSI Count     : 121
2026-05-27T22:13:51,RAW,"Last UDP      : PING,64,1779891230.816392"
2026-05-27T22:13:51,RAW,"Last ACK      : ACK,PING,64,1779891230.816392,RSSI=-58"
2026-05-27T22:13:51,RAW,Last UDP RSSI : -58 dBm
2026-05-27T22:13:51,RAW,====================================
2026-05-27T22:13:52,CSI,"CSI_DATA,122,274535,-57,6,256,0 0 2 2 1 -3 -1 -6 -2 -10 -3 -14 -4 -16 -5 -18 -6 -19 -7 -19 -7 -19 -7 -18 -7 -17 -6 -15 -6 -12 -5 -9 -4 -7 -3 -4 -2 -1 -2 2 -2 5 -2 8 -3 10 -4 11 -5 12 -7 12 -9 12 0 0 0 0 0 0 0 0 0 0 0 0 0 0 0 0 0 0 0 0 0 0 -11 -5 -12 -7 -11 -9 -11 -11 -10 -12 -9 -12 -7 -12 -6 -11 -4 -9 -3 -7 -2 -4 -1 -1 0 2 1 5 2 8 2 11 3 14 4 16 5 18 6 19 7 19 7 19 7 18 6 16 6 13 5 10"
2026-05-27T22:13:52,RAW,========== UDP DEBUG ==========
2026-05-27T22:13:52,RAW,Packet Size : 26
2026-05-27T22:13:52,RAW,Remote IP   : 172.20.10.5
2026-05-27T22:13:52,RAW,Remote Port : 56939
2026-05-27T22:13:52,RAW,"Last UDP    : PING,65,1779891231.9436202"
2026-05-27T22:13:52,RAW,"ACK Message : ACK,PING,65,1779891231.9436202,RSSI=-60"
2026-05-27T22:13:52,RAW,beginPacket : 1
2026-05-27T22:13:52,RAW,endPacket   : 1
2026-05-27T22:13:52,RAW,===============================
2026-05-27T22:13:52,RAW,========== CURRENT SUMMARY ==========
2026-05-27T22:13:52,RAW,WiFi Status   : Connected
2026-05-27T22:13:52,RAW,ESP32 IP      : 172.20.10.14
2026-05-27T22:13:52,RAW,RSSI          : -60 dBm
2026-05-27T22:13:52,RAW,UDP Count     : 65
2026-05-27T22:13:52,RAW,CSI Count     : 122
2026-05-27T22:13:52,RAW,"Last UDP      : PING,65,1779891231.9436202"
2026-05-27T22:13:52,RAW,"Last ACK      : ACK,PING,65,1779891231.9436202,RSSI=-60"
2026-05-27T22:13:52,RAW,Last UDP RSSI : -60 dBm
2026-05-27T22:13:52,RAW,====================================
2026-05-27T22:13:53,CSI,"CSI_DATA,123,275866,-57,6,256,0 0 2 1 -1 -2 -5 -4 -8 -6 -11 -8 -14 -9 -16 -10 -17 -10 -17 -9 -17 -8 -17 -8 -16 -7 -14 -6 -12 -5 -10 -4 -7 -2 -4 -1 -1 0 2 2 4 4 6 5 7 7 8 8 8 10 7 11 6 12 0 0 0 0 0 0 0 0 0 0 0 0 0 0 0 0 0 0 0 0 0 0 -12 -2 -14 -3 -14 -5 -14 -7 -13 -8 -13 -9 -11 -9 -9 -9 -7 -7 -5 -5 -3 -4 -1 -1 1 1 3 3 6 6 8 8 10 10 12 11 14 12 15 13 16 13 16 12 15 11 14 9 12 8 9 5"
2026-05-27T22:13:53,RAW,========== UDP DEBUG ==========
2026-05-27T22:13:53,RAW,Packet Size : 26
2026-05-27T22:13:53,RAW,Remote IP   : 172.20.10.5
2026-05-27T22:13:53,RAW,Remote Port : 56939
2026-05-27T22:13:53,RAW,"Last UDP    : PING,66,1779891233.0725172"
2026-05-27T22:13:53,RAW,"ACK Message : ACK,PING,66,1779891233.0725172,RSSI=-59"
2026-05-27T22:13:53,RAW,beginPacket : 1
2026-05-27T22:13:53,RAW,endPacket   : 1
2026-05-27T22:13:53,RAW,===============================
2026-05-27T22:13:53,RAW,========== CURRENT SUMMARY ==========
2026-05-27T22:13:53,RAW,WiFi Status   : Connected
2026-05-27T22:13:53,RAW,ESP32 IP      : 172.20.10.14
2026-05-27T22:13:53,RAW,RSSI          : -59 dBm
2026-05-27T22:13:53,RAW,UDP Count     : 66
2026-05-27T22:13:53,RAW,CSI Count     : 123
2026-05-27T22:13:53,RAW,"Last UDP      : PING,66,1779891233.0725172"
2026-05-27T22:13:53,RAW,"Last ACK      : ACK,PING,66,1779891233.0725172,RSSI=-59"
2026-05-27T22:13:53,RAW,Last UDP RSSI : -59 dBm
2026-05-27T22:13:53,RAW,====================================
2026-05-27T22:13:54,CSI,"CSI_DATA,124,276992,-57,6,256,0 0 -1 -2 -2 2 -2 6 -2 10 -2 13 -2 15 -1 17 -1 18 0 18 0 17 1 16 2 15 2 13 2 10 2 7 2 5 1 2 1 -1 1 -4 1 -6 2 -9 2 -10 3 -12 4 -12 5 -12 6 -12 0 0 0 0 0 0 0 0 0 0 0 0 0 0 0 0 0 0 0 0 0 0 4 10 3 12 1 14 0 15 -1 15 -3 14 -4 13 -4 11 -4 9 -4 6 -3 3 -2 0 0 -3 1 -6 2 -9 3 -12 3 -15 4 -17 4 -19 4 -20 4 -21 4 -21 3 -19 2 -17 1 -14 1 -11"
2026-05-27T22:13:54,RAW,========== UDP DEBUG ==========
2026-05-27T22:13:54,RAW,Packet Size : 25
2026-05-27T22:13:54,RAW,Remote IP   : 172.20.10.5
2026-05-27T22:13:54,RAW,Remote Port : 56939
2026-05-27T22:13:54,RAW,"Last UDP    : PING,67,1779891234.497657"
2026-05-27T22:13:54,RAW,"ACK Message : ACK,PING,67,1779891234.497657,RSSI=-59"
2026-05-27T22:13:54,RAW,beginPacket : 1
2026-05-27T22:13:54,RAW,endPacket   : 1
2026-05-27T22:13:54,RAW,===============================
2026-05-27T22:13:54,RAW,========== CURRENT SUMMARY ==========
2026-05-27T22:13:54,RAW,WiFi Status   : Connected
2026-05-27T22:13:54,RAW,ESP32 IP      : 172.20.10.14
2026-05-27T22:13:54,RAW,RSSI          : -59 dBm
2026-05-27T22:13:54,RAW,UDP Count     : 67
2026-05-27T22:13:54,RAW,CSI Count     : 124
2026-05-27T22:13:54,RAW,"Last UDP      : PING,67,1779891234.497657"
2026-05-27T22:13:54,RAW,"Last ACK      : ACK,PING,67,1779891234.497657,RSSI=-59"
2026-05-27T22:13:54,RAW,Last UDP RSSI : -59 dBm
2026-05-27T22:13:54,RAW,====================================
2026-05-27T22:13:55,CSI,"CSI_DATA,125,278016,-57,6,256,0 0 -4 -1 -1 1 3 3 8 5 10 6 13 7 15 7 17 7 17 7 18 7 17 6 16 5 14 4 12 3 10 2 6 1 4 0 1 -1 -2 -3 -4 -4 -6 -6 -8 -8 -8 -10 -8 -12 -7 -13 -6 -14 0 0 0 0 0 0 0 0 0 0 0 0 0 0 0 0 0 0 0 0 0 0 11 -4 12 -3 14 -1 15 0 15 2 14 3 13 4 12 4 9 4 7 3 4 1 1 0 -2 -2 -5 -3 -7 -5 -11 -7 -13 -8 -16 -9 -17 -10 -19 -10 -20 -10 -20 -10 -20 -9 -18 -8 -15 -6 -12 -5"
2026-05-27T22:13:55,RAW,========== UDP DEBUG ==========
2026-05-27T22:13:55,RAW,Packet Size : 25
2026-05-27T22:13:55,RAW,Remote IP   : 172.20.10.5
2026-05-27T22:13:55,RAW,Remote Port : 56939
2026-05-27T22:13:55,RAW,"Last UDP    : PING,68,1779891235.522089"
2026-05-27T22:13:55,RAW,"ACK Message : ACK,PING,68,1779891235.522089,RSSI=-59"
2026-05-27T22:13:55,RAW,beginPacket : 1
2026-05-27T22:13:55,RAW,endPacket   : 1
2026-05-27T22:13:55,RAW,===============================
2026-05-27T22:13:55,RAW,========== CURRENT SUMMARY ==========
2026-05-27T22:13:55,RAW,WiFi Status   : Connected
2026-05-27T22:13:55,RAW,ESP32 IP      : 172.20.10.14
2026-05-27T22:13:55,RAW,RSSI          : -59 dBm
2026-05-27T22:13:55,RAW,UDP Count     : 68
2026-05-27T22:13:55,RAW,CSI Count     : 125
2026-05-27T22:13:55,RAW,"Last UDP      : PING,68,1779891235.522089"
2026-05-27T22:13:55,RAW,"Last ACK      : ACK,PING,68,1779891235.522089,RSSI=-59"
2026-05-27T22:13:55,RAW,Last UDP RSSI : -59 dBm
2026-05-27T22:13:55,RAW,====================================
2026-05-27T22:13:56,CSI,"CSI_DATA,126,278629,-57,6,128,0 0 -1 5 -1 1 2 -4 1 -7 4 -13 5 -14 4 -16 5 -21 5 -20 2 -17 1 -19 2 -20 1 -19 1 -20 2 -10 2 -13 0 -4 1 -5 -2 0 -2 1 -4 6 -5 6 -5 8 -6 9 -9 10 -12 11 0 0 0 0 0 0 0 0 0 0 0 0 0 0 0 0 0 0 0 0 0 0 -1 -11 1 -19 1 -11 5 -19 3 -12 7 -17 5 -11 5 -11 5 -10 3 -6 2 -4 1 -2 -1 0 -3 4 -7 10 -5 7 -11 16 -7 12 -13 20 -9 16 -10 22 -12 20 -7 16 -6 17 -7 17 -5 15"
2026-05-27T22:13:56,CSI,"CSI_DATA,127,279245,-57,6,256,0 0 -1 5 0 1 1 -4 2 -8 2 -12 3 -15 2 -17 2 -19 2 -20 1 -21 1 -20 0 -20 0 -18 0 -16 0 -13 -1 -11 -1 -8 -1 -4 -1 -1 -2 2 -2 5 -3 8 -5 9 -7 10 -8 11 -10 11 0 0 0 0 0 0 0 0 0 0 0 0 0 0 0 0 0 0 0 0 0 0 -2 -13 -1 -15 1 -16 2 -16 4 -16 4 -15 5 -14 5 -12 4 -9 3 -7 2 -4 0 -1 -2 2 -3 5 -5 8 -6 10 -8 13 -9 16 -9 18 -9 19 -9 21 -8 21 -8 20 -7 19 -5 16 -4 13"
2026-05-27T22:13:56,RAW,========== UDP DEBUG ==========
2026-05-27T22:13:56,RAW,Packet Size : 25
2026-05-27T22:13:56,RAW,Remote IP   : 172.20.10.5
2026-05-27T22:13:56,RAW,Remote Port : 56939
2026-05-27T22:13:56,RAW,"Last UDP    : PING,69,1779891236.553045"
2026-05-27T22:13:56,RAW,"ACK Message : ACK,PING,69,1779891236.553045,RSSI=-58"
2026-05-27T22:13:56,RAW,beginPacket : 1
2026-05-27T22:13:56,RAW,endPacket   : 1
2026-05-27T22:13:56,RAW,===============================
2026-05-27T22:13:56,RAW,========== CURRENT SUMMARY ==========
2026-05-27T22:13:56,RAW,WiFi Status   : Connected
2026-05-27T22:13:56,RAW,ESP32 IP      : 172.20.10.14
2026-05-27T22:13:56,RAW,RSSI          : -58 dBm
2026-05-27T22:13:56,RAW,UDP Count     : 69
2026-05-27T22:13:56,RAW,CSI Count     : 127
2026-05-27T22:13:56,RAW,"Last UDP      : PING,69,1779891236.553045"
2026-05-27T22:13:56,RAW,"Last ACK      : ACK,PING,69,1779891236.553045,RSSI=-58"
2026-05-27T22:13:56,RAW,Last UDP RSSI : -58 dBm
2026-05-27T22:13:56,RAW,====================================
2026-05-27T22:13:57,RAW,========== CURRENT SUMMARY ==========
2026-05-27T22:13:57,RAW,WiFi Status   : Connected
2026-05-27T22:13:57,RAW,ESP32 IP      : 172.20.10.14
2026-05-27T22:13:57,RAW,RSSI          : -58 dBm
2026-05-27T22:13:57,RAW,UDP Count     : 69
2026-05-27T22:13:57,RAW,CSI Count     : 127
2026-05-27T22:13:57,RAW,"Last UDP      : PING,69,1779891236.553045"
2026-05-27T22:13:57,RAW,"Last ACK      : ACK,PING,69,1779891236.553045,RSSI=-58"
2026-05-27T22:13:57,RAW,Last UDP RSSI : -58 dBm
2026-05-27T22:13:57,RAW,====================================
2026-05-27T22:13:57,CSI,"CSI_DATA,128,280375,-58,6,256,0 0 -4 -2 -2 1 1 5 3 9 5 12 7 14 9 15 9 17 10 17 10 17 10 16 9 14 8 12 7 10 6 7 4 5 3 2 1 -1 0 -4 -1 -7 -1 -10 -1 -12 1 -14 2 -15 3 -15 5 -15 0 0 0 0 0 0 0 0 0 0 0 0 0 0 0 0 0 0 0 0 0 0 10 2 11 4 12 6 11 7 11 8 10 9 9 9 7 8 6 7 4 5 2 3 1 0 -1 -2 -2 -5 -4 -8 -6 -11 -7 -13 -9 -15 -10 -17 -12 -18 -12 -18 -13 -18 -12 -17 -11 -16 -10 -13 -8 -10"
2026-05-27T22:13:57,RAW,========== UDP DEBUG ==========
2026-05-27T22:13:57,RAW,Packet Size : 25
2026-05-27T22:13:57,RAW,Remote IP   : 172.20.10.5
2026-05-27T22:13:57,RAW,Remote Port : 56939
2026-05-27T22:13:57,RAW,"Last UDP    : PING,70,1779891237.870052"
2026-05-27T22:13:57,RAW,"ACK Message : ACK,PING,70,1779891237.870052,RSSI=-61"
2026-05-27T22:13:57,RAW,beginPacket : 1
2026-05-27T22:13:57,RAW,endPacket   : 1
2026-05-27T22:13:57,RAW,===============================
2026-05-27T22:13:58,RAW,========== CURRENT SUMMARY ==========
2026-05-27T22:13:58,RAW,WiFi Status   : Connected
2026-05-27T22:13:58,RAW,ESP32 IP      : 172.20.10.14
2026-05-27T22:13:58,RAW,RSSI          : -61 dBm
2026-05-27T22:13:58,RAW,UDP Count     : 70
2026-05-27T22:13:58,RAW,CSI Count     : 128
2026-05-27T22:13:58,RAW,"Last UDP      : PING,70,1779891237.870052"
2026-05-27T22:13:58,RAW,"Last ACK      : ACK,PING,70,1779891237.870052,RSSI=-61"
2026-05-27T22:13:58,RAW,Last UDP RSSI : -61 dBm
2026-05-27T22:13:58,RAW,====================================
2026-05-27T22:13:59,CSI,"CSI_DATA,129,281498,-59,6,256,0 0 4 -10 0 -8 -4 -5 -9 -4 -13 -3 -16 -2 -19 -2 -21 -2 -22 -2 -23 -3 -22 -4 -21 -4 -19 -4 -16 -4 -14 -3 -11 -2 -8 0 -5 2 -3 5 -2 7 -2 10 -1 12 -3 14 -5 15 -8 15 -10 14 0 0 0 0 0 0 0 0 0 0 0 0 0 0 0 0 0 0 0 0 0 0 8 2 10 4 11 6 11 8 11 11 10 11 9 12 7 12 6 11 5 10 4 8 4 5 4 3 4 -1 5 -4 6 -7 7 -10 9 -13 9 -15 11 -18 12 -19 12 -20 13 -20 13 -18 12 -17 10 -15"
2026-05-27T22:13:59,RAW,========== UDP DEBUG ==========
2026-05-27T22:13:59,RAW,Packet Size : 25
2026-05-27T22:13:59,RAW,Remote IP   : 172.20.10.5
2026-05-27T22:13:59,RAW,Remote Port : 56939
2026-05-27T22:13:59,RAW,"Last UDP    : PING,71,1779891238.904831"
2026-05-27T22:13:59,RAW,"ACK Message : ACK,PING,71,1779891238.904831,RSSI=-64"
2026-05-27T22:13:59,RAW,beginPacket : 1
2026-05-27T22:13:59,RAW,endPacket   : 1
2026-05-27T22:13:59,RAW,===============================
2026-05-27T22:13:59,RAW,========== CURRENT SUMMARY ==========
2026-05-27T22:13:59,RAW,WiFi Status   : Connected
2026-05-27T22:13:59,RAW,ESP32 IP      : 172.20.10.14
2026-05-27T22:13:59,RAW,RSSI          : -64 dBm
2026-05-27T22:13:59,RAW,UDP Count     : 71
2026-05-27T22:13:59,RAW,CSI Count     : 129
2026-05-27T22:13:59,RAW,"Last UDP      : PING,71,1779891238.904831"
2026-05-27T22:13:59,RAW,"Last ACK      : ACK,PING,71,1779891238.904831,RSSI=-64"
2026-05-27T22:13:59,RAW,Last UDP RSSI : -64 dBm
2026-05-27T22:13:59,RAW,====================================
2026-05-27T22:14:00,CSI,"CSI_DATA,130,282624,-59,6,256,0 0 10 1 7 -2 4 -5 2 -8 0 -11 -2 -14 -3 -17 -3 -19 -4 -20 -4 -21 -4 -21 -3 -20 -2 -19 -2 -18 -2 -15 -1 -12 -2 -9 -3 -7 -4 -4 -6 -2 -9 -1 -11 0 -13 -1 -14 -2 -15 -4 -16 -7 0 0 0 0 0 0 0 0 0 0 0 0 0 0 0 0 0 0 0 0 0 0 1 9 0 11 -2 12 -4 13 -6 13 -7 13 -8 11 -9 10 -8 8 -7 7 -5 6 -3 5 -1 4 2 3 5 3 8 3 11 3 13 3 16 4 18 5 19 5 20 6 20 6 19 5 18 5 16 4"
2026-05-27T22:14:00,RAW,========== UDP DEBUG ==========
2026-05-27T22:14:00,RAW,Packet Size : 24
2026-05-27T22:14:00,RAW,Remote IP   : 172.20.10.5
2026-05-27T22:14:00,RAW,Remote Port : 56939
2026-05-27T22:14:00,RAW,"Last UDP    : PING,72,1779891240.06481"
2026-05-27T22:14:00,RAW,"ACK Message : ACK,PING,72,1779891240.06481,RSSI=-64"
2026-05-27T22:14:00,RAW,beginPacket : 1
2026-05-27T22:14:00,RAW,endPacket   : 1
2026-05-27T22:14:00,RAW,===============================
2026-05-27T22:14:00,RAW,========== CURRENT SUMMARY ==========
2026-05-27T22:14:00,RAW,WiFi Status   : Connected
2026-05-27T22:14:00,RAW,ESP32 IP      : 172.20.10.14
2026-05-27T22:14:00,RAW,RSSI          : -64 dBm
2026-05-27T22:14:00,RAW,UDP Count     : 72
2026-05-27T22:14:00,RAW,CSI Count     : 130
2026-05-27T22:14:00,RAW,"Last UDP      : PING,72,1779891240.06481"
2026-05-27T22:14:00,RAW,"Last ACK      : ACK,PING,72,1779891240.06481,RSSI=-64"
2026-05-27T22:14:00,RAW,Last UDP RSSI : -64 dBm
2026-05-27T22:14:00,RAW,====================================
2026-05-27T22:14:01,CSI,"CSI_DATA,131,283657,-60,6,128,0 0 -8 -10 -7 -6 -7 -1 -7 3 -7 7 -8 11 -9 14 -10 17 -11 18 -11 19 -11 19 -12 18 -12 17 -11 15 -10 13 -8 10 -6 9 -4 7 -1 5 2 4 5 4 8 5 10 7 11 8 11 11 10 13 0 0 0 0 0 0 0 0 0 0 0 0 0 0 0 0 0 0 0 0 0 0 6 -8 8 -8 11 -8 13 -7 15 -6 15 -5 15 -3 14 -2 13 -1 11 -1 9 -1 6 -1 3 -3 1 -4 -2 -7 -4 -9 -6 -11 -9 -13 -10 -16 -12 -18 -13 -20 -13 -21 -13 -21 -12 -21 -11 -19 -10 -17"
2026-05-27T22:14:01,CSI,"CSI_DATA,132,283955,-59,6,256,0 0 -4 10 -2 8 1 5 6 4 9 2 12 1 15 0 18 0 19 0 20 0 20 1 20 2 19 3 17 2 15 2 12 2 9 1 7 0 5 -2 3 -5 2 -7 2 -10 3 -12 4 -13 7 -14 9 -13 0 0 0 0 0 0 0 0 0 0 0 0 0 0 0 0 0 0 0 0 0 0 -10 -1 -12 -2 -13 -3 -13 -5 -13 -7 -12 -9 -11 -9 -10 -10 -9 -9 -8 -8 -7 -6 -6 -4 -5 -2 -5 1 -5 4 -6 7 -6 10 -6 12 -7 15 -8 17 -9 18 -10 19 -10 20 -10 19 -10 17 -8 15"
2026-05-27T22:14:01,RAW,========== UDP DEBUG ==========
2026-05-27T22:14:01,RAW,Packet Size : 25
2026-05-27T22:14:01,RAW,Remote IP   : 172.20.10.5
2026-05-27T22:14:01,RAW,Remote Port : 56939
2026-05-27T22:14:01,RAW,"Last UDP    : PING,73,1779891241.159224"
2026-05-27T22:14:01,RAW,"ACK Message : ACK,PING,73,1779891241.159224,RSSI=-65"
2026-05-27T22:14:01,RAW,beginPacket : 1
2026-05-27T22:14:01,RAW,endPacket   : 1
2026-05-27T22:14:01,RAW,===============================
2026-05-27T22:14:01,RAW,========== CURRENT SUMMARY ==========
2026-05-27T22:14:01,RAW,WiFi Status   : Connected
2026-05-27T22:14:01,RAW,ESP32 IP      : 172.20.10.14
2026-05-27T22:14:01,RAW,RSSI          : -65 dBm
2026-05-27T22:14:01,RAW,UDP Count     : 73
2026-05-27T22:14:01,RAW,CSI Count     : 132
2026-05-27T22:14:01,RAW,"Last UDP      : PING,73,1779891241.159224"
2026-05-27T22:14:01,RAW,"Last ACK      : ACK,PING,73,1779891241.159224,RSSI=-65"
2026-05-27T22:14:01,RAW,Last UDP RSSI : -65 dBm
2026-05-27T22:14:01,RAW,====================================
2026-05-27T22:14:02,CSI,"CSI_DATA,133,285111,-61,6,256,0 0 5 -6 1 -3 -4 0 -8 2 -12 5 -16 7 -18 9 -19 10 -21 11 -21 11 -21 10 -19 10 -17 9 -14 8 -11 6 -8 4 -4 3 0 1 4 0 7 -1 11 -1 14 -1 16 1 17 3 17 5 16 7 0 0 0 0 0 0 0 0 0 0 0 0 0 0 0 0 0 0 0 0 0 0 -5 7 -6 8 -8 9 -10 9 -11 10 -11 10 -12 9 -12 8 -11 8 -10 6 -7 5 -5 4 -2 2 1 1 4 -1 8 -3 11 -4 14 -7 16 -9 18 -10 19 -12 20 -13 20 -13 19 -12 17 -11 14 -10"
2026-05-27T22:14:02,RAW,========== UDP DEBUG ==========
2026-05-27T22:14:02,RAW,Packet Size : 25
2026-05-27T22:14:02,RAW,Remote IP   : 172.20.10.5
2026-05-27T22:14:02,RAW,Remote Port : 56939
2026-05-27T22:14:02,RAW,"Last UDP    : PING,74,1779891242.561056"
2026-05-27T22:14:02,RAW,"ACK Message : ACK,PING,74,1779891242.561056,RSSI=-64"
2026-05-27T22:14:02,RAW,beginPacket : 1
2026-05-27T22:14:02,RAW,endPacket   : 1
2026-05-27T22:14:02,RAW,===============================
2026-05-27T22:14:02,RAW,========== CURRENT SUMMARY ==========
2026-05-27T22:14:02,RAW,WiFi Status   : Connected
2026-05-27T22:14:02,RAW,ESP32 IP      : 172.20.10.14
2026-05-27T22:14:02,RAW,RSSI          : -64 dBm
2026-05-27T22:14:02,RAW,UDP Count     : 74
2026-05-27T22:14:02,RAW,CSI Count     : 133
2026-05-27T22:14:02,RAW,"Last UDP      : PING,74,1779891242.561056"
2026-05-27T22:14:02,RAW,"Last ACK      : ACK,PING,74,1779891242.561056,RSSI=-64"
2026-05-27T22:14:02,RAW,Last UDP RSSI : -64 dBm
2026-05-27T22:14:02,RAW,====================================
2026-05-27T22:14:03,CSI,"CSI_DATA,134,286210,-61,6,256,0 0 -2 -10 -2 -5 -2 0 -2 5 -3 11 -2 15 -2 18 -2 21 -2 22 -2 23 -2 22 -2 22 -2 20 -1 18 -1 15 -1 12 -1 8 -1 4 1 0 2 -3 4 -7 7 -9 9 -11 12 -11 14 -10 16 -9 0 0 0 0 0 0 0 0 0 0 0 0 0 0 0 0 0 0 0 0 0 0 6 6 7 8 7 10 7 12 7 13 6 14 5 14 5 13 4 12 3 10 3 8 2 5 2 2 1 -1 1 -5 1 -9 0 -13 0 -16 -1 -20 -2 -22 -2 -24 -2 -25 -2 -25 -2 -24 -3 -22 -3 -19"
2026-05-27T22:14:03,RAW,========== UDP DEBUG ==========
2026-05-27T22:14:03,RAW,Packet Size : 25
2026-05-27T22:14:03,RAW,Remote IP   : 172.20.10.5
2026-05-27T22:14:03,RAW,Remote Port : 56939
2026-05-27T22:14:03,RAW,"Last UDP    : PING,75,1779891243.647487"
2026-05-27T22:14:03,RAW,"ACK Message : ACK,PING,75,1779891243.647487,RSSI=-64"
2026-05-27T22:14:03,RAW,beginPacket : 1
2026-05-27T22:14:03,RAW,endPacket   : 1
2026-05-27T22:14:03,RAW,===============================
2026-05-27T22:14:03,RAW,========== CURRENT SUMMARY ==========
2026-05-27T22:14:03,RAW,WiFi Status   : Connected
2026-05-27T22:14:03,RAW,ESP32 IP      : 172.20.10.14
2026-05-27T22:14:03,RAW,RSSI          : -64 dBm
2026-05-27T22:14:03,RAW,UDP Count     : 75
2026-05-27T22:14:03,RAW,CSI Count     : 134
2026-05-27T22:14:03,RAW,"Last UDP      : PING,75,1779891243.647487"
2026-05-27T22:14:03,RAW,"Last ACK      : ACK,PING,75,1779891243.647487,RSSI=-64"
2026-05-27T22:14:03,RAW,Last UDP RSSI : -64 dBm
2026-05-27T22:14:03,RAW,====================================
2026-05-27T22:14:04,RAW,========== CURRENT SUMMARY ==========
2026-05-27T22:14:04,RAW,WiFi Status   : Connected
2026-05-27T22:14:04,RAW,ESP32 IP      : 172.20.10.14
2026-05-27T22:14:04,RAW,RSSI          : -64 dBm
2026-05-27T22:14:04,RAW,UDP Count     : 75
2026-05-27T22:14:04,RAW,CSI Count     : 134
2026-05-27T22:14:04,RAW,"Last UDP      : PING,75,1779891243.647487"
2026-05-27T22:14:04,RAW,"Last ACK      : ACK,PING,75,1779891243.647487,RSSI=-64"
2026-05-27T22:14:04,RAW,Last UDP RSSI : -64 dBm
2026-05-27T22:14:04,RAW,====================================
2026-05-27T22:14:04,CSI,"CSI_DATA,135,287335,-59,6,256,0 0 8 1 5 2 1 3 -3 6 -6 8 -8 10 -9 12 -9 14 -10 16 -9 17 -9 17 -7 17 -7 16 -6 15 -5 13 -4 10 -4 8 -4 4 -4 1 -4 -2 -4 -5 -4 -8 -4 -10 -3 -12 -2 -14 -1 -15 0 0 0 0 0 0 0 0 0 0 0 0 0 0 0 0 0 0 0 0 0 0 -5 -9 -6 -11 -6 -13 -6 -14 -5 -14 -5 -14 -5 -13 -4 -12 -4 -11 -3 -9 -2 -7 -1 -4 1 -2 3 1 6 2 8 4 11 6 14 7 16 6 18 6 20 5 21 4 21 3 20 2 18 1 15 0"
2026-05-27T22:14:04,RAW,========== UDP DEBUG ==========
2026-05-27T22:14:04,RAW,Packet Size : 25
2026-05-27T22:14:04,RAW,Remote IP   : 172.20.10.5
2026-05-27T22:14:04,RAW,Remote Port : 56939
2026-05-27T22:14:04,RAW,"Last UDP    : PING,76,1779891244.739097"
2026-05-27T22:14:04,RAW,"ACK Message : ACK,PING,76,1779891244.739097,RSSI=-60"
2026-05-27T22:14:04,RAW,beginPacket : 1
2026-05-27T22:14:04,RAW,endPacket   : 1
2026-05-27T22:14:04,RAW,===============================
2026-05-27T22:14:05,RAW,========== CURRENT SUMMARY ==========
2026-05-27T22:14:05,RAW,WiFi Status   : Connected
2026-05-27T22:14:05,RAW,ESP32 IP      : 172.20.10.14
2026-05-27T22:14:05,RAW,RSSI          : -60 dBm
2026-05-27T22:14:05,RAW,UDP Count     : 76
2026-05-27T22:14:05,RAW,CSI Count     : 135
2026-05-27T22:14:05,RAW,"Last UDP      : PING,76,1779891244.739097"
2026-05-27T22:14:05,RAW,"Last ACK      : ACK,PING,76,1779891244.739097,RSSI=-60"
2026-05-27T22:14:05,RAW,Last UDP RSSI : -60 dBm
2026-05-27T22:14:05,RAW,====================================
2026-05-27T22:14:05,CSI,"CSI_DATA,136,288359,-59,6,256,0 0 1 -9 1 -6 3 -1 5 3 7 6 9 8 11 10 13 11 14 11 15 10 15 10 15 9 14 7 12 6 10 5 7 4 4 4 1 3 -2 3 -6 2 -8 2 -11 1 -13 0 -14 -1 -15 -3 -15 -4 0 0 0 0 0 0 0 0 0 0 0 0 0 0 0 0 0 0 0 0 0 0 -5 3 -8 3 -10 4 -11 3 -13 4 -13 4 -13 4 -13 4 -12 3 -11 3 -9 2 -7 1 -5 0 -2 -2 1 -4 2 -6 4 -9 5 -12 6 -15 6 -17 5 -19 5 -21 4 -21 3 -21 2 -19 1 -16"
2026-05-27T22:14:05,RAW,========== UDP DEBUG ==========
2026-05-27T22:14:05,RAW,Packet Size : 26
2026-05-27T22:14:05,RAW,Remote IP   : 172.20.10.5
2026-05-27T22:14:05,RAW,Remote Port : 56939
2026-05-27T22:14:05,RAW,"Last UDP    : PING,77,1779891245.8644679"
2026-05-27T22:14:05,RAW,"ACK Message : ACK,PING,77,1779891245.8644679,RSSI=-60"
2026-05-27T22:14:05,RAW,beginPacket : 1
2026-05-27T22:14:05,RAW,endPacket   : 1
2026-05-27T22:14:05,RAW,===============================
2026-05-27T22:14:06,CSI,"CSI_DATA,137,288665,-59,6,128,0 0 10 2 4 2 0 3 -4 4 -11 9 -14 9 -15 11 -16 12 -18 13 -12 14 -15 17 -10 19 -11 16 -12 15 -9 8 -9 8 -6 2 -6 -1 -4 -5 -2 -9 1 -10 3 -13 1 -13 3 -18 3 -17 7 -18 0 0 0 0 0 0 0 0 0 0 0 0 0 0 0 0 0 0 0 0 0 0 -5 -5 -5 -10 -5 -9 -5 -14 -4 -12 -7 -18 -4 -17 -5 -15 -4 -14 -5 -10 -4 -11 -4 -8 -2 -6 0 -3 3 1 6 2 9 7 10 7 20 9 19 11 21 9 21 10 19 3 24 4 21 0 20 2"
2026-05-27T22:14:06,RAW,========== CURRENT SUMMARY ==========
2026-05-27T22:14:06,RAW,WiFi Status   : Connected
2026-05-27T22:14:06,RAW,ESP32 IP      : 172.20.10.14
2026-05-27T22:14:06,RAW,RSSI          : -60 dBm
2026-05-27T22:14:06,RAW,UDP Count     : 77
2026-05-27T22:14:06,RAW,CSI Count     : 137
2026-05-27T22:14:06,RAW,"Last UDP      : PING,77,1779891245.8644679"
2026-05-27T22:14:06,RAW,"Last ACK      : ACK,PING,77,1779891245.8644679,RSSI=-60"
2026-05-27T22:14:06,RAW,Last UDP RSSI : -60 dBm
2026-05-27T22:14:06,RAW,====================================
2026-05-27T22:14:06,CSI,"CSI_DATA,138,289383,-59,6,256,0 0 2 11 0 7 -2 3 -6 0 -9 -3 -12 -5 -15 -6 -17 -7 -19 -7 -20 -6 -21 -5 -20 -4 -19 -3 -17 -2 -16 -2 -13 -2 -10 -2 -6 -3 -3 -4 0 -4 4 -5 6 -5 9 -5 12 -5 14 -4 15 -2 0 0 0 0 0 0 0 0 0 0 0 0 0 0 0 0 0 0 0 0 0 0 4 -7 6 -8 8 -9 10 -10 11 -10 12 -10 12 -10 12 -10 11 -9 9 -8 8 -6 5 -4 4 -2 2 1 0 3 -1 7 -2 10 -2 14 -2 17 -1 20 0 22 2 23 3 24 4 23 4 21 4 18"
2026-05-27T22:14:06,RAW,========== UDP DEBUG ==========
2026-05-27T22:14:06,RAW,Packet Size : 25
2026-05-27T22:14:06,RAW,Remote IP   : 172.20.10.5
2026-05-27T22:14:06,RAW,Remote Port : 56939
2026-05-27T22:14:06,RAW,"Last UDP    : PING,78,1779891246.892409"
2026-05-27T22:14:06,RAW,"ACK Message : ACK,PING,78,1779891246.892409,RSSI=-60"
2026-05-27T22:14:06,RAW,beginPacket : 1
2026-05-27T22:14:06,RAW,endPacket   : 1
2026-05-27T22:14:06,RAW,===============================
2026-05-27T22:14:07,RAW,========== CURRENT SUMMARY ==========
2026-05-27T22:14:07,RAW,WiFi Status   : Connected
2026-05-27T22:14:07,RAW,ESP32 IP      : 172.20.10.14
2026-05-27T22:14:07,RAW,RSSI          : -60 dBm
2026-05-27T22:14:07,RAW,UDP Count     : 78
2026-05-27T22:14:07,RAW,CSI Count     : 138
2026-05-27T22:14:07,RAW,"Last UDP      : PING,78,1779891246.892409"
2026-05-27T22:14:07,RAW,"Last ACK      : ACK,PING,78,1779891246.892409,RSSI=-60"
2026-05-27T22:14:07,RAW,Last UDP RSSI : -60 dBm
2026-05-27T22:14:07,RAW,====================================
2026-05-27T22:14:08,CSI,"CSI_DATA,139,290509,-60,6,256,0 0 -10 -5 -7 -4 -3 -3 2 -4 5 -4 9 -5 12 -6 14 -7 15 -9 16 -10 16 -11 15 -11 15 -11 13 -11 12 -10 9 -8 8 -7 6 -4 4 -2 3 1 1 3 -2 6 -4 7 -6 8 -9 9 -11 9 0 0 0 0 0 0 0 0 0 0 0 0 0 0 0 0 0 0 0 0 0 0 3 8 3 9 3 11 3 12 3 13 3 13 2 13 2 12 2 11 1 9 1 7 0 4 -1 2 -2 -1 -4 -3 -6 -6 -8 -8 -11 -10 -13 -11 -16 -12 -18 -12 -20 -11 -21 -11 -20 -10 -19 -9 -17 -7"
2026-05-27T22:14:08,RAW,========== UDP DEBUG ==========
2026-05-27T22:14:08,RAW,Packet Size : 26
2026-05-27T22:14:08,RAW,Remote IP   : 172.20.10.5
2026-05-27T22:14:08,RAW,Remote Port : 56939
2026-05-27T22:14:08,RAW,"Last UDP    : PING,79,1779891247.9172878"
2026-05-27T22:14:08,RAW,"ACK Message : ACK,PING,79,1779891247.9172878,RSSI=-60"
2026-05-27T22:14:08,RAW,beginPacket : 1
2026-05-27T22:14:08,RAW,endPacket   : 1
2026-05-27T22:14:08,RAW,===============================
2026-05-27T22:14:08,RAW,========== CURRENT SUMMARY ==========
2026-05-27T22:14:08,RAW,WiFi Status   : Connected
2026-05-27T22:14:08,RAW,ESP32 IP      : 172.20.10.14
2026-05-27T22:14:08,RAW,RSSI          : -60 dBm
2026-05-27T22:14:08,RAW,UDP Count     : 79
2026-05-27T22:14:08,RAW,CSI Count     : 139
2026-05-27T22:14:08,RAW,"Last UDP      : PING,79,1779891247.9172878"
2026-05-27T22:14:08,RAW,"Last ACK      : ACK,PING,79,1779891247.9172878,RSSI=-60"
2026-05-27T22:14:08,RAW,Last UDP RSSI : -60 dBm
2026-05-27T22:14:08,RAW,====================================
2026-05-27T22:14:09,CSI,"CSI_DATA,140,291533,-60,6,256,0 0 -9 -8 -5 -6 -2 -4 3 -2 7 -1 10 0 13 0 16 0 17 -1 18 -2 19 -2 18 -3 17 -4 15 -4 13 -3 10 -2 7 -1 4 0 1 2 -2 3 -5 4 -8 5 -10 5 -13 5 -14 4 -15 3 0 0 0 0 0 0 0 0 0 0 0 0 0 0 0 0 0 0 0 0 0 0 0 4 -1 7 -1 9 -2 11 -2 12 -3 13 -3 14 -3 14 -3 13 -3 12 -2 10 -2 8 -2 5 -2 2 -2 -1 -3 -5 -4 -8 -5 -11 -7 -14 -9 -16 -11 -17 -13 -18 -14 -18 -14 -17 -15 -16 -13 -13"
2026-05-27T22:14:09,RAW,========== UDP DEBUG ==========
2026-05-27T22:14:09,RAW,Packet Size : 25
2026-05-27T22:14:09,RAW,Remote IP   : 172.20.10.5
2026-05-27T22:14:09,RAW,Remote Port : 56939
2026-05-27T22:14:09,RAW,"Last UDP    : PING,80,1779891249.040713"
2026-05-27T22:14:09,RAW,"ACK Message : ACK,PING,80,1779891249.040713,RSSI=-61"
2026-05-27T22:14:09,RAW,beginPacket : 1
2026-05-27T22:14:09,RAW,endPacket   : 1
2026-05-27T22:14:09,RAW,===============================
2026-05-27T22:14:09,RAW,========== CURRENT SUMMARY ==========
2026-05-27T22:14:09,RAW,WiFi Status   : Connected
2026-05-27T22:14:09,RAW,ESP32 IP      : 172.20.10.14
2026-05-27T22:14:09,RAW,RSSI          : -61 dBm
2026-05-27T22:14:09,RAW,UDP Count     : 80
2026-05-27T22:14:09,RAW,CSI Count     : 140
2026-05-27T22:14:09,RAW,"Last UDP      : PING,80,1779891249.040713"
2026-05-27T22:14:09,RAW,"Last ACK      : ACK,PING,80,1779891249.040713,RSSI=-61"
2026-05-27T22:14:09,RAW,Last UDP RSSI : -61 dBm
2026-05-27T22:14:09,RAW,====================================
2026-05-27T22:14:10,CSI,"CSI_DATA,141,292659,-59,6,256,0 0 -10 -6 -6 -4 -2 -2 4 -1 8 1 11 1 15 2 17 2 19 1 21 1 21 0 20 -1 19 -1 17 -1 15 -1 12 -1 9 0 5 0 1 1 -2 1 -6 1 -9 1 -12 0 -14 -1 -16 -3 -17 -5 0 0 0 0 0 0 0 0 0 0 0 0 0 0 0 0 0 0 0 0 0 0 5 5 6 7 7 9 7 10 8 11 8 12 7 13 6 13 6 11 5 10 4 8 3 6 2 3 0 0 -2 -3 -5 -6 -7 -8 -10 -11 -13 -13 -15 -14 -17 -15 -19 -15 -20 -15 -20 -13 -19 -12 -16 -10"
2026-05-27T22:14:10,RAW,========== UDP DEBUG ==========
2026-05-27T22:14:10,RAW,Packet Size : 26
2026-05-27T22:14:10,RAW,Remote IP   : 172.20.10.5
2026-05-27T22:14:10,RAW,Remote Port : 56939
2026-05-27T22:14:10,RAW,"Last UDP    : PING,81,1779891250.0674639"
2026-05-27T22:14:10,RAW,"ACK Message : ACK,PING,81,1779891250.0674639,RSSI=-61"
2026-05-27T22:14:10,RAW,beginPacket : 1
2026-05-27T22:14:10,RAW,endPacket   : 1
2026-05-27T22:14:10,RAW,===============================
2026-05-27T22:14:10,RAW,========== CURRENT SUMMARY ==========
2026-05-27T22:14:10,RAW,WiFi Status   : Connected
2026-05-27T22:14:10,RAW,ESP32 IP      : 172.20.10.14
2026-05-27T22:14:10,RAW,RSSI          : -61 dBm
2026-05-27T22:14:10,RAW,UDP Count     : 81
2026-05-27T22:14:10,RAW,CSI Count     : 141
2026-05-27T22:14:10,RAW,"Last UDP      : PING,81,1779891250.0674639"
2026-05-27T22:14:10,RAW,"Last ACK      : ACK,PING,81,1779891250.0674639,RSSI=-61"
2026-05-27T22:14:10,RAW,Last UDP RSSI : -61 dBm
2026-05-27T22:14:10,RAW,====================================
2026-05-27T22:14:11,CSI,"CSI_DATA,142,293888,-60,6,256,0 0 8 4 3 1 -2 -1 -6 -3 -11 -4 -15 -5 -17 -6 -20 -6 -21 -6 -22 -6 -22 -5 -21 -5 -19 -4 -16 -4 -13 -3 -10 -3 -6 -3 -2 -2 2 -1 6 0 9 1 11 3 13 5 14 7 14 9 12 12 0 0 0 0 0 0 0 0 0 0 0 0 0 0 0 0 0 0 0 0 0 0 -8 -4 -10 -6 -11 -8 -12 -9 -13 -10 -13 -11 -12 -12 -11 -11 -10 -10 -9 -9 -8 -7 -5 -4 -3 -2 -1 0 2 4 5 6 8 8 11 10 13 12 16 13 18 14 19 13 20 13 19 11 18 10 15 8"
2026-05-27T22:14:11,RAW,========== UDP DEBUG ==========
2026-05-27T22:14:11,RAW,Packet Size : 25
2026-05-27T22:14:11,RAW,Remote IP   : 172.20.10.5
2026-05-27T22:14:11,RAW,Remote Port : 56939
2026-05-27T22:14:11,RAW,"Last UDP    : PING,82,1779891251.193061"
2026-05-27T22:14:11,RAW,"ACK Message : ACK,PING,82,1779891251.193061,RSSI=-62"
2026-05-27T22:14:11,RAW,beginPacket : 1
2026-05-27T22:14:11,RAW,endPacket   : 1
2026-05-27T22:14:11,RAW,===============================
2026-05-27T22:14:11,RAW,========== CURRENT SUMMARY ==========
2026-05-27T22:14:11,RAW,WiFi Status   : Connected
2026-05-27T22:14:11,RAW,ESP32 IP      : 172.20.10.14
2026-05-27T22:14:11,RAW,RSSI          : -62 dBm
2026-05-27T22:14:11,RAW,UDP Count     : 82
2026-05-27T22:14:11,RAW,CSI Count     : 142
2026-05-27T22:14:11,RAW,"Last UDP      : PING,82,1779891251.193061"
2026-05-27T22:14:11,RAW,"Last ACK      : ACK,PING,82,1779891251.193061,RSSI=-62"
2026-05-27T22:14:11,RAW,Last UDP RSSI : -62 dBm
2026-05-27T22:14:11,RAW,====================================
2026-05-27T22:14:12,CSI,"CSI_DATA,143,295015,-59,6,256,0 0 5 7 2 3 -1 0 -4 -3 -7 -6 -10 -9 -12 -10 -14 -11 -15 -12 -16 -12 -16 -11 -16 -10 -15 -9 -12 -9 -10 -7 -7 -6 -5 -5 -1 -3 1 -1 4 1 6 3 8 6 9 8 9 10 8 11 6 13 0 0 0 0 0 0 0 0 0 0 0 0 0 0 0 0 0 0 0 0 0 0 -5 -6 -5 -8 -6 -10 -6 -11 -6 -13 -6 -14 -5 -14 -5 -14 -5 -13 -4 -11 -4 -9 -3 -7 -3 -4 -2 -1 0 2 1 5 3 9 4 11 6 14 8 16 9 17 10 18 11 18 12 17 11 15 10 13"
2026-05-27T22:14:12,RAW,========== UDP DEBUG ==========
2026-05-27T22:14:12,RAW,Packet Size : 24
2026-05-27T22:14:12,RAW,Remote IP   : 172.20.10.5
2026-05-27T22:14:12,RAW,Remote Port : 56939
2026-05-27T22:14:12,RAW,"Last UDP    : PING,83,1779891252.51592"
2026-05-27T22:14:12,RAW,"ACK Message : ACK,PING,83,1779891252.51592,RSSI=-61"
2026-05-27T22:14:12,RAW,beginPacket : 1
2026-05-27T22:14:12,RAW,endPacket   : 1
2026-05-27T22:14:12,RAW,===============================
2026-05-27T22:14:12,RAW,========== CURRENT SUMMARY ==========
2026-05-27T22:14:12,RAW,WiFi Status   : Connected
2026-05-27T22:14:12,RAW,ESP32 IP      : 172.20.10.14
2026-05-27T22:14:12,RAW,RSSI          : -61 dBm
2026-05-27T22:14:12,RAW,UDP Count     : 83
2026-05-27T22:14:12,RAW,CSI Count     : 143
2026-05-27T22:14:12,RAW,"Last UDP      : PING,83,1779891252.51592"
2026-05-27T22:14:12,RAW,"Last ACK      : ACK,PING,83,1779891252.51592,RSSI=-61"
2026-05-27T22:14:12,RAW,Last UDP RSSI : -61 dBm
2026-05-27T22:14:12,RAW,====================================
2026-05-27T22:14:13,CSI,"CSI_DATA,144,296141,-59,6,256,0 0 -4 1 -4 -3 -3 -7 -3 -10 -3 -14 -4 -17 -5 -18 -5 -19 -6 -19 -7 -18 -7 -17 -7 -15 -7 -13 -5 -11 -4 -9 -2 -7 0 -4 2 -2 4 0 6 3 8 5 9 6 9 8 9 9 8 10 7 11 0 0 0 0 0 0 0 0 0 0 0 0 0 0 0 0 0 0 0 0 0 0 10 -4 12 -3 13 -3 14 -3 14 -2 14 -2 13 -1 11 -1 9 -1 7 -1 4 -1 1 0 -2 1 -5 2 -8 4 -10 6 -13 8 -14 10 -15 12 -15 14 -15 15 -14 15 -13 15 -11 14 -9 12 -7 9"
2026-05-27T22:14:13,RAW,========== UDP DEBUG ==========
2026-05-27T22:14:13,RAW,Packet Size : 25
2026-05-27T22:14:13,RAW,Remote IP   : 172.20.10.5
2026-05-27T22:14:13,RAW,Remote Port : 56939
2026-05-27T22:14:13,RAW,"Last UDP    : PING,84,1779891253.568059"
2026-05-27T22:14:13,RAW,"ACK Message : ACK,PING,84,1779891253.568059,RSSI=-60"
2026-05-27T22:14:13,RAW,beginPacket : 1
2026-05-27T22:14:13,RAW,endPacket   : 1
2026-05-27T22:14:13,RAW,===============================
2026-05-27T22:14:13,RAW,========== CURRENT SUMMARY ==========
2026-05-27T22:14:13,RAW,WiFi Status   : Connected
2026-05-27T22:14:13,RAW,ESP32 IP      : 172.20.10.14
2026-05-27T22:14:13,RAW,RSSI          : -60 dBm
2026-05-27T22:14:13,RAW,UDP Count     : 84
2026-05-27T22:14:13,RAW,CSI Count     : 144
2026-05-27T22:14:13,RAW,"Last UDP      : PING,84,1779891253.568059"
2026-05-27T22:14:13,RAW,"Last ACK      : ACK,PING,84,1779891253.568059,RSSI=-60"
2026-05-27T22:14:13,RAW,Last UDP RSSI : -60 dBm
2026-05-27T22:14:13,RAW,====================================
2026-05-27T22:14:14,RAW,========== CURRENT SUMMARY ==========
2026-05-27T22:14:14,RAW,WiFi Status   : Connected
2026-05-27T22:14:14,RAW,ESP32 IP      : 172.20.10.14
2026-05-27T22:14:14,RAW,RSSI          : -61 dBm
2026-05-27T22:14:14,RAW,UDP Count     : 84
2026-05-27T22:14:14,RAW,CSI Count     : 144
2026-05-27T22:14:14,RAW,"Last UDP      : PING,84,1779891253.568059"
2026-05-27T22:14:14,RAW,"Last ACK      : ACK,PING,84,1779891253.568059,RSSI=-60"
2026-05-27T22:14:14,RAW,Last UDP RSSI : -60 dBm
2026-05-27T22:14:14,RAW,====================================
2026-05-27T22:14:14,CSI,"CSI_DATA,145,297282,-61,6,256,0 0 -14 3 -16 4 -17 4 -19 6 -19 7 -18 8 -17 9 -15 10 -13 10 -12 9 -10 8 -9 6 -8 4 -8 2 -8 0 -8 -1 -10 -3 -11 -5 -12 -6 -13 -6 -13 -7 -14 -7 -13 -7 -12 -8 -11 -8 -9 -8 0 0 0 0 0 0 0 0 0 0 0 0 0 0 0 0 0 0 0 0 0 0 8 9 8 9 7 9 6 8 5 8 3 7 1 6 0 6 -2 5 -5 5 -7 6 -8 6 -10 7 -11 9 -11 10 -11 12 -11 13 -9 15 -8 14 -7 14 -6 14 -5 12 -5 11 -6 8 -7 7 -9 5"
2026-05-27T22:14:14,RAW,========== UDP DEBUG ==========
2026-05-27T22:14:14,RAW,Packet Size : 25
2026-05-27T22:14:14,RAW,Remote IP   : 172.20.10.5
2026-05-27T22:14:14,RAW,Remote Port : 56939
2026-05-27T22:14:14,RAW,"Last UDP    : PING,85,1779891254.686195"
2026-05-27T22:14:14,RAW,"ACK Message : ACK,PING,85,1779891254.686195,RSSI=-61"
2026-05-27T22:14:14,RAW,beginPacket : 1
2026-05-27T22:14:14,RAW,endPacket   : 1
2026-05-27T22:14:14,RAW,===============================
2026-05-27T22:14:15,RAW,========== CURRENT SUMMARY ==========
2026-05-27T22:14:15,RAW,WiFi Status   : Connected
2026-05-27T22:14:15,RAW,ESP32 IP      : 172.20.10.14
2026-05-27T22:14:15,RAW,RSSI          : -61 dBm
2026-05-27T22:14:15,RAW,UDP Count     : 85
2026-05-27T22:14:15,RAW,CSI Count     : 145
2026-05-27T22:14:15,RAW,"Last UDP      : PING,85,1779891254.686195"
2026-05-27T22:14:15,RAW,"Last ACK      : ACK,PING,85,1779891254.686195,RSSI=-61"
2026-05-27T22:14:15,RAW,Last UDP RSSI : -61 dBm
2026-05-27T22:14:15,RAW,====================================
2026-05-27T22:14:15,CSI,"CSI_DATA,146,298394,-60,6,256,0 0 -8 1 -4 -1 0 -3 4 -6 7 -8 9 -10 11 -13 12 -15 13 -16 13 -17 13 -17 12 -17 11 -16 9 -14 8 -12 6 -10 5 -7 3 -4 1 -1 0 2 -2 5 -4 7 -7 9 -9 10 -11 10 -13 9 0 0 0 0 0 0 0 0 0 0 0 0 0 0 0 0 0 0 0 0 0 0 11 -1 12 0 14 1 14 2 14 3 13 3 12 4 11 4 9 3 7 2 4 1 1 1 -1 0 -5 -1 -8 -1 -11 -1 -14 -1 -17 0 -19 0 -21 1 -23 2 -23 4 -22 4 -21 5 -19 5 -15 4"
2026-05-27T22:14:15,RAW,========== UDP DEBUG ==========
2026-05-27T22:14:15,RAW,Packet Size : 26
2026-05-27T22:14:15,RAW,Remote IP   : 172.20.10.5
2026-05-27T22:14:15,RAW,Remote Port : 56939
2026-05-27T22:14:15,RAW,"Last UDP    : PING,86,1779891255.8156319"
2026-05-27T22:14:15,RAW,"ACK Message : ACK,PING,86,1779891255.8156319,RSSI=-62"
2026-05-27T22:14:15,RAW,beginPacket : 1
2026-05-27T22:14:15,RAW,endPacket   : 1
2026-05-27T22:14:15,RAW,===============================
2026-05-27T22:14:16,CSI,"CSI_DATA,147,298700,-61,6,128,0 0 5 1 2 0 -4 2 -7 1 -11 3 -13 5 -14 7 -18 9 -17 9 -16 7 -17 6 -17 6 -15 6 -14 8 -9 5 -10 5 -3 1 -3 -1 0 -2 2 -5 5 -7 6 -8 8 -7 11 -5 14 -5 15 -4 0 0 0 0 0 0 0 0 0 0 0 0 0 0 0 0 0 0 0 0 0 0 -6 -5 -10 -8 -7 -7 -12 -11 -8 -8 -10 -12 -9 -8 -9 -8 -8 -8 -5 -6 -4 -6 -3 -4 -1 -2 1 1 6 3 5 4 12 7 10 6 16 8 16 4 20 4 20 4 16 4 16 6 17 6 14 3"
2026-05-27T22:14:16,RAW,========== CURRENT SUMMARY ==========
2026-05-27T22:14:16,RAW,WiFi Status   : Connected
2026-05-27T22:14:16,RAW,ESP32 IP      : 172.20.10.14
2026-05-27T22:14:16,RAW,RSSI          : -62 dBm
2026-05-27T22:14:16,RAW,UDP Count     : 86
2026-05-27T22:14:16,RAW,CSI Count     : 147
2026-05-27T22:14:16,RAW,"Last UDP      : PING,86,1779891255.8156319"
2026-05-27T22:14:16,RAW,"Last ACK      : ACK,PING,86,1779891255.8156319,RSSI=-62"
2026-05-27T22:14:16,RAW,Last UDP RSSI : -62 dBm
2026-05-27T22:14:16,RAW,====================================
2026-05-27T22:14:17,CSI,"CSI_DATA,148,299521,-61,6,256,0 0 1 -12 -1 -9 -2 -5 -4 0 -5 4 -7 8 -9 11 -10 14 -11 15 -12 17 -12 17 -12 17 -12 17 -12 15 -12 13 -10 10 -9 8 -7 5 -4 4 -1 1 2 0 6 -1 9 -1 11 0 13 2 14 5 0 0 0 0 0 0 0 0 0 0 0 0 0 0 0 0 0 0 0 0 0 0 8 6 9 7 9 9 9 11 9 12 8 12 7 13 6 12 5 11 4 9 4 7 3 4 3 2 3 -2 3 -5 3 -8 3 -11 3 -15 3 -18 3 -20 3 -22 3 -23 3 -24 3 -23 3 -22 2 -20"
2026-05-27T22:14:17,RAW,========== UDP DEBUG ==========
2026-05-27T22:14:17,RAW,Packet Size : 25
2026-05-27T22:14:17,RAW,Remote IP   : 172.20.10.5
2026-05-27T22:14:17,RAW,Remote Port : 56939
2026-05-27T22:14:17,RAW,"Last UDP    : PING,87,1779891256.930249"
2026-05-27T22:14:17,RAW,"ACK Message : ACK,PING,87,1779891256.930249,RSSI=-64"
2026-05-27T22:14:17,RAW,beginPacket : 1
2026-05-27T22:14:17,RAW,endPacket   : 1
2026-05-27T22:14:17,RAW,===============================
2026-05-27T22:14:17,RAW,========== CURRENT SUMMARY ==========
2026-05-27T22:14:17,RAW,WiFi Status   : Connected
2026-05-27T22:14:17,RAW,ESP32 IP      : 172.20.10.14
2026-05-27T22:14:17,RAW,RSSI          : -64 dBm
2026-05-27T22:14:17,RAW,UDP Count     : 87
2026-05-27T22:14:17,RAW,CSI Count     : 148
2026-05-27T22:14:17,RAW,"Last UDP      : PING,87,1779891256.930249"
2026-05-27T22:14:17,RAW,"Last ACK      : ACK,PING,87,1779891256.930249,RSSI=-64"
2026-05-27T22:14:17,RAW,Last UDP RSSI : -64 dBm
2026-05-27T22:14:17,RAW,====================================
2026-05-27T22:14:18,CSI,"CSI_DATA,149,300749,-61,6,256,0 0 4 -8 1 -5 -3 -2 -6 0 -9 3 -11 6 -14 8 -15 9 -16 10 -16 11 -17 12 -16 11 -15 11 -14 10 -12 8 -10 7 -8 5 -6 3 -3 2 0 1 3 0 6 1 8 1 10 2 11 4 12 7 0 0 0 0 0 0 0 0 0 0 0 0 0 0 0 0 0 0 0 0 0 0 4 11 3 13 1 15 0 16 -2 16 -3 16 -4 15 -5 13 -4 11 -4 8 -3 6 -1 3 1 0 3 -2 5 -5 8 -8 10 -10 12 -13 13 -15 14 -16 14 -18 15 -18 14 -18 13 -17 11 -16 9 -14"
2026-05-27T22:14:18,RAW,========== UDP DEBUG ==========
2026-05-27T22:14:18,RAW,Packet Size : 26
2026-05-27T22:14:18,RAW,Remote IP   : 172.20.10.5
2026-05-27T22:14:18,RAW,Remote Port : 56939
2026-05-27T22:14:18,RAW,"Last UDP    : PING,88,1779891258.0550342"
2026-05-27T22:14:18,RAW,"ACK Message : ACK,PING,88,1779891258.0550342,RSSI=-64"
2026-05-27T22:14:18,RAW,beginPacket : 1
2026-05-27T22:14:18,RAW,endPacket   : 1
2026-05-27T22:14:18,RAW,===============================
2026-05-27T22:14:18,RAW,========== CURRENT SUMMARY ==========
2026-05-27T22:14:18,RAW,WiFi Status   : Connected
2026-05-27T22:14:18,RAW,ESP32 IP      : 172.20.10.14
2026-05-27T22:14:18,RAW,RSSI          : -64 dBm
2026-05-27T22:14:18,RAW,UDP Count     : 88
2026-05-27T22:14:18,RAW,CSI Count     : 149
2026-05-27T22:14:18,RAW,"Last UDP      : PING,88,1779891258.0550342"
2026-05-27T22:14:18,RAW,"Last ACK      : ACK,PING,88,1779891258.0550342,RSSI=-64"
2026-05-27T22:14:18,RAW,Last UDP RSSI : -64 dBm
2026-05-27T22:14:18,RAW,====================================
2026-05-27T22:14:19,CSI,"CSI_DATA,150,301978,-61,6,256,0 0 -9 5 -6 4 -2 2 3 1 6 0 10 -1 13 -2 15 -3 17 -3 19 -4 19 -4 19 -4 18 -4 17 -3 15 -3 12 -2 10 -1 7 -1 4 -1 0 -1 -2 -2 -5 -3 -7 -5 -9 -7 -9 -10 -8 -12 0 0 0 0 0 0 0 0 0 0 0 0 0 0 0 0 0 0 0 0 0 0 2 -12 4 -13 5 -14 7 -14 8 -14 9 -13 9 -12 9 -10 8 -9 6 -7 4 -6 2 -4 -1 -3 -4 -2 -6 0 -10 1 -12 3 -15 4 -17 5 -19 6 -20 7 -21 8 -21 8 -20 8 -18 8 -16 7"
2026-05-27T22:14:19,RAW,========== UDP DEBUG ==========
2026-05-27T22:14:19,RAW,Packet Size : 25
2026-05-27T22:14:19,RAW,Remote IP   : 172.20.10.5
2026-05-27T22:14:19,RAW,Remote Port : 56939
2026-05-27T22:14:19,RAW,"Last UDP    : PING,89,1779891259.282735"
2026-05-27T22:14:19,RAW,"ACK Message : ACK,PING,89,1779891259.282735,RSSI=-64"
2026-05-27T22:14:19,RAW,beginPacket : 1
2026-05-27T22:14:19,RAW,endPacket   : 1
2026-05-27T22:14:19,RAW,===============================
2026-05-27T22:14:19,RAW,========== CURRENT SUMMARY ==========
2026-05-27T22:14:19,RAW,WiFi Status   : Connected
2026-05-27T22:14:19,RAW,ESP32 IP      : 172.20.10.14
2026-05-27T22:14:19,RAW,RSSI          : -64 dBm
2026-05-27T22:14:19,RAW,UDP Count     : 89
2026-05-27T22:14:19,RAW,CSI Count     : 150
2026-05-27T22:14:19,RAW,"Last UDP      : PING,89,1779891259.282735"
2026-05-27T22:14:19,RAW,"Last ACK      : ACK,PING,89,1779891259.282735,RSSI=-64"
2026-05-27T22:14:19,RAW,Last UDP RSSI : -64 dBm
2026-05-27T22:14:19,RAW,====================================
2026-05-27T22:14:20,CSI,"CSI_DATA,151,303104,-60,6,256,0 0 -7 6 -4 3 0 1 4 -2 8 -4 10 -6 13 -8 14 -9 16 -10 16 -12 16 -12 15 -12 14 -11 13 -10 11 -8 9 -7 6 -5 4 -4 1 -2 -2 -1 -5 0 -8 0 -10 0 -12 -1 -13 -3 -14 -5 0 0 0 0 0 0 0 0 0 0 0 0 0 0 0 0 0 0 0 0 0 0 1 -11 3 -13 5 -14 7 -15 9 -15 10 -14 11 -13 11 -12 10 -10 8 -8 6 -6 3 -4 1 -2 -3 -1 -6 2 -9 3 -12 5 -15 7 -17 9 -19 11 -20 12 -20 13 -20 13 -19 13 -17 12 -14 11"
2026-05-27T22:14:20,RAW,========== UDP DEBUG ==========
2026-05-27T22:14:20,RAW,Packet Size : 26
2026-05-27T22:14:20,RAW,Remote IP   : 172.20.10.5
2026-05-27T22:14:20,RAW,Remote Port : 56939
2026-05-27T22:14:20,RAW,"Last UDP    : PING,90,1779891260.6056929"
2026-05-27T22:14:20,RAW,"ACK Message : ACK,PING,90,1779891260.6056929,RSSI=-63"
2026-05-27T22:14:20,RAW,beginPacket : 1
2026-05-27T22:14:20,RAW,endPacket   : 1
2026-05-27T22:14:20,RAW,===============================
2026-05-27T22:14:20,RAW,========== CURRENT SUMMARY ==========
2026-05-27T22:14:20,RAW,WiFi Status   : Connected
2026-05-27T22:14:20,RAW,ESP32 IP      : 172.20.10.14
2026-05-27T22:14:20,RAW,RSSI          : -63 dBm
2026-05-27T22:14:20,RAW,UDP Count     : 90
2026-05-27T22:14:20,RAW,CSI Count     : 151
2026-05-27T22:14:20,RAW,"Last UDP      : PING,90,1779891260.6056929"
2026-05-27T22:14:20,RAW,"Last ACK      : ACK,PING,90,1779891260.6056929,RSSI=-63"
2026-05-27T22:14:20,RAW,Last UDP RSSI : -63 dBm
2026-05-27T22:14:20,RAW,====================================
2026-05-27T22:14:21,CSI,"CSI_DATA,152,303615,-61,6,128,0 0 -10 -3 -8 -3 -4 0 1 4 4 6 7 9 9 9 14 11 13 11 14 12 14 13 12 14 12 13 13 11 10 10 10 10 6 5 4 5 3 0 0 -1 -3 -5 -1 -6 -2 -9 0 -12 2 -13 3 -15 0 0 0 0 0 0 0 0 0 0 0 0 0 0 0 0 0 0 0 0 0 0 9 -2 13 -3 13 -1 16 1 15 1 17 4 15 2 15 3 12 4 10 3 7 3 5 2 3 -1 1 -4 -4 -5 -5 -7 -10 -9 -11 -10 -15 -14 -17 -11 -21 -12 -19 -13 -19 -13 -18 -14 -17 -14 -16 -11"
2026-05-27T22:14:21,CSI,"CSI_DATA,153,304231,-61,6,256,0 0 8 -3 4 -4 -1 -4 -5 -5 -9 -6 -13 -6 -15 -7 -17 -7 -19 -7 -19 -7 -19 -7 -18 -7 -17 -7 -15 -6 -12 -5 -9 -4 -6 -3 -4 -1 -1 1 1 4 3 6 3 9 3 11 2 13 0 15 -2 16 0 0 0 0 0 0 0 0 0 0 0 0 0 0 0 0 0 0 0 0 0 0 -3 8 -5 10 -7 11 -10 11 -11 11 -12 11 -13 10 -13 8 -12 7 -10 6 -8 4 -5 3 -2 3 1 2 5 1 8 1 12 1 15 0 17 -1 19 -1 21 -1 22 -1 21 -2 20 -2 19 -2 15 -2"
2026-05-27T22:14:21,RAW,========== UDP DEBUG ==========
2026-05-27T22:14:21,RAW,Packet Size : 26
2026-05-27T22:14:21,RAW,Remote IP   : 172.20.10.5
2026-05-27T22:14:21,RAW,Remote Port : 56939
2026-05-27T22:14:21,RAW,"Last UDP    : PING,91,1779891261.6360378"
2026-05-27T22:14:21,RAW,"ACK Message : ACK,PING,91,1779891261.6360378,RSSI=-65"
2026-05-27T22:14:21,RAW,beginPacket : 1
2026-05-27T22:14:21,RAW,endPacket   : 1
2026-05-27T22:14:21,RAW,===============================
2026-05-27T22:14:21,RAW,========== CURRENT SUMMARY ==========
2026-05-27T22:14:21,RAW,WiFi Status   : Connected
2026-05-27T22:14:21,RAW,ESP32 IP      : 172.20.10.14
2026-05-27T22:14:21,RAW,RSSI          : -65 dBm
2026-05-27T22:14:21,RAW,UDP Count     : 91
2026-05-27T22:14:21,RAW,CSI Count     : 153
2026-05-27T22:14:21,RAW,"Last UDP      : PING,91,1779891261.6360378"
2026-05-27T22:14:21,RAW,"Last ACK      : ACK,PING,91,1779891261.6360378,RSSI=-65"
2026-05-27T22:14:21,RAW,Last UDP RSSI : -65 dBm
2026-05-27T22:14:21,RAW,====================================
2026-05-27T22:14:22,RAW,========== CURRENT SUMMARY ==========
2026-05-27T22:14:22,RAW,WiFi Status   : Connected
2026-05-27T22:14:22,RAW,ESP32 IP      : 172.20.10.14
2026-05-27T22:14:22,RAW,RSSI          : -65 dBm
2026-05-27T22:14:22,RAW,UDP Count     : 91
2026-05-27T22:14:22,RAW,CSI Count     : 153
2026-05-27T22:14:22,RAW,"Last UDP      : PING,91,1779891261.6360378"
2026-05-27T22:14:22,RAW,"Last ACK      : ACK,PING,91,1779891261.6360378,RSSI=-65"
2026-05-27T22:14:22,RAW,Last UDP RSSI : -65 dBm
2026-05-27T22:14:22,RAW,====================================
2026-05-27T22:14:22,CSI,"CSI_DATA,154,305357,-61,6,256,0 0 11 -2 7 -2 3 -3 -1 -3 -6 -4 -10 -4 -13 -4 -15 -4 -18 -4 -19 -4 -20 -4 -20 -4 -19 -5 -18 -4 -16 -4 -14 -4 -11 -3 -8 -3 -5 -2 -2 0 0 2 3 4 4 7 4 9 4 12 2 14 0 0 0 0 0 0 0 0 0 0 0 0 0 0 0 0 0 0 0 0 0 0 -5 7 -7 8 -9 9 -11 9 -13 8 -14 7 -15 7 -14 5 -13 4 -12 3 -9 3 -7 2 -4 2 -1 1 3 1 7 1 10 1 13 1 15 0 18 0 20 0 22 -1 22 -1 22 -1 20 -1 18 -2"
2026-05-27T22:14:22,RAW,========== UDP DEBUG ==========
2026-05-27T22:14:22,RAW,Packet Size : 25
2026-05-27T22:14:22,RAW,Remote IP   : 172.20.10.5
2026-05-27T22:14:22,RAW,Remote Port : 56939
2026-05-27T22:14:22,RAW,"Last UDP    : PING,92,1779891262.766224"
2026-05-27T22:14:22,RAW,"ACK Message : ACK,PING,92,1779891262.766224,RSSI=-64"
2026-05-27T22:14:22,RAW,beginPacket : 1
2026-05-27T22:14:22,RAW,endPacket   : 1
2026-05-27T22:14:22,RAW,===============================
2026-05-27T22:14:23,RAW,========== CURRENT SUMMARY ==========
2026-05-27T22:14:23,RAW,WiFi Status   : Connected
2026-05-27T22:14:23,RAW,ESP32 IP      : 172.20.10.14
2026-05-27T22:14:23,RAW,RSSI          : -64 dBm
2026-05-27T22:14:23,RAW,UDP Count     : 92
2026-05-27T22:14:23,RAW,CSI Count     : 154
2026-05-27T22:14:23,RAW,"Last UDP      : PING,92,1779891262.766224"
2026-05-27T22:14:23,RAW,"Last ACK      : ACK,PING,92,1779891262.766224,RSSI=-64"
2026-05-27T22:14:23,RAW,Last UDP RSSI : -64 dBm
2026-05-27T22:14:23,RAW,====================================
2026-05-27T22:14:24,CSI,"CSI_DATA,155,306484,-60,6,256,0 0 -6 8 -3 6 0 3 4 0 7 -2 10 -5 12 -6 15 -8 16 -9 17 -9 17 -9 17 -9 16 -8 14 -7 13 -6 10 -5 8 -4 5 -3 2 -2 -1 -2 -5 -2 -7 -3 -9 -4 -11 -6 -11 -9 -10 -11 0 0 0 0 0 0 0 0 0 0 0 0 0 0 0 0 0 0 0 0 0 0 -4 -9 -4 -12 -3 -14 -2 -16 0 -17 1 -17 2 -16 3 -15 3 -14 3 -12 1 -9 0 -7 -1 -4 -3 -1 -5 2 -8 4 -9 7 -12 10 -13 12 -14 14 -15 15 -16 16 -16 16 -15 16 -14 15 -12 13"
2026-05-27T22:14:24,RAW,========== UDP DEBUG ==========
2026-05-27T22:14:24,RAW,Packet Size : 26
2026-05-27T22:14:24,RAW,Remote IP   : 172.20.10.5
2026-05-27T22:14:24,RAW,Remote Port : 56939
2026-05-27T22:14:24,RAW,"Last UDP    : PING,93,1779891263.8905401"
2026-05-27T22:14:24,RAW,"ACK Message : ACK,PING,93,1779891263.8905401,RSSI=-64"
2026-05-27T22:14:24,RAW,beginPacket : 1
2026-05-27T22:14:24,RAW,endPacket   : 1
2026-05-27T22:14:24,RAW,===============================
2026-05-27T22:14:24,RAW,========== CURRENT SUMMARY ==========
2026-05-27T22:14:24,RAW,WiFi Status   : Connected
2026-05-27T22:14:24,RAW,ESP32 IP      : 172.20.10.14
2026-05-27T22:14:24,RAW,RSSI          : -64 dBm
2026-05-27T22:14:24,RAW,UDP Count     : 93
2026-05-27T22:14:24,RAW,CSI Count     : 155
2026-05-27T22:14:24,RAW,"Last UDP      : PING,93,1779891263.8905401"
2026-05-27T22:14:24,RAW,"Last ACK      : ACK,PING,93,1779891263.8905401,RSSI=-64"
2026-05-27T22:14:24,RAW,Last UDP RSSI : -64 dBm
2026-05-27T22:14:24,RAW,====================================
2026-05-27T22:14:25,CSI,"CSI_DATA,156,307611,-61,6,256,0 0 7 5 5 2 2 -2 0 -5 -2 -9 -3 -12 -5 -14 -6 -16 -6 -17 -6 -18 -7 -18 -6 -18 -6 -17 -5 -16 -4 -14 -3 -12 -2 -10 -2 -7 -1 -4 -2 -1 -3 2 -4 5 -5 6 -8 7 -10 7 -12 6 0 0 0 0 0 0 0 0 0 0 0 0 0 0 0 0 0 0 0 0 0 0 -11 5 -14 4 -15 2 -16 1 -16 -1 -16 -2 -15 -2 -14 -3 -12 -3 -9 -1 -6 0 -5 0 -3 2 1 4 3 6 5 8 8 10 10 11 12 13 13 14 14 15 14 15 14 15 14 15 13 13 11 10"
2026-05-27T22:14:25,RAW,========== UDP DEBUG ==========
2026-05-27T22:14:25,RAW,Packet Size : 25
2026-05-27T22:14:25,RAW,Remote IP   : 172.20.10.5
2026-05-27T22:14:25,RAW,Remote Port : 56939
2026-05-27T22:14:25,RAW,"Last UDP    : PING,94,1779891265.020093"
2026-05-27T22:14:25,RAW,"ACK Message : ACK,PING,94,1779891265.020093,RSSI=-65"
2026-05-27T22:14:25,RAW,beginPacket : 1
2026-05-27T22:14:25,RAW,endPacket   : 1
2026-05-27T22:14:25,RAW,===============================
2026-05-27T22:14:25,RAW,========== CURRENT SUMMARY ==========
2026-05-27T22:14:25,RAW,WiFi Status   : Connected
2026-05-27T22:14:25,RAW,ESP32 IP      : 172.20.10.14
2026-05-27T22:14:25,RAW,RSSI          : -65 dBm
2026-05-27T22:14:25,RAW,UDP Count     : 94
2026-05-27T22:14:25,RAW,CSI Count     : 156
2026-05-27T22:14:25,RAW,"Last UDP      : PING,94,1779891265.020093"
2026-05-27T22:14:25,RAW,"Last ACK      : ACK,PING,94,1779891265.020093,RSSI=-65"
2026-05-27T22:14:25,RAW,Last UDP RSSI : -65 dBm
2026-05-27T22:14:25,RAW,====================================
2026-05-27T22:14:26,CSI,"CSI_DATA,157,308633,-61,6,128,0 0 3 1 2 -2 -4 -5 -6 -8 -11 -8 -14 -7 -16 -7 -19 -8 -19 -8 -15 -9 -13 -13 -13 -11 -11 -10 -11 -7 -7 -4 -5 -4 -1 0 2 -1 5 1 8 2 10 5 11 7 8 9 6 13 5 14 4 14 0 0 0 0 0 0 0 0 0 0 0 0 0 0 0 0 0 0 0 0 0 0 -6 -7 -10 -10 -8 -9 -12 -15 -8 -13 -11 -15 -12 -11 -12 -10 -11 -10 -7 -8 -3 -9 -3 -6 -2 -3 -2 1 1 6 1 8 5 14 4 13 9 16 14 13 17 14 17 14 13 13 7 17 9 15 8 10"
2026-05-27T22:14:26,CSI,"CSI_DATA,158,308736,-63,6,256,0 0 6 -7 2 -6 -2 -5 -6 -5 -9 -5 -12 -5 -14 -5 -16 -5 -17 -5 -18 -5 -17 -4 -16 -5 -15 -5 -13 -4 -11 -4 -8 -3 -6 -2 -4 0 -2 1 0 3 1 5 1 8 0 10 -1 11 -2 12 -4 12 0 0 0 0 0 0 0 0 0 0 0 0 0 0 0 0 0 0 0 0 0 0 7 9 7 11 7 14 6 16 4 18 3 18 1 18 0 17 -1 15 -1 13 0 10 1 7 2 4 4 1 7 -2 9 -4 12 -7 14 -9 16 -10 18 -11 19 -12 20 -12 20 -12 19 -11 17 -10 14 -9"
2026-05-27T22:14:26,RAW,========== UDP DEBUG ==========
2026-05-27T22:14:26,RAW,Packet Size : 26
2026-05-27T22:14:26,RAW,Remote IP   : 172.20.10.5
2026-05-27T22:14:26,RAW,Remote Port : 56939
2026-05-27T22:14:26,RAW,"Last UDP    : PING,95,1779891266.1443489"
2026-05-27T22:14:26,RAW,"ACK Message : ACK,PING,95,1779891266.1443489,RSSI=-67"
2026-05-27T22:14:26,RAW,beginPacket : 1
2026-05-27T22:14:26,RAW,endPacket   : 1
2026-05-27T22:14:26,RAW,===============================
2026-05-27T22:14:26,RAW,========== CURRENT SUMMARY ==========
2026-05-27T22:14:26,RAW,WiFi Status   : Connected
2026-05-27T22:14:26,RAW,ESP32 IP      : 172.20.10.14
2026-05-27T22:14:26,RAW,RSSI          : -67 dBm
2026-05-27T22:14:26,RAW,UDP Count     : 95
2026-05-27T22:14:26,RAW,CSI Count     : 158
2026-05-27T22:14:26,RAW,"Last UDP      : PING,95,1779891266.1443489"
2026-05-27T22:14:26,RAW,"Last ACK      : ACK,PING,95,1779891266.1443489,RSSI=-67"
2026-05-27T22:14:26,RAW,Last UDP RSSI : -67 dBm
2026-05-27T22:14:26,RAW,====================================
2026-05-27T22:14:27,CSI,"CSI_DATA,159,309760,-62,6,256,0 0 0 3 -3 -1 -6 -4 -9 -6 -12 -8 -15 -9 -17 -9 -18 -9 -19 -8 -19 -7 -18 -6 -17 -5 -15 -4 -13 -3 -11 -2 -8 -1 -5 -1 -2 -1 0 0 3 0 6 1 8 1 9 2 10 3 11 4 11 5 0 0 0 0 0 0 0 0 0 0 0 0 0 0 0 0 0 0 0 0 0 0 -6 -12 -5 -15 -4 -16 -2 -16 -1 -16 0 -15 1 -14 1 -12 1 -10 2 -6 2 -3 2 0 2 3 3 7 3 10 4 13 5 16 6 18 7 19 8 20 9 20 10 19 10 17 9 15 8 12 6 9"
2026-05-27T22:14:27,RAW,========== UDP DEBUG ==========
2026-05-27T22:14:27,RAW,Packet Size : 26
2026-05-27T22:14:27,RAW,Remote IP   : 172.20.10.5
2026-05-27T22:14:27,RAW,Remote Port : 56939
2026-05-27T22:14:27,RAW,"Last UDP    : PING,96,1779891267.2693582"
2026-05-27T22:14:27,RAW,"ACK Message : ACK,PING,96,1779891267.2693582,RSSI=-64"
2026-05-27T22:14:27,RAW,beginPacket : 1
2026-05-27T22:14:27,RAW,endPacket   : 1
2026-05-27T22:14:27,RAW,===============================
2026-05-27T22:14:27,RAW,========== CURRENT SUMMARY ==========
2026-05-27T22:14:27,RAW,WiFi Status   : Connected
2026-05-27T22:14:27,RAW,ESP32 IP      : 172.20.10.14
2026-05-27T22:14:27,RAW,RSSI          : -64 dBm
2026-05-27T22:14:27,RAW,UDP Count     : 96
2026-05-27T22:14:27,RAW,CSI Count     : 159
2026-05-27T22:14:27,RAW,"Last UDP      : PING,96,1779891267.2693582"
2026-05-27T22:14:27,RAW,"Last ACK      : ACK,PING,96,1779891267.2693582,RSSI=-64"
2026-05-27T22:14:27,RAW,Last UDP RSSI : -64 dBm
2026-05-27T22:14:27,RAW,====================================
2026-05-27T22:14:28,CSI,"CSI_DATA,160,310784,-59,6,256,0 0 -14 -3 -10 -3 -5 -2 0 -2 4 -3 8 -4 10 -5 13 -6 15 -7 15 -9 16 -10 15 -11 14 -11 13 -11 12 -9 10 -8 8 -7 6 -5 4 -3 2 0 0 2 -3 3 -5 5 -7 6 -9 6 -11 6 0 0 0 0 0 0 0 0 0 0 0 0 0 0 0 0 0 0 0 0 0 0 6 4 7 6 8 9 9 11 9 13 9 15 8 15 8 15 6 14 6 12 5 11 3 8 2 6 -1 3 -3 0 -6 -3 -9 -6 -12 -8 -15 -9 -18 -10 -21 -10 -22 -10 -23 -9 -23 -8 -22 -6 -21 -5"
2026-05-27T22:14:28,RAW,========== UDP DEBUG ==========
2026-05-27T22:14:28,RAW,Packet Size : 25
2026-05-27T22:14:28,RAW,Remote IP   : 172.20.10.5
2026-05-27T22:14:28,RAW,Remote Port : 56939
2026-05-27T22:14:28,RAW,"Last UDP    : PING,97,1779891268.291927"
2026-05-27T22:14:28,RAW,"ACK Message : ACK,PING,97,1779891268.291927,RSSI=-60"
2026-05-27T22:14:28,RAW,beginPacket : 1
2026-05-27T22:14:28,RAW,endPacket   : 1
2026-05-27T22:14:28,RAW,===============================
2026-05-27T22:14:28,RAW,========== CURRENT SUMMARY ==========
2026-05-27T22:14:28,RAW,WiFi Status   : Connected
2026-05-27T22:14:28,RAW,ESP32 IP      : 172.20.10.14
2026-05-27T22:14:28,RAW,RSSI          : -60 dBm
2026-05-27T22:14:28,RAW,UDP Count     : 97
2026-05-27T22:14:28,RAW,CSI Count     : 160
2026-05-27T22:14:28,RAW,"Last UDP      : PING,97,1779891268.291927"
2026-05-27T22:14:28,RAW,"Last ACK      : ACK,PING,97,1779891268.291927,RSSI=-60"
2026-05-27T22:14:28,RAW,Last UDP RSSI : -60 dBm
2026-05-27T22:14:28,RAW,====================================
2026-05-27T22:14:29,CSI,"CSI_DATA,161,311705,-61,6,128,0 0 -11 -5 -7 -3 -2 -1 2 -1 6 0 10 0 14 0 15 0 17 -2 19 -3 19 -4 18 -7 18 -5 15 -4 14 -5 10 -3 10 -3 5 -3 4 0 0 0 -3 0 -6 1 -8 1 -11 1 -12 0 -13 -2 0 0 0 0 0 0 0 0 0 0 0 0 0 0 0 0 0 0 0 0 0 0 9 2 8 4 12 7 10 8 12 12 11 11 10 15 8 14 8 12 7 11 5 9 3 5 0 4 -2 1 -4 -2 -8 -5 -9 -7 -13 -10 -15 -9 -18 -13 -18 -14 -21 -13 -23 -12 -22 -10 -20 -7 -18 -7"
2026-05-27T22:14:29,CSI,"CSI_DATA,162,311808,-60,6,256,0 0 5 -1 1 -2 -3 -3 -7 -4 -11 -5 -14 -5 -16 -5 -17 -6 -18 -5 -18 -5 -17 -4 -16 -4 -14 -3 -12 -3 -9 -3 -7 -2 -4 -1 -1 0 2 2 4 3 6 5 7 7 8 8 7 10 6 11 4 12 0 0 0 0 0 0 0 0 0 0 0 0 0 0 0 0 0 0 0 0 0 0 -8 5 -10 6 -12 5 -14 5 -15 4 -16 3 -16 2 -15 1 -13 0 -10 0 -8 0 -5 0 -2 1 2 1 5 2 8 3 12 3 15 3 17 4 18 4 20 4 20 3 19 3 19 2 16 2 13 1"
2026-05-27T22:14:29,RAW,========== UDP DEBUG ==========
2026-05-27T22:14:29,RAW,Packet Size : 25
2026-05-27T22:14:29,RAW,Remote IP   : 172.20.10.5
2026-05-27T22:14:29,RAW,Remote Port : 56939
2026-05-27T22:14:29,RAW,"Last UDP    : PING,98,1779891269.317794"
2026-05-27T22:14:29,RAW,"ACK Message : ACK,PING,98,1779891269.317794,RSSI=-63"
2026-05-27T22:14:29,RAW,beginPacket : 1
2026-05-27T22:14:29,RAW,endPacket   : 1
2026-05-27T22:14:29,RAW,===============================
2026-05-27T22:14:29,RAW,========== CURRENT SUMMARY ==========
2026-05-27T22:14:29,RAW,WiFi Status   : Connected
2026-05-27T22:14:29,RAW,ESP32 IP      : 172.20.10.14
2026-05-27T22:14:29,RAW,RSSI          : -63 dBm
2026-05-27T22:14:29,RAW,UDP Count     : 98
2026-05-27T22:14:29,RAW,CSI Count     : 162
2026-05-27T22:14:29,RAW,"Last UDP      : PING,98,1779891269.317794"
2026-05-27T22:14:29,RAW,"Last ACK      : ACK,PING,98,1779891269.317794,RSSI=-63"
2026-05-27T22:14:29,RAW,Last UDP RSSI : -63 dBm
2026-05-27T22:14:29,RAW,====================================
2026-05-27T22:14:30,CSI,"CSI_DATA,163,312935,-60,6,256,0 0 -3 -14 -2 -10 -1 -5 1 0 3 4 6 8 9 11 11 12 13 13 14 14 15 14 16 13 15 12 14 11 13 9 10 8 8 7 4 5 1 4 -2 1 -5 -1 -8 -3 -10 -5 -11 -8 -12 -10 -11 -12 0 0 0 0 0 0 0 0 0 0 0 0 0 0 0 0 0 0 0 0 0 0 -2 6 -4 9 -6 10 -8 12 -9 13 -11 13 -11 13 -11 12 -11 12 -10 10 -8 9 -7 6 -4 4 -3 1 -1 -2 1 -6 2 -9 3 -13 3 -17 2 -20 2 -23 0 -25 0 -26 -2 -25 -2 -24 -3 -21"
2026-05-27T22:14:30,RAW,========== UDP DEBUG ==========
2026-05-27T22:14:30,RAW,Packet Size : 25
2026-05-27T22:14:30,RAW,Remote IP   : 172.20.10.5
2026-05-27T22:14:30,RAW,Remote Port : 56939
2026-05-27T22:14:30,RAW,"Last UDP    : PING,99,1779891270.345525"
2026-05-27T22:14:30,RAW,"ACK Message : ACK,PING,99,1779891270.345525,RSSI=-62"
2026-05-27T22:14:30,RAW,beginPacket : 1
2026-05-27T22:14:30,RAW,endPacket   : 1
2026-05-27T22:14:30,RAW,===============================
2026-05-27T22:14:30,RAW,========== CURRENT SUMMARY ==========
2026-05-27T22:14:30,RAW,WiFi Status   : Connected
2026-05-27T22:14:30,RAW,ESP32 IP      : 172.20.10.14
2026-05-27T22:14:30,RAW,RSSI          : -62 dBm
2026-05-27T22:14:30,RAW,UDP Count     : 99
2026-05-27T22:14:30,RAW,CSI Count     : 163
2026-05-27T22:14:30,RAW,"Last UDP      : PING,99,1779891270.345525"
2026-05-27T22:14:30,RAW,"Last ACK      : ACK,PING,99,1779891270.345525,RSSI=-62"
2026-05-27T22:14:30,RAW,Last UDP RSSI : -62 dBm
2026-05-27T22:14:30,RAW,====================================
2026-05-27T22:14:31,CSI,"CSI_DATA,164,314061,-62,6,256,0 0 -8 1 -4 0 0 -2 4 -3 7 -5 10 -6 12 -8 13 -9 15 -10 14 -12 14 -12 14 -12 13 -11 11 -10 9 -8 7 -6 6 -4 4 -1 1 1 -1 3 -4 6 -5 7 -8 7 -10 7 -12 7 -13 5 0 0 0 0 0 0 0 0 0 0 0 0 0 0 0 0 0 0 0 0 0 0 9 1 11 3 12 4 13 5 13 6 13 6 12 7 10 6 9 5 8 4 5 3 3 1 0 0 -3 -2 -6 -3 -9 -4 -12 -5 -15 -5 -17 -5 -19 -4 -21 -3 -21 -2 -21 -1 -20 0 -18 0 -15 1"
2026-05-27T22:14:31,RAW,========== UDP DEBUG ==========
2026-05-27T22:14:31,RAW,Packet Size : 26
2026-05-27T22:14:31,RAW,Remote IP   : 172.20.10.5
2026-05-27T22:14:31,RAW,Remote Port : 56939
2026-05-27T22:14:31,RAW,"Last UDP    : PING,100,1779891271.468734"
2026-05-27T22:14:31,RAW,"ACK Message : ACK,PING,100,1779891271.468734,RSSI=-65"
2026-05-27T22:14:31,RAW,beginPacket : 1
2026-05-27T22:14:31,RAW,endPacket   : 1
2026-05-27T22:14:31,RAW,===============================
2026-05-27T22:14:31,RAW,========== CURRENT SUMMARY ==========
2026-05-27T22:14:31,RAW,WiFi Status   : Connected
2026-05-27T22:14:31,RAW,ESP32 IP      : 172.20.10.14
2026-05-27T22:14:31,RAW,RSSI          : -65 dBm
2026-05-27T22:14:31,RAW,UDP Count     : 100
2026-05-27T22:14:31,RAW,CSI Count     : 164
2026-05-27T22:14:31,RAW,"Last UDP      : PING,100,1779891271.468734"
2026-05-27T22:14:31,RAW,"Last ACK      : ACK,PING,100,1779891271.468734,RSSI=-65"
2026-05-27T22:14:31,RAW,Last UDP RSSI : -65 dBm
2026-05-27T22:14:31,RAW,====================================
2026-05-27T22:14:32,CSI,"CSI_DATA,165,315189,-61,6,256,0 0 0 8 -1 4 -2 0 -4 -4 -5 -7 -7 -10 -9 -12 -10 -13 -12 -14 -13 -14 -14 -13 -14 -13 -13 -12 -12 -11 -11 -10 -9 -9 -7 -7 -4 -6 -1 -5 2 -3 4 -2 6 0 8 2 9 4 9 6 9 8 0 0 0 0 0 0 0 0 0 0 0 0 0 0 0 0 0 0 0 0 0 0 5 -12 7 -13 8 -13 10 -12 10 -12 10 -12 10 -10 9 -9 7 -7 5 -6 4 -4 2 -1 0 1 -3 4 -4 6 -5 9 -6 12 -7 15 -6 17 -6 19 -5 21 -4 21 -3 21 -1 20 0 18 0 15"
2026-05-27T22:14:32,RAW,========== UDP DEBUG ==========
2026-05-27T22:14:32,RAW,Packet Size : 26
2026-05-27T22:14:32,RAW,Remote IP   : 172.20.10.5
2026-05-27T22:14:32,RAW,Remote Port : 56939
2026-05-27T22:14:32,RAW,"Last UDP    : PING,101,1779891272.597284"
2026-05-27T22:14:32,RAW,"ACK Message : ACK,PING,101,1779891272.597284,RSSI=-63"
2026-05-27T22:14:32,RAW,beginPacket : 1
2026-05-27T22:14:32,RAW,endPacket   : 1
2026-05-27T22:14:32,RAW,===============================
2026-05-27T22:14:32,RAW,========== CURRENT SUMMARY ==========
2026-05-27T22:14:32,RAW,WiFi Status   : Connected
2026-05-27T22:14:32,RAW,ESP32 IP      : 172.20.10.14
2026-05-27T22:14:32,RAW,RSSI          : -63 dBm
2026-05-27T22:14:32,RAW,UDP Count     : 101
2026-05-27T22:14:32,RAW,CSI Count     : 165
2026-05-27T22:14:32,RAW,"Last UDP      : PING,101,1779891272.597284"
2026-05-27T22:14:32,RAW,"Last ACK      : ACK,PING,101,1779891272.597284,RSSI=-63"
2026-05-27T22:14:32,RAW,Last UDP RSSI : -63 dBm
2026-05-27T22:14:32,RAW,====================================
2026-05-27T22:14:33,RAW,========== CURRENT SUMMARY ==========
2026-05-27T22:14:33,RAW,WiFi Status   : Connected
2026-05-27T22:14:33,RAW,ESP32 IP      : 172.20.10.14
2026-05-27T22:14:33,RAW,RSSI          : -63 dBm
2026-05-27T22:14:33,RAW,UDP Count     : 101
2026-05-27T22:14:33,RAW,CSI Count     : 165
2026-05-27T22:14:33,RAW,"Last UDP      : PING,101,1779891272.597284"
2026-05-27T22:14:33,RAW,"Last ACK      : ACK,PING,101,1779891272.597284,RSSI=-63"
2026-05-27T22:14:33,RAW,Last UDP RSSI : -63 dBm
2026-05-27T22:14:33,RAW,====================================
2026-05-27T22:14:33,CSI,"CSI_DATA,166,316314,-62,6,256,0 0 0 10 -1 6 -2 1 -3 -4 -5 -7 -7 -10 -9 -13 -11 -15 -13 -16 -14 -17 -14 -16 -14 -15 -12 -14 -11 -13 -10 -11 -7 -9 -4 -7 -1 -5 2 -3 5 -1 7 1 8 4 10 6 10 9 10 10 8 12 0 0 0 0 0 0 0 0 0 0 0 0 0 0 0 0 0 0 0 0 0 0 3 -9 5 -10 7 -12 9 -13 10 -13 11 -13 11 -14 11 -13 9 -12 8 -11 6 -8 4 -6 2 -4 0 0 -2 3 -4 6 -5 10 -6 13 -6 16 -5 19 -5 22 -3 23 -3 24 -2 23 -1 21 0 18"
2026-05-27T22:14:33,RAW,========== UDP DEBUG ==========
2026-05-27T22:14:33,RAW,Packet Size : 27
2026-05-27T22:14:33,RAW,Remote IP   : 172.20.10.5
2026-05-27T22:14:33,RAW,Remote Port : 56939
2026-05-27T22:14:33,RAW,"Last UDP    : PING,102,1779891273.7212548"
2026-05-27T22:14:33,RAW,"ACK Message : ACK,PING,102,1779891273.7212548,RSSI=-63"
2026-05-27T22:14:33,RAW,beginPacket : 1
2026-05-27T22:14:33,RAW,endPacket   : 1
2026-05-27T22:14:33,RAW,===============================
2026-05-27T22:14:34,RAW,========== CURRENT SUMMARY ==========
2026-05-27T22:14:34,RAW,WiFi Status   : Connected
2026-05-27T22:14:34,RAW,ESP32 IP      : 172.20.10.14
2026-05-27T22:14:34,RAW,RSSI          : -63 dBm
2026-05-27T22:14:34,RAW,UDP Count     : 102
2026-05-27T22:14:34,RAW,CSI Count     : 166
2026-05-27T22:14:34,RAW,"Last UDP      : PING,102,1779891273.7212548"
2026-05-27T22:14:34,RAW,"Last ACK      : ACK,PING,102,1779891273.7212548,RSSI=-63"
2026-05-27T22:14:34,RAW,Last UDP RSSI : -63 dBm
2026-05-27T22:14:34,RAW,====================================
2026-05-27T22:14:34,CSI,"CSI_DATA,167,317338,-61,6,256,0 0 -8 -2 -5 -2 0 -2 4 -3 8 -4 11 -5 13 -6 15 -7 16 -8 16 -9 15 -10 14 -10 13 -9 12 -8 10 -7 8 -5 6 -3 4 -1 2 2 0 4 -3 5 -5 7 -7 8 -9 7 -11 7 -12 6 0 0 0 0 0 0 0 0 0 0 0 0 0 0 0 0 0 0 0 0 0 0 8 7 8 8 9 11 9 12 9 13 8 13 7 12 7 12 5 9 4 8 3 5 1 2 -1 0 -3 -2 -5 -4 -7 -7 -10 -9 -13 -9 -16 -10 -18 -10 -20 -10 -20 -9 -21 -8 -20 -6 -18 -5 -15 -4"
2026-05-27T22:14:34,RAW,========== UDP DEBUG ==========
2026-05-27T22:14:34,RAW,Packet Size : 26
2026-05-27T22:14:34,RAW,Remote IP   : 172.20.10.5
2026-05-27T22:14:34,RAW,Remote Port : 56939
2026-05-27T22:14:34,RAW,"Last UDP    : PING,103,1779891274.844231"
2026-05-27T22:14:34,RAW,"ACK Message : ACK,PING,103,1779891274.844231,RSSI=-62"
2026-05-27T22:14:34,RAW,beginPacket : 1
2026-05-27T22:14:34,RAW,endPacket   : 1
2026-05-27T22:14:34,RAW,===============================
2026-05-27T22:14:35,RAW,========== CURRENT SUMMARY ==========
2026-05-27T22:14:35,RAW,WiFi Status   : Connected
2026-05-27T22:14:35,RAW,ESP32 IP      : 172.20.10.14
2026-05-27T22:14:35,RAW,RSSI          : -62 dBm
2026-05-27T22:14:35,RAW,UDP Count     : 103
2026-05-27T22:14:35,RAW,CSI Count     : 167
2026-05-27T22:14:35,RAW,"Last UDP      : PING,103,1779891274.844231"
2026-05-27T22:14:35,RAW,"Last ACK      : ACK,PING,103,1779891274.844231,RSSI=-62"
2026-05-27T22:14:35,RAW,Last UDP RSSI : -62 dBm
2026-05-27T22:14:35,RAW,====================================
2026-05-27T22:14:35,CSI,"CSI_DATA,168,318465,-60,6,256,0 0 0 13 1 8 2 3 3 -1 4 -6 4 -10 5 -13 6 -16 6 -18 7 -19 7 -20 7 -20 7 -19 7 -17 6 -16 5 -13 5 -10 3 -6 2 -3 -1 -1 -3 2 -6 3 -9 4 -12 3 -14 1 -15 -1 0 0 0 0 0 0 0 0 0 0 0 0 0 0 0 0 0 0 0 0 0 0 -9 -6 -10 -9 -11 -11 -10 -13 -10 -14 -9 -15 -9 -15 -7 -15 -7 -14 -6 -13 -5 -10 -5 -7 -4 -4 -4 -1 -4 3 -4 7 -3 10 -3 14 -3 17 -2 20 -2 22 -1 24 -2 24 -2 24 -1 22 -1 20"
2026-05-27T22:14:35,RAW,========== UDP DEBUG ==========
2026-05-27T22:14:35,RAW,Packet Size : 26
2026-05-27T22:14:35,RAW,Remote IP   : 172.20.10.5
2026-05-27T22:14:35,RAW,Remote Port : 56939
2026-05-27T22:14:35,RAW,"Last UDP    : PING,104,1779891275.869652"
2026-05-27T22:14:35,RAW,"ACK Message : ACK,PING,104,1779891275.869652,RSSI=-64"
2026-05-27T22:14:35,RAW,beginPacket : 1
2026-05-27T22:14:35,RAW,endPacket   : 1
2026-05-27T22:14:35,RAW,===============================
2026-05-27T22:14:36,CSI,"CSI_DATA,169,318677,-60,6,128,0 0 14 0 9 -1 4 -2 -2 -3 -6 -3 -10 -4 -14 -5 -17 -6 -20 -6 -21 -6 -22 -6 -22 -6 -21 -6 -19 -6 -16 -6 -13 -5 -9 -5 -6 -3 -2 -2 1 0 4 3 6 5 7 8 7 11 7 13 5 15 0 0 0 0 0 0 0 0 0 0 0 0 0 0 0 0 0 0 0 0 0 0 -7 3 -10 4 -13 4 -15 4 -17 3 -18 2 -19 2 -19 0 -18 0 -16 0 -13 0 -11 1 -8 1 -4 2 0 2 4 4 8 4 13 4 16 5 19 5 22 5 24 5 25 4 25 3 23 3 22 2"
2026-05-27T22:14:36,RAW,========== CURRENT SUMMARY ==========
2026-05-27T22:14:36,RAW,WiFi Status   : Connected
2026-05-27T22:14:36,RAW,ESP32 IP      : 172.20.10.14
2026-05-27T22:14:36,RAW,RSSI          : -64 dBm
2026-05-27T22:14:36,RAW,UDP Count     : 104
2026-05-27T22:14:36,RAW,CSI Count     : 169
2026-05-27T22:14:36,RAW,"Last UDP      : PING,104,1779891275.869652"
2026-05-27T22:14:36,RAW,"Last ACK      : ACK,PING,104,1779891275.869652,RSSI=-64"
2026-05-27T22:14:36,RAW,Last UDP RSSI : -64 dBm
2026-05-27T22:14:36,RAW,====================================
2026-05-27T22:14:37,CSI,"CSI_DATA,170,319591,-60,6,256,0 0 -4 12 -3 9 -2 5 -1 0 -1 -4 -2 -8 -2 -11 -3 -14 -3 -16 -4 -18 -5 -19 -5 -19 -5 -19 -5 -18 -5 -16 -3 -15 -3 -12 -1 -10 0 -7 1 -4 2 -1 2 2 3 5 2 8 1 10 -1 11 0 0 0 0 0 0 0 0 0 0 0 0 0 0 0 0 0 0 0 0 0 0 4 -9 6 -11 8 -12 9 -12 10 -12 11 -12 11 -11 11 -10 9 -9 8 -8 6 -7 4 -5 2 -3 -1 0 -3 2 -5 5 -7 8 -9 10 -10 13 -10 16 -11 19 -10 20 -10 21 -9 21 -7 20 -6 19"
2026-05-27T22:14:37,RAW,========== UDP DEBUG ==========
2026-05-27T22:14:37,RAW,Packet Size : 27
2026-05-27T22:14:37,RAW,Remote IP   : 172.20.10.5
2026-05-27T22:14:37,RAW,Remote Port : 56939
2026-05-27T22:14:37,RAW,"Last UDP    : PING,105,1779891276.9964008"
2026-05-27T22:14:37,RAW,"ACK Message : ACK,PING,105,1779891276.9964008,RSSI=-62"
2026-05-27T22:14:37,RAW,beginPacket : 1
2026-05-27T22:14:37,RAW,endPacket   : 1
2026-05-27T22:14:37,RAW,===============================
2026-05-27T22:14:37,RAW,========== CURRENT SUMMARY ==========
2026-05-27T22:14:37,RAW,WiFi Status   : Connected
2026-05-27T22:14:37,RAW,ESP32 IP      : 172.20.10.14
2026-05-27T22:14:37,RAW,RSSI          : -62 dBm
2026-05-27T22:14:37,RAW,UDP Count     : 105
2026-05-27T22:14:37,RAW,CSI Count     : 170
2026-05-27T22:14:37,RAW,"Last UDP      : PING,105,1779891276.9964008"
2026-05-27T22:14:37,RAW,"Last ACK      : ACK,PING,105,1779891276.9964008,RSSI=-62"
2026-05-27T22:14:37,RAW,Last UDP RSSI : -62 dBm
2026-05-27T22:14:37,RAW,====================================
2026-05-27T22:14:38,CSI,"CSI_DATA,171,320717,-61,6,256,0 0 -11 -3 -7 -3 -3 -3 2 -4 5 -5 8 -6 10 -8 12 -9 13 -11 14 -12 13 -12 12 -12 11 -12 10 -11 8 -9 7 -7 6 -5 5 -1 3 1 2 4 1 7 -1 9 -3 10 -5 11 -6 11 -8 10 0 0 0 0 0 0 0 0 0 0 0 0 0 0 0 0 0 0 0 0 0 0 3 6 3 9 3 11 2 13 2 14 3 14 2 15 2 14 2 13 2 11 2 9 1 6 1 4 -1 1 -2 -3 -5 -5 -7 -7 -10 -9 -12 -10 -15 -11 -18 -11 -19 -10 -20 -9 -20 -8 -19 -6 -17 -5"
2026-05-27T22:14:38,RAW,========== UDP DEBUG ==========
2026-05-27T22:14:38,RAW,Packet Size : 27
2026-05-27T22:14:38,RAW,Remote IP   : 172.20.10.5
2026-05-27T22:14:38,RAW,Remote Port : 56939
2026-05-27T22:14:38,RAW,"Last UDP    : PING,106,1779891278.1248991"
2026-05-27T22:14:38,RAW,"ACK Message : ACK,PING,106,1779891278.1248991,RSSI=-63"
2026-05-27T22:14:38,RAW,beginPacket : 1
2026-05-27T22:14:38,RAW,endPacket   : 1
2026-05-27T22:14:38,RAW,===============================
2026-05-27T22:14:38,RAW,========== CURRENT SUMMARY ==========
2026-05-27T22:14:38,RAW,WiFi Status   : Connected
2026-05-27T22:14:38,RAW,ESP32 IP      : 172.20.10.14
2026-05-27T22:14:38,RAW,RSSI          : -63 dBm
2026-05-27T22:14:38,RAW,UDP Count     : 106
2026-05-27T22:14:38,RAW,CSI Count     : 171
2026-05-27T22:14:38,RAW,"Last UDP      : PING,106,1779891278.1248991"
2026-05-27T22:14:38,RAW,"Last ACK      : ACK,PING,106,1779891278.1248991,RSSI=-63"
2026-05-27T22:14:38,RAW,Last UDP RSSI : -63 dBm
2026-05-27T22:14:38,RAW,====================================
2026-05-27T22:14:39,CSI,"CSI_DATA,172,321741,-61,6,256,0 0 -10 4 -8 2 -5 -1 -2 -5 -1 -8 1 -11 1 -14 1 -16 1 -18 0 -19 -1 -19 -1 -18 -1 -17 -1 -16 -1 -14 0 -12 1 -10 2 -7 3 -4 4 -1 5 1 6 4 7 6 7 8 6 10 4 11 0 0 0 0 0 0 0 0 0 0 0 0 0 0 0 0 0 0 0 0 0 0 9 4 10 6 12 7 12 9 13 10 12 10 12 10 12 9 10 8 9 7 7 5 5 3 2 2 -1 0 -5 -1 -8 -1 -12 -1 -15 0 -17 1 -20 2 -22 4 -22 5 -22 7 -21 8 -19 9 -16 8"
2026-05-27T22:14:39,RAW,========== UDP DEBUG ==========
2026-05-27T22:14:39,RAW,Packet Size : 26
2026-05-27T22:14:39,RAW,Remote IP   : 172.20.10.5
2026-05-27T22:14:39,RAW,Remote Port : 56939
2026-05-27T22:14:39,RAW,"Last UDP    : PING,107,1779891279.250082"
2026-05-27T22:14:39,RAW,"ACK Message : ACK,PING,107,1779891279.250082,RSSI=-62"
2026-05-27T22:14:39,RAW,beginPacket : 1
2026-05-27T22:14:39,RAW,endPacket   : 1
2026-05-27T22:14:39,RAW,===============================
2026-05-27T22:14:39,RAW,========== CURRENT SUMMARY ==========
2026-05-27T22:14:39,RAW,WiFi Status   : Connected
2026-05-27T22:14:39,RAW,ESP32 IP      : 172.20.10.14
2026-05-27T22:14:39,RAW,RSSI          : -62 dBm
2026-05-27T22:14:39,RAW,UDP Count     : 107
2026-05-27T22:14:39,RAW,CSI Count     : 172
2026-05-27T22:14:39,RAW,"Last UDP      : PING,107,1779891279.250082"
2026-05-27T22:14:39,RAW,"Last ACK      : ACK,PING,107,1779891279.250082,RSSI=-62"
2026-05-27T22:14:39,RAW,Last UDP RSSI : -62 dBm
2026-05-27T22:14:39,RAW,====================================
2026-05-27T22:14:40,CSI,"CSI_DATA,173,322765,-61,6,256,0 0 -8 8 -6 4 -4 0 -4 -4 -3 -7 -3 -11 -3 -13 -4 -15 -5 -17 -6 -17 -6 -17 -7 -17 -6 -16 -6 -15 -5 -13 -3 -11 -2 -9 0 -7 2 -5 4 -3 6 0 7 2 8 4 8 7 8 8 7 10 0 0 0 0 0 0 0 0 0 0 0 0 0 0 0 0 0 0 0 0 0 0 9 -1 11 0 13 1 14 2 15 2 15 2 15 2 14 2 12 1 11 1 8 1 6 0 3 0 0 0 -4 1 -7 2 -10 3 -13 5 -15 7 -16 10 -17 12 -17 13 -17 15 -15 15 -13 15 -11 13"
2026-05-27T22:14:40,RAW,========== UDP DEBUG ==========
2026-05-27T22:14:40,RAW,Packet Size : 26
2026-05-27T22:14:40,RAW,Remote IP   : 172.20.10.5
2026-05-27T22:14:40,RAW,Remote Port : 56939
2026-05-27T22:14:40,RAW,"Last UDP    : PING,108,1779891280.271809"
2026-05-27T22:14:40,RAW,"ACK Message : ACK,PING,108,1779891280.271809,RSSI=-61"
2026-05-27T22:14:40,RAW,beginPacket : 1
2026-05-27T22:14:40,RAW,endPacket   : 1
2026-05-27T22:14:40,RAW,===============================
2026-05-27T22:14:40,RAW,========== CURRENT SUMMARY ==========
2026-05-27T22:14:40,RAW,WiFi Status   : Connected
2026-05-27T22:14:40,RAW,ESP32 IP      : 172.20.10.14
2026-05-27T22:14:40,RAW,RSSI          : -61 dBm
2026-05-27T22:14:40,RAW,UDP Count     : 108
2026-05-27T22:14:40,RAW,CSI Count     : 173
2026-05-27T22:14:40,RAW,"Last UDP      : PING,108,1779891280.271809"
2026-05-27T22:14:40,RAW,"Last ACK      : ACK,PING,108,1779891280.271809,RSSI=-61"
2026-05-27T22:14:40,RAW,Last UDP RSSI : -61 dBm
2026-05-27T22:14:40,RAW,====================================
2026-05-27T22:14:41,CSI,"CSI_DATA,174,323697,-59,6,128,0 0 -10 2 -13 3 -15 4 -17 5 -18 6 -17 7 -16 7 -15 7 -13 7 -11 6 -9 5 -6 4 -4 2 -2 0 0 -2 1 -4 3 -5 4 -7 5 -8 6 -9 6 -10 7 -9 7 -9 7 -8 7 -7 6 -5 0 0 0 0 0 0 0 0 0 0 0 0 0 0 0 0 0 0 0 0 0 0 -13 -6 -13 -8 -12 -9 -11 -9 -10 -9 -8 -8 -6 -7 -4 -5 -1 -3 1 -1 3 2 6 3 8 5 10 6 12 7 14 8 15 8 16 7 17 7 16 6 14 5 12 3 9 3 6 2 2 2 -2 1"
2026-05-27T22:14:41,CSI,"CSI_DATA,175,323892,-55,6,256,0 0 -9 -23 -11 -21 -11 -19 -11 -17 -10 -14 -8 -12 -5 -9 -2 -8 1 -7 4 -7 7 -7 9 -8 11 -9 12 -10 13 -12 13 -13 13 -13 12 -13 11 -12 11 -11 9 -9 8 -7 7 -4 5 -2 4 1 2 4 0 0 0 0 0 0 0 0 0 0 0 0 0 0 0 0 0 0 0 0 0 0 1 4 -1 3 -3 1 -5 0 -7 -1 -9 -3 -11 -3 -13 -4 -14 -4 -15 -3 -16 -3 -16 -2 -16 -1 -15 0 -14 1 -12 1 -10 1 -7 -1 -5 -2 -4 -5 -2 -8 -2 -11 -2 -15 -3 -18 -4 -20 -6 -22"
2026-05-27T22:14:41,RAW,========== UDP DEBUG ==========
2026-05-27T22:14:41,RAW,Packet Size : 26
2026-05-27T22:14:41,RAW,Remote IP   : 172.20.10.5
2026-05-27T22:14:41,RAW,Remote Port : 56939
2026-05-27T22:14:41,RAW,"Last UDP    : PING,109,1779891281.299554"
2026-05-27T22:14:41,RAW,"ACK Message : ACK,PING,109,1779891281.299554,RSSI=-56"
2026-05-27T22:14:41,RAW,beginPacket : 1
2026-05-27T22:14:41,RAW,endPacket   : 1
2026-05-27T22:14:41,RAW,===============================
2026-05-27T22:14:41,RAW,========== CURRENT SUMMARY ==========
2026-05-27T22:14:41,RAW,WiFi Status   : Connected
2026-05-27T22:14:41,RAW,ESP32 IP      : 172.20.10.14
2026-05-27T22:14:41,RAW,RSSI          : -56 dBm
2026-05-27T22:14:41,RAW,UDP Count     : 109
2026-05-27T22:14:41,RAW,CSI Count     : 175
2026-05-27T22:14:41,RAW,"Last UDP      : PING,109,1779891281.299554"
2026-05-27T22:14:41,RAW,"Last ACK      : ACK,PING,109,1779891281.299554,RSSI=-56"
2026-05-27T22:14:41,RAW,Last UDP RSSI : -56 dBm
2026-05-27T22:14:41,RAW,====================================
2026-05-27T22:14:42,CSI,"CSI_DATA,176,324916,-26,6,256,0 0 8 7 11 6 13 6 15 7 15 8 15 8 15 8 14 8 13 7 12 7 11 5 9 4 8 2 7 1 7 -2 7 -4 8 -5 9 -6 10 -6 11 -6 12 -5 12 -5 12 -3 12 -1 11 1 10 2 0 0 0 0 0 0 0 0 0 0 0 0 0 0 0 0 0 0 0 0 0 0 -6 10 -7 10 -9 10 -11 9 -12 7 -12 6 -12 5 -11 3 -9 4 -8 4 -6 5 -4 6 -3 8 -3 10 -2 12 -2 14 -2 15 -3 16 -3 17 -4 17 -4 16 -3 15 -3 14 -1 12 0 10 3 9"
2026-05-27T22:14:42,RAW,========== UDP DEBUG ==========
2026-05-27T22:14:42,RAW,Packet Size : 26
2026-05-27T22:14:42,RAW,Remote IP   : 172.20.10.5
2026-05-27T22:14:42,RAW,Remote Port : 56939
2026-05-27T22:14:42,RAW,"Last UDP    : PING,110,1779891282.421578"
2026-05-27T22:14:42,RAW,"ACK Message : ACK,PING,110,1779891282.421578,RSSI=-36"
2026-05-27T22:14:42,RAW,beginPacket : 1
2026-05-27T22:14:42,RAW,endPacket   : 1
2026-05-27T22:14:42,RAW,===============================
2026-05-27T22:14:42,RAW,========== CURRENT SUMMARY ==========
2026-05-27T22:14:42,RAW,WiFi Status   : Connected
2026-05-27T22:14:42,RAW,ESP32 IP      : 172.20.10.14
2026-05-27T22:14:42,RAW,RSSI          : -36 dBm
2026-05-27T22:14:42,RAW,UDP Count     : 110
2026-05-27T22:14:42,RAW,CSI Count     : 176
2026-05-27T22:14:42,RAW,"Last UDP      : PING,110,1779891282.421578"
2026-05-27T22:14:42,RAW,"Last ACK      : ACK,PING,110,1779891282.421578,RSSI=-36"
2026-05-27T22:14:42,RAW,Last UDP RSSI : -36 dBm
2026-05-27T22:14:42,RAW,====================================
2026-05-27T22:14:43,CSI,"CSI_DATA,177,326042,-26,6,256,0 0 5 -18 5 -18 7 -22 6 -20 6 -21 5 -19 4 -17 3 -14 2 -11 1 -8 0 -6 -2 -2 -4 1 -6 3 -7 5 -9 7 -9 8 -11 10 -12 9 -12 8 -13 7 -12 6 -11 4 -11 3 -8 2 -7 1 0 0 0 0 0 0 0 0 0 0 0 0 0 0 0 0 0 0 0 0 0 0 -14 -4 -14 -6 -11 -6 -10 -7 -7 -5 -5 -3 -3 -1 -2 2 -1 5 0 7 0 10 1 13 1 15 1 17 1 19 0 17 0 19 0 15 1 15 1 13 1 9 2 6 2 1 2 -2 3 -7 4 -11"
2026-05-27T22:14:43,RAW,========== UDP DEBUG ==========
2026-05-27T22:14:43,RAW,Packet Size : 26
2026-05-27T22:14:43,RAW,Remote IP   : 172.20.10.5
2026-05-27T22:14:43,RAW,Remote Port : 56939
2026-05-27T22:14:43,RAW,"Last UDP    : PING,111,1779891283.449483"
2026-05-27T22:14:43,RAW,"ACK Message : ACK,PING,111,1779891283.449483,RSSI=-28"
2026-05-27T22:14:43,RAW,beginPacket : 1
2026-05-27T22:14:43,RAW,endPacket   : 1
2026-05-27T22:14:43,RAW,===============================
2026-05-27T22:14:43,RAW,========== CURRENT SUMMARY ==========
2026-05-27T22:14:43,RAW,WiFi Status   : Connected
2026-05-27T22:14:43,RAW,ESP32 IP      : 172.20.10.14
2026-05-27T22:14:43,RAW,RSSI          : -28 dBm
2026-05-27T22:14:43,RAW,UDP Count     : 111
2026-05-27T22:14:43,RAW,CSI Count     : 177
2026-05-27T22:14:43,RAW,"Last UDP      : PING,111,1779891283.449483"
2026-05-27T22:14:43,RAW,"Last ACK      : ACK,PING,111,1779891283.449483,RSSI=-28"
2026-05-27T22:14:43,RAW,Last UDP RSSI : -28 dBm
2026-05-27T22:14:43,RAW,====================================
2026-05-27T22:14:44,CSI,"CSI_DATA,178,327169,-25,6,256,0 0 3 15 3 17 4 19 3 19 3 19 3 18 3 16 3 14 2 10 2 7 2 5 2 1 3 -1 3 -4 4 -7 4 -9 6 -10 7 -12 8 -12 8 -12 9 -11 9 -9 9 -8 9 -6 7 -4 6 -3 0 0 0 0 0 0 0 0 0 0 0 0 0 0 0 0 0 0 0 0 0 0 10 -10 11 -8 11 -6 9 -4 8 -3 6 -3 2 -3 0 -3 -3 -4 -5 -6 -8 -7 -9 -9 -11 -10 -12 -12 -12 -13 -13 -13 -13 -13 -12 -13 -12 -12 -10 -10 -8 -7 -7 -5 -5 -1 -3 2 -1 6 1 10"
2026-05-27T22:14:44,RAW,========== UDP DEBUG ==========
2026-05-27T22:14:44,RAW,Packet Size : 25
2026-05-27T22:14:44,RAW,Remote IP   : 172.20.10.5
2026-05-27T22:14:44,RAW,Remote Port : 56939
2026-05-27T22:14:44,RAW,"Last UDP    : PING,112,1779891284.57301"
2026-05-27T22:14:44,RAW,"ACK Message : ACK,PING,112,1779891284.57301,RSSI=-28"
2026-05-27T22:14:44,RAW,beginPacket : 1
2026-05-27T22:14:44,RAW,endPacket   : 1
2026-05-27T22:14:44,RAW,===============================
2026-05-27T22:14:44,RAW,========== CURRENT SUMMARY ==========
2026-05-27T22:14:44,RAW,WiFi Status   : Connected
2026-05-27T22:14:44,RAW,ESP32 IP      : 172.20.10.14
2026-05-27T22:14:44,RAW,RSSI          : -28 dBm
2026-05-27T22:14:44,RAW,UDP Count     : 112
2026-05-27T22:14:44,RAW,CSI Count     : 178
2026-05-27T22:14:44,RAW,"Last UDP      : PING,112,1779891284.57301"
2026-05-27T22:14:44,RAW,"Last ACK      : ACK,PING,112,1779891284.57301,RSSI=-28"
2026-05-27T22:14:44,RAW,Last UDP RSSI : -28 dBm
2026-05-27T22:14:44,RAW,====================================
2026-05-27T22:14:45,RAW,========== CURRENT SUMMARY ==========
2026-05-27T22:14:45,RAW,WiFi Status   : Connected
2026-05-27T22:14:45,RAW,ESP32 IP      : 172.20.10.14
2026-05-27T22:14:45,RAW,RSSI          : -28 dBm
2026-05-27T22:14:45,RAW,UDP Count     : 112
2026-05-27T22:14:45,RAW,CSI Count     : 178
2026-05-27T22:14:45,RAW,"Last UDP      : PING,112,1779891284.57301"
2026-05-27T22:14:45,RAW,"Last ACK      : ACK,PING,112,1779891284.57301,RSSI=-28"
2026-05-27T22:14:45,RAW,Last UDP RSSI : -28 dBm
2026-05-27T22:14:45,RAW,====================================
2026-05-27T22:14:45,CSI,"CSI_DATA,179,328295,-25,6,256,0 0 -13 -10 -13 -11 -16 -14 -14 -12 -15 -14 -14 -13 -13 -12 -11 -10 -10 -9 -8 -6 -7 -4 -7 -2 -6 1 -6 4 -6 5 -7 8 -7 8 -9 10 -10 9 -10 9 -12 8 -12 6 -11 5 -10 3 -9 2 -7 1 0 0 0 0 0 0 0 0 0 0 0 0 0 0 0 0 0 0 0 0 0 0 13 2 14 4 11 5 11 7 8 6 8 6 5 4 5 1 5 0 4 -3 5 -5 7 -7 9 -9 10 -10 13 -12 12 -10 15 -12 12 -10 13 -10 11 -9 9 -9 7 -8 4 -7 1 -7 -3 -8 -7 -8"
2026-05-27T22:14:45,RAW,========== UDP DEBUG ==========
2026-05-27T22:14:45,RAW,Packet Size : 26
2026-05-27T22:14:45,RAW,Remote IP   : 172.20.10.5
2026-05-27T22:14:45,RAW,Remote Port : 56939
2026-05-27T22:14:45,RAW,"Last UDP    : PING,113,1779891285.702851"
2026-05-27T22:14:45,RAW,"ACK Message : ACK,PING,113,1779891285.702851,RSSI=-30"
2026-05-27T22:14:45,RAW,beginPacket : 1
2026-05-27T22:14:45,RAW,endPacket   : 1
2026-05-27T22:14:45,RAW,===============================
2026-05-27T22:14:46,CSI,"CSI_DATA,180,328708,-26,6,128,0 0 -5 17 -6 17 -7 20 -7 18 -7 19 -7 17 -6 16 -5 14 -4 11 -2 8 -1 6 1 3 3 1 5 -2 6 -3 8 -5 9 -5 11 -7 12 -6 13 -6 14 -5 13 -3 12 -2 11 -1 10 0 8 0 0 0 0 0 0 0 0 0 0 0 0 0 0 0 0 0 0 0 0 0 0 0 12 -4 12 -2 10 0 9 0 5 0 3 -1 1 -3 -1 -5 -2 -7 -4 -8 -5 -11 -6 -13 -7 -15 -7 -17 -7 -18 -5 -17 -5 -18 -5 -15 -5 -14 -5 -12 -4 -9 -4 -6 -4 -2 -3 2 -4 6 -4 10"
2026-05-27T22:14:46,RAW,========== CURRENT SUMMARY ==========
2026-05-27T22:14:46,RAW,WiFi Status   : Connected
2026-05-27T22:14:46,RAW,ESP32 IP      : 172.20.10.14
2026-05-27T22:14:46,RAW,RSSI          : -28 dBm
2026-05-27T22:14:46,RAW,UDP Count     : 113
2026-05-27T22:14:46,RAW,CSI Count     : 180
2026-05-27T22:14:46,RAW,"Last UDP      : PING,113,1779891285.702851"
2026-05-27T22:14:46,RAW,"Last ACK      : ACK,PING,113,1779891285.702851,RSSI=-30"
2026-05-27T22:14:46,RAW,Last UDP RSSI : -30 dBm
2026-05-27T22:14:46,RAW,====================================
2026-05-27T22:14:46,CSI,"CSI_DATA,181,329319,-26,6,256,0 0 17 -3 19 -3 20 -3 21 -3 20 -2 18 -3 16 -2 13 -2 10 -2 7 -2 3 -3 0 -3 -4 -4 -6 -4 -9 -5 -11 -6 -12 -8 -12 -9 -13 -9 -12 -10 -11 -10 -9 -10 -7 -10 -5 -8 -3 -7 -2 -4 0 0 0 0 0 0 0 0 0 0 0 0 0 0 0 0 0 0 0 0 0 0 -7 -14 -5 -14 -4 -14 -2 -13 -1 -11 0 -8 -2 -5 -2 -2 -4 1 -6 3 -8 5 -10 6 -13 8 -14 8 -15 10 -15 10 -15 10 -15 10 -14 9 -11 8 -9 6 -6 5 -2 3 3 2 6 0 10 -1"
2026-05-27T22:14:46,RAW,========== UDP DEBUG ==========
2026-05-27T22:14:46,RAW,Packet Size : 26
2026-05-27T22:14:46,RAW,Remote IP   : 172.20.10.5
2026-05-27T22:14:46,RAW,Remote Port : 56939
2026-05-27T22:14:46,RAW,"Last UDP    : PING,114,1779891286.827206"
2026-05-27T22:14:46,RAW,"ACK Message : ACK,PING,114,1779891286.827206,RSSI=-28"
2026-05-27T22:14:46,RAW,beginPacket : 1
2026-05-27T22:14:46,RAW,endPacket   : 1
2026-05-27T22:14:46,RAW,===============================
2026-05-27T22:14:47,RAW,========== CURRENT SUMMARY ==========
2026-05-27T22:14:47,RAW,WiFi Status   : Connected
2026-05-27T22:14:47,RAW,ESP32 IP      : 172.20.10.14
2026-05-27T22:14:47,RAW,RSSI          : -28 dBm
2026-05-27T22:14:47,RAW,UDP Count     : 114
2026-05-27T22:14:47,RAW,CSI Count     : 181
2026-05-27T22:14:47,RAW,"Last UDP      : PING,114,1779891286.827206"
2026-05-27T22:14:47,RAW,"Last ACK      : ACK,PING,114,1779891286.827206,RSSI=-28"
2026-05-27T22:14:47,RAW,Last UDP RSSI : -28 dBm
2026-05-27T22:14:47,RAW,====================================
2026-05-27T22:14:47,CSI,"CSI_DATA,182,330343,-26,6,256,0 0 -2 16 -2 20 -2 20 -2 21 -2 20 -3 19 -2 16 -2 13 -1 10 0 7 2 4 2 0 3 -3 4 -5 6 -8 7 -9 8 -11 9 -11 11 -11 11 -10 11 -8 11 -7 10 -5 8 -4 5 -3 3 -2 0 0 0 0 0 0 0 0 0 0 0 0 0 0 0 0 0 0 0 0 0 0 14 -5 14 -3 14 -1 12 0 10 1 7 0 4 -1 2 -2 -1 -4 -3 -7 -5 -9 -6 -12 -7 -14 -8 -15 -8 -16 -9 -18 -8 -17 -8 -17 -8 -15 -7 -13 -5 -10 -4 -7 -4 -2 -3 2 -2 7 -2 11"
2026-05-27T22:14:47,RAW,========== UDP DEBUG ==========
2026-05-27T22:14:47,RAW,Packet Size : 27
2026-05-27T22:14:47,RAW,Remote IP   : 172.20.10.5
2026-05-27T22:14:47,RAW,Remote Port : 56939
2026-05-27T22:14:47,RAW,"Last UDP    : PING,115,1779891287.8494148"
2026-05-27T22:14:47,RAW,"ACK Message : ACK,PING,115,1779891287.8494148,RSSI=-29"
2026-05-27T22:14:47,RAW,beginPacket : 1
2026-05-27T22:14:47,RAW,endPacket   : 1
2026-05-27T22:14:47,RAW,===============================
2026-05-27T22:14:48,RAW,========== CURRENT SUMMARY ==========
2026-05-27T22:14:48,RAW,WiFi Status   : Connected
2026-05-27T22:14:48,RAW,ESP32 IP      : 172.20.10.14
2026-05-27T22:14:48,RAW,RSSI          : -29 dBm
2026-05-27T22:14:48,RAW,UDP Count     : 115
2026-05-27T22:14:48,RAW,CSI Count     : 182
2026-05-27T22:14:48,RAW,"Last UDP      : PING,115,1779891287.8494148"
2026-05-27T22:14:48,RAW,"Last ACK      : ACK,PING,115,1779891287.8494148,RSSI=-29"
2026-05-27T22:14:48,RAW,Last UDP RSSI : -29 dBm
2026-05-27T22:14:48,RAW,====================================
2026-05-27T22:14:48,CSI,"CSI_DATA,183,331469,-25,6,256,0 0 -10 -14 -13 -15 -14 -16 -14 -17 -14 -17 -13 -16 -11 -14 -10 -12 -8 -9 -7 -6 -5 -3 -3 -1 -1 2 0 5 2 7 3 9 3 11 3 13 2 14 2 15 1 14 -1 13 -1 12 -1 10 -2 8 -2 5 0 0 0 0 0 0 0 0 0 0 0 0 0 0 0 0 0 0 0 0 0 0 -13 7 -13 5 -13 4 -11 2 -9 1 -6 1 -3 1 -1 2 3 3 5 4 8 6 10 7 12 9 13 9 13 10 15 10 14 9 14 10 13 9 11 7 8 5 6 3 3 0 0 -4 -3 -6 -6 -9"
2026-05-27T22:14:48,RAW,========== UDP DEBUG ==========
2026-05-27T22:14:48,RAW,Packet Size : 25
2026-05-27T22:14:48,RAW,Remote IP   : 172.20.10.5
2026-05-27T22:14:48,RAW,Remote Port : 56939
2026-05-27T22:14:48,RAW,"Last UDP    : PING,116,1779891288.90874"
2026-05-27T22:14:48,RAW,"ACK Message : ACK,PING,116,1779891288.90874,RSSI=-29"
2026-05-27T22:14:48,RAW,beginPacket : 1
2026-05-27T22:14:48,RAW,endPacket   : 1
2026-05-27T22:14:48,RAW,===============================
2026-05-27T22:14:49,RAW,========== CURRENT SUMMARY ==========
2026-05-27T22:14:49,RAW,WiFi Status   : Connected
2026-05-27T22:14:49,RAW,ESP32 IP      : 172.20.10.14
2026-05-27T22:14:49,RAW,RSSI          : -29 dBm
2026-05-27T22:14:49,RAW,UDP Count     : 116
2026-05-27T22:14:49,RAW,CSI Count     : 183
2026-05-27T22:14:49,RAW,"Last UDP      : PING,116,1779891288.90874"
2026-05-27T22:14:49,RAW,"Last ACK      : ACK,PING,116,1779891288.90874,RSSI=-29"
2026-05-27T22:14:49,RAW,Last UDP RSSI : -29 dBm
2026-05-27T22:14:49,RAW,====================================
2026-05-27T22:14:50,CSI,"CSI_DATA,184,332596,-26,6,256,0 0 -4 17 -5 18 -5 20 -5 20 -5 20 -5 18 -4 17 -3 15 -2 12 -1 9 0 6 1 3 2 0 3 -3 4 -6 6 -8 6 -9 8 -10 9 -11 10 -11 11 -10 11 -9 11 -7 10 -6 9 -4 7 -3 0 0 0 0 0 0 0 0 0 0 0 0 0 0 0 0 0 0 0 0 0 0 13 3 11 5 9 5 7 4 5 3 3 1 1 -1 0 -4 -1 -7 -1 -9 -2 -12 -2 -14 -2 -16 -2 -18 -2 -19 -2 -18 -2 -19 -2 -17 -2 -15 -2 -13 -2 -10 -3 -7 -2 -2 -3 2 -3 6 -4 10"
2026-05-27T22:14:50,RAW,========== UDP DEBUG ==========
2026-05-27T22:14:50,RAW,Packet Size : 26
2026-05-27T22:14:50,RAW,Remote IP   : 172.20.10.5
2026-05-27T22:14:50,RAW,Remote Port : 56939
2026-05-27T22:14:50,RAW,"Last UDP    : PING,117,1779891290.003267"
2026-05-27T22:14:50,RAW,"ACK Message : ACK,PING,117,1779891290.003267,RSSI=-28"
2026-05-27T22:14:50,RAW,beginPacket : 1
2026-05-27T22:14:50,RAW,endPacket   : 1
2026-05-27T22:14:50,RAW,===============================
2026-05-27T22:14:50,RAW,========== CURRENT SUMMARY ==========
2026-05-27T22:14:50,RAW,WiFi Status   : Connected
2026-05-27T22:14:50,RAW,ESP32 IP      : 172.20.10.14
2026-05-27T22:14:50,RAW,RSSI          : -28 dBm
2026-05-27T22:14:50,RAW,UDP Count     : 117
2026-05-27T22:14:50,RAW,CSI Count     : 184
2026-05-27T22:14:50,RAW,"Last UDP      : PING,117,1779891290.003267"
2026-05-27T22:14:50,RAW,"Last ACK      : ACK,PING,117,1779891290.003267,RSSI=-28"
2026-05-27T22:14:50,RAW,Last UDP RSSI : -28 dBm
2026-05-27T22:14:50,RAW,====================================
2026-05-27T22:14:51,CSI,"CSI_DATA,185,333721,-26,6,128,0 0 7 16 11 17 11 18 10 20 11 19 10 17 8 16 7 12 6 9 5 5 3 3 2 -1 0 -4 0 -7 -2 -11 -1 -13 0 -15 0 -16 1 -17 2 -17 3 -15 3 -14 4 -12 5 -9 3 -7 2 -4 0 0 0 0 0 0 0 0 0 0 0 0 0 0 0 0 0 0 0 0 0 0 13 -10 13 -7 13 -7 12 -5 11 -3 8 -2 4 -2 2 -3 -3 -3 -5 -6 -8 -8 -10 -9 -12 -10 -13 -12 -14 -14 -17 -11 -16 -11 -16 -14 -15 -11 -12 -10 -10 -8 -7 -4 -5 0 -1 3 1 7 5 9"
2026-05-27T22:14:51,CSI,"CSI_DATA,186,334030,-25,6,256,0 0 3 -18 3 -18 4 -21 3 -20 3 -21 3 -19 2 -17 1 -15 1 -12 0 -9 -1 -6 -2 -3 -3 1 -5 4 -5 6 -7 8 -7 9 -9 11 -10 10 -10 10 -11 9 -11 8 -10 6 -9 5 -8 3 -6 2 0 0 0 0 0 0 0 0 0 0 0 0 0 0 0 0 0 0 0 0 0 0 -14 -4 -14 -6 -11 -6 -10 -7 -7 -5 -5 -4 -3 -1 -2 1 -1 4 0 6 1 9 2 12 2 14 2 16 2 18 1 17 1 18 1 15 1 15 2 13 2 9 2 6 1 2 2 -2 2 -6 2 -11"
2026-05-27T22:14:51,RAW,========== UDP DEBUG ==========
2026-05-27T22:14:51,RAW,Packet Size : 27
2026-05-27T22:14:51,RAW,Remote IP   : 172.20.10.5
2026-05-27T22:14:51,RAW,Remote Port : 56939
2026-05-27T22:14:51,RAW,"Last UDP    : PING,118,1779891291.1296902"
2026-05-27T22:14:51,RAW,"ACK Message : ACK,PING,118,1779891291.1296902,RSSI=-28"
2026-05-27T22:14:51,RAW,beginPacket : 1
2026-05-27T22:14:51,RAW,endPacket   : 1
2026-05-27T22:14:51,RAW,===============================
2026-05-27T22:14:51,RAW,========== CURRENT SUMMARY ==========
2026-05-27T22:14:51,RAW,WiFi Status   : Connected
2026-05-27T22:14:51,RAW,ESP32 IP      : 172.20.10.14
2026-05-27T22:14:51,RAW,RSSI          : -28 dBm
2026-05-27T22:14:51,RAW,UDP Count     : 118
2026-05-27T22:14:51,RAW,CSI Count     : 186
2026-05-27T22:14:51,RAW,"Last UDP      : PING,118,1779891291.1296902"
2026-05-27T22:14:51,RAW,"Last ACK      : ACK,PING,118,1779891291.1296902,RSSI=-28"
2026-05-27T22:14:51,RAW,Last UDP RSSI : -28 dBm
2026-05-27T22:14:51,RAW,====================================
2026-05-27T22:14:52,CSI,"CSI_DATA,187,335258,-25,6,256,0 0 8 -14 9 -16 9 -17 11 -18 11 -16 10 -16 9 -15 8 -13 6 -11 5 -9 2 -7 0 -5 -3 -4 -5 -3 -8 -3 -10 -2 -12 -3 -12 -4 -14 -4 -14 -6 -13 -7 -12 -8 -10 -9 -7 -9 -5 -8 -4 -7 0 0 0 0 0 0 0 0 0 0 0 0 0 0 0 0 0 0 0 0 0 0 -9 11 -10 9 -11 8 -10 5 -9 4 -7 3 -4 3 -2 3 1 4 2 6 4 8 5 10 6 12 7 14 8 14 9 15 8 15 8 15 6 14 7 12 6 10 5 7 5 4 5 0 5 -4 6 -8"
2026-05-27T22:14:52,RAW,========== UDP DEBUG ==========
2026-05-27T22:14:52,RAW,Packet Size : 26
2026-05-27T22:14:52,RAW,Remote IP   : 172.20.10.5
2026-05-27T22:14:52,RAW,Remote Port : 56939
2026-05-27T22:14:52,RAW,"Last UDP    : PING,119,1779891292.656637"
2026-05-27T22:14:52,RAW,"ACK Message : ACK,PING,119,1779891292.656637,RSSI=-30"
2026-05-27T22:14:52,RAW,beginPacket : 1
2026-05-27T22:14:52,RAW,endPacket   : 1
2026-05-27T22:14:52,RAW,===============================
2026-05-27T22:14:52,RAW,========== CURRENT SUMMARY ==========
2026-05-27T22:14:52,RAW,WiFi Status   : Connected
2026-05-27T22:14:52,RAW,ESP32 IP      : 172.20.10.14
2026-05-27T22:14:52,RAW,RSSI          : -30 dBm
2026-05-27T22:14:52,RAW,UDP Count     : 119
2026-05-27T22:14:52,RAW,CSI Count     : 187
2026-05-27T22:14:52,RAW,"Last UDP      : PING,119,1779891292.656637"
2026-05-27T22:14:52,RAW,"Last ACK      : ACK,PING,119,1779891292.656637,RSSI=-30"
2026-05-27T22:14:52,RAW,Last UDP RSSI : -30 dBm
2026-05-27T22:14:52,RAW,====================================
2026-05-27T22:14:53,RAW,========== CURRENT SUMMARY ==========
2026-05-27T22:14:53,RAW,WiFi Status   : Connected
2026-05-27T22:14:53,RAW,ESP32 IP      : 172.20.10.14
2026-05-27T22:14:53,RAW,RSSI          : -30 dBm
2026-05-27T22:14:53,RAW,UDP Count     : 119
2026-05-27T22:14:53,RAW,CSI Count     : 187
2026-05-27T22:14:53,RAW,"Last UDP      : PING,119,1779891292.656637"
2026-05-27T22:14:53,RAW,"Last ACK      : ACK,PING,119,1779891292.656637,RSSI=-30"
2026-05-27T22:14:53,RAW,Last UDP RSSI : -30 dBm
2026-05-27T22:14:53,RAW,====================================
2026-05-27T22:14:53,CSI,"CSI_DATA,188,336385,-25,6,256,0 0 -9 -15 -12 -17 -12 -17 -13 -19 -12 -18 -11 -18 -10 -16 -9 -14 -7 -11 -7 -8 -6 -5 -4 -2 -2 1 -1 3 0 7 0 8 0 11 0 12 -1 14 -2 15 -3 14 -4 14 -5 13 -5 11 -5 9 -5 6 0 0 0 0 0 0 0 0 0 0 0 0 0 0 0 0 0 0 0 0 0 0 -12 8 -11 5 -11 4 -9 3 -7 1 -4 1 -1 2 1 3 4 4 7 5 9 7 11 8 12 9 13 10 13 11 15 11 14 10 14 10 12 8 10 7 8 5 5 2 3 -1 0 -4 -3 -7 -5 -10"
2026-05-27T22:14:53,RAW,========== UDP DEBUG ==========
2026-05-27T22:14:53,RAW,Packet Size : 27
2026-05-27T22:14:53,RAW,Remote IP   : 172.20.10.5
2026-05-27T22:14:53,RAW,Remote Port : 56939
2026-05-27T22:14:53,RAW,"Last UDP    : PING,120,1779891293.7921312"
2026-05-27T22:14:53,RAW,"ACK Message : ACK,PING,120,1779891293.7921312,RSSI=-28"
2026-05-27T22:14:53,RAW,beginPacket : 1
2026-05-27T22:14:53,RAW,endPacket   : 1
2026-05-27T22:14:53,RAW,===============================
2026-05-27T22:14:54,RAW,========== CURRENT SUMMARY ==========
2026-05-27T22:14:54,RAW,WiFi Status   : Connected
2026-05-27T22:14:54,RAW,ESP32 IP      : 172.20.10.14
2026-05-27T22:14:54,RAW,RSSI          : -28 dBm
2026-05-27T22:14:54,RAW,UDP Count     : 120
2026-05-27T22:14:54,RAW,CSI Count     : 188
2026-05-27T22:14:54,RAW,"Last UDP      : PING,120,1779891293.7921312"
2026-05-27T22:14:54,RAW,"Last ACK      : ACK,PING,120,1779891293.7921312,RSSI=-28"
2026-05-27T22:14:54,RAW,Last UDP RSSI : -28 dBm
2026-05-27T22:14:54,RAW,====================================
2026-05-27T22:14:55,CSI,"CSI_DATA,189,337515,-26,6,256,0 0 14 -10 16 -12 16 -13 18 -13 17 -12 16 -12 15 -11 13 -10 10 -8 8 -7 5 -5 2 -4 -1 -3 -4 -3 -8 -2 -10 -2 -12 -3 -13 -4 -14 -4 -15 -6 -14 -7 -14 -8 -12 -9 -9 -9 -7 -9 -5 -8 0 0 0 0 0 0 0 0 0 0 0 0 0 0 0 0 0 0 0 0 0 0 -14 -5 -12 -7 -11 -6 -8 -6 -6 -5 -4 -3 -3 1 -3 3 -2 6 -4 9 -5 11 -6 13 -7 15 -7 16 -7 17 -6 18 -6 16 -7 16 -6 14 -4 12 -3 10 -1 7 1 3 4 0 7 -3 9 -6"
2026-05-27T22:14:55,RAW,========== UDP DEBUG ==========
2026-05-27T22:14:55,RAW,Packet Size : 26
2026-05-27T22:14:55,RAW,Remote IP   : 172.20.10.5
2026-05-27T22:14:55,RAW,Remote Port : 56939
2026-05-27T22:14:55,RAW,"Last UDP    : PING,121,1779891294.918199"
2026-05-27T22:14:55,RAW,"ACK Message : ACK,PING,121,1779891294.918199,RSSI=-29"
2026-05-27T22:14:55,RAW,beginPacket : 1
2026-05-27T22:14:55,RAW,endPacket   : 1
2026-05-27T22:14:55,RAW,===============================
2026-05-27T22:14:55,RAW,========== CURRENT SUMMARY ==========
2026-05-27T22:14:55,RAW,WiFi Status   : Connected
2026-05-27T22:14:55,RAW,ESP32 IP      : 172.20.10.14
2026-05-27T22:14:55,RAW,RSSI          : -29 dBm
2026-05-27T22:14:55,RAW,UDP Count     : 121
2026-05-27T22:14:55,RAW,CSI Count     : 189
2026-05-27T22:14:55,RAW,"Last UDP      : PING,121,1779891294.918199"
2026-05-27T22:14:55,RAW,"Last ACK      : ACK,PING,121,1779891294.918199,RSSI=-29"
2026-05-27T22:14:55,RAW,Last UDP RSSI : -29 dBm
2026-05-27T22:14:55,RAW,====================================
2026-05-27T22:14:56,CSI,"CSI_DATA,190,338636,-26,6,128,0 0 -1 -21 -3 -20 -3 -24 -3 -21 -4 -22 0 -19 -1 -18 -1 -17 -2 -14 -3 -9 -4 -4 -4 -2 -2 2 -3 7 -2 8 -4 12 -2 12 -3 14 -6 13 -7 13 -9 14 -9 13 -7 11 -4 10 -4 9 -4 6 0 0 0 0 0 0 0 0 0 0 0 0 0 0 0 0 0 0 0 0 0 0 -16 -3 -16 -5 -11 -7 -11 -6 -7 -5 -6 -3 -3 -2 -2 1 -2 5 1 6 4 9 5 12 6 13 8 16 6 20 4 17 6 20 4 15 5 15 2 12 2 10 3 8 2 3 1 -3 0 -8 -1 -11"
2026-05-27T22:14:56,CSI,"CSI_DATA,191,338842,-25,6,256,0 0 -15 6 -17 6 -20 6 -19 6 -20 6 -19 6 -17 5 -15 5 -12 4 -9 3 -7 3 -3 3 -1 4 2 4 4 5 7 7 7 7 9 9 9 10 8 11 7 12 5 12 4 11 2 10 1 9 0 7 0 0 0 0 0 0 0 0 0 0 0 0 0 0 0 0 0 0 0 0 0 0 14 -2 14 0 12 1 11 3 9 2 7 1 5 0 3 -2 2 -5 1 -7 1 -10 1 -12 2 -15 2 -16 3 -18 4 -17 4 -18 4 -17 3 -17 3 -15 2 -12 0 -10 -2 -6 -4 -4 -7 -1 -10 2"
2026-05-27T22:14:56,RAW,========== UDP DEBUG ==========
2026-05-27T22:14:56,RAW,Packet Size : 27
2026-05-27T22:14:56,RAW,Remote IP   : 172.20.10.5
2026-05-27T22:14:56,RAW,Remote Port : 56939
2026-05-27T22:14:56,RAW,"Last UDP    : PING,122,1779891296.0523908"
2026-05-27T22:14:56,RAW,"ACK Message : ACK,PING,122,1779891296.0523908,RSSI=-28"
2026-05-27T22:14:56,RAW,beginPacket : 1
2026-05-27T22:14:56,RAW,endPacket   : 1
2026-05-27T22:14:56,RAW,===============================
2026-05-27T22:14:56,RAW,========== CURRENT SUMMARY ==========
2026-05-27T22:14:56,RAW,WiFi Status   : Connected
2026-05-27T22:14:56,RAW,ESP32 IP      : 172.20.10.14
2026-05-27T22:14:56,RAW,RSSI          : -28 dBm
2026-05-27T22:14:56,RAW,UDP Count     : 122
2026-05-27T22:14:56,RAW,CSI Count     : 191
2026-05-27T22:14:56,RAW,"Last UDP      : PING,122,1779891296.0523908"
2026-05-27T22:14:56,RAW,"Last ACK      : ACK,PING,122,1779891296.0523908,RSSI=-28"
2026-05-27T22:14:56,RAW,Last UDP RSSI : -28 dBm
2026-05-27T22:14:56,RAW,====================================
2026-05-27T22:14:57,CSI,"CSI_DATA,192,340071,-26,6,256,0 0 15 5 18 4 18 5 20 6 19 6 18 7 17 7 15 6 12 4 10 3 8 1 5 -1 3 -3 2 -5 1 -8 0 -9 -1 -11 0 -13 1 -14 3 -15 4 -14 5 -14 6 -13 6 -11 6 -9 6 -7 0 0 0 0 0 0 0 0 0 0 0 0 0 0 0 0 0 0 0 0 0 0 -14 -5 -12 -6 -11 -7 -9 -6 -7 -6 -6 -4 -5 -1 -5 1 -6 4 -7 6 -8 8 -9 10 -11 11 -12 12 -13 12 -14 13 -13 12 -14 12 -12 11 -11 10 -9 8 -6 7 -2 6 2 5 5 4 9 4"
2026-05-27T22:14:57,RAW,========== UDP DEBUG ==========
2026-05-27T22:14:57,RAW,Packet Size : 26
2026-05-27T22:14:57,RAW,Remote IP   : 172.20.10.5
2026-05-27T22:14:57,RAW,Remote Port : 56939
2026-05-27T22:14:57,RAW,"Last UDP    : PING,123,1779891297.487964"
2026-05-27T22:14:57,RAW,"ACK Message : ACK,PING,123,1779891297.487964,RSSI=-30"
2026-05-27T22:14:57,RAW,beginPacket : 1
2026-05-27T22:14:57,RAW,endPacket   : 1
2026-05-27T22:14:57,RAW,===============================
2026-05-27T22:14:57,RAW,========== CURRENT SUMMARY ==========
2026-05-27T22:14:57,RAW,WiFi Status   : Connected
2026-05-27T22:14:57,RAW,ESP32 IP      : 172.20.10.14
2026-05-27T22:14:57,RAW,RSSI          : -30 dBm
2026-05-27T22:14:57,RAW,UDP Count     : 123
2026-05-27T22:14:57,RAW,CSI Count     : 192
2026-05-27T22:14:57,RAW,"Last UDP      : PING,123,1779891297.487964"
2026-05-27T22:14:57,RAW,"Last ACK      : ACK,PING,123,1779891297.487964,RSSI=-30"
2026-05-27T22:14:57,RAW,Last UDP RSSI : -30 dBm
2026-05-27T22:14:57,RAW,====================================
2026-05-27T22:14:58,CSI,"CSI_DATA,193,341198,-26,6,256,0 0 -16 -8 -20 -8 -20 -8 -22 -9 -21 -9 -20 -9 -18 -8 -15 -7 -13 -5 -10 -3 -7 -1 -3 0 0 1 3 3 6 5 7 6 9 8 10 10 10 11 9 12 8 13 7 12 6 12 4 10 3 8 1 6 0 0 0 0 0 0 0 0 0 0 0 0 0 0 0 0 0 0 0 0 0 0 -10 13 -10 10 -11 9 -10 7 -9 5 -6 4 -3 2 0 2 3 1 7 2 10 2 13 2 15 3 17 2 17 4 19 2 19 3 19 3 17 2 15 2 11 1 8 0 3 -2 -1 -3 -6 -4 -9 -6"
2026-05-27T22:14:58,RAW,========== UDP DEBUG ==========
2026-05-27T22:14:58,RAW,Packet Size : 26
2026-05-27T22:14:58,RAW,Remote IP   : 172.20.10.5
2026-05-27T22:14:58,RAW,Remote Port : 56939
2026-05-27T22:14:58,RAW,"Last UDP    : PING,124,1779891298.604634"
2026-05-27T22:14:58,RAW,"ACK Message : ACK,PING,124,1779891298.604634,RSSI=-28"
2026-05-27T22:14:58,RAW,beginPacket : 1
2026-05-27T22:14:58,RAW,endPacket   : 1
2026-05-27T22:14:58,RAW,===============================
2026-05-27T22:14:58,RAW,========== CURRENT SUMMARY ==========
2026-05-27T22:14:58,RAW,WiFi Status   : Connected
2026-05-27T22:14:58,RAW,ESP32 IP      : 172.20.10.14
2026-05-27T22:14:58,RAW,RSSI          : -28 dBm
2026-05-27T22:14:58,RAW,UDP Count     : 124
2026-05-27T22:14:58,RAW,CSI Count     : 193
2026-05-27T22:14:58,RAW,"Last UDP      : PING,124,1779891298.604634"
2026-05-27T22:14:58,RAW,"Last ACK      : ACK,PING,124,1779891298.604634,RSSI=-28"
2026-05-27T22:14:58,RAW,Last UDP RSSI : -28 dBm
2026-05-27T22:14:58,RAW,====================================
2026-05-27T22:14:59,RAW,========== CURRENT SUMMARY ==========
2026-05-27T22:14:59,RAW,WiFi Status   : Connected
2026-05-27T22:14:59,RAW,ESP32 IP      : 172.20.10.14
2026-05-27T22:14:59,RAW,RSSI          : -28 dBm
2026-05-27T22:14:59,RAW,UDP Count     : 124
2026-05-27T22:14:59,RAW,CSI Count     : 193
2026-05-27T22:14:59,RAW,"Last UDP      : PING,124,1779891298.604634"
2026-05-27T22:14:59,RAW,"Last ACK      : ACK,PING,124,1779891298.604634,RSSI=-28"
2026-05-27T22:14:59,RAW,Last UDP RSSI : -28 dBm
2026-05-27T22:14:59,RAW,====================================
2026-05-27T22:14:59,CSI,"CSI_DATA,194,342324,-26,6,256,0 0 -11 -16 -11 -16 -13 -19 -12 -17 -13 -18 -12 -17 -11 -15 -10 -14 -9 -11 -7 -8 -6 -5 -5 -2 -3 0 -1 4 0 5 0 9 0 10 0 13 -1 13 -1 14 -2 15 -4 14 -4 12 -4 11 -5 9 -5 7 0 0 0 0 0 0 0 0 0 0 0 0 0 0 0 0 0 0 0 0 0 0 -11 10 -12 8 -10 5 -10 4 -6 2 -4 2 -2 2 2 2 4 4 7 3 10 5 12 6 14 7 15 8 17 10 14 10 16 11 13 8 13 8 11 6 9 4 6 2 3 0 0 -3 -3 -6 -6 -10"
2026-05-27T22:14:59,RAW,========== UDP DEBUG ==========
2026-05-27T22:14:59,RAW,Packet Size : 27
2026-05-27T22:14:59,RAW,Remote IP   : 172.20.10.5
2026-05-27T22:14:59,RAW,Remote Port : 56939
2026-05-27T22:14:59,RAW,"Last UDP    : PING,125,1779891299.7315142"
2026-05-27T22:14:59,RAW,"ACK Message : ACK,PING,125,1779891299.7315142,RSSI=-29"
2026-05-27T22:14:59,RAW,beginPacket : 1
2026-05-27T22:14:59,RAW,endPacket   : 1
2026-05-27T22:14:59,RAW,===============================
2026-05-27T22:15:00,RAW,========== CURRENT SUMMARY ==========
2026-05-27T22:15:00,RAW,WiFi Status   : Connected
2026-05-27T22:15:00,RAW,ESP32 IP      : 172.20.10.14
2026-05-27T22:15:00,RAW,RSSI          : -29 dBm
2026-05-27T22:15:00,RAW,UDP Count     : 125
2026-05-27T22:15:00,RAW,CSI Count     : 194
2026-05-27T22:15:00,RAW,"Last UDP      : PING,125,1779891299.7315142"
2026-05-27T22:15:00,RAW,"Last ACK      : ACK,PING,125,1779891299.7315142,RSSI=-29"
2026-05-27T22:15:00,RAW,Last UDP RSSI : -29 dBm
2026-05-27T22:15:00,RAW,====================================
2026-05-27T22:15:00,CSI,"CSI_DATA,195,343466,-26,6,256,0 0 -10 14 -10 15 -12 17 -11 16 -11 18 -10 16 -8 15 -7 13 -6 10 -4 8 -3 5 -1 3 1 0 3 -2 4 -4 6 -6 8 -7 9 -9 10 -9 11 -9 12 -8 12 -7 11 -6 11 -4 9 -3 8 -1 0 0 0 0 0 0 0 0 0 0 0 0 0 0 0 0 0 0 0 0 0 0 8 10 7 11 4 9 3 8 2 5 2 3 1 0 1 -3 2 -6 2 -8 3 -11 4 -13 5 -15 6 -17 6 -18 7 -17 7 -17 5 -15 5 -15 4 -13 2 -10 0 -7 -1 -3 -2 1 -4 4 -6 8"
2026-05-27T22:15:00,RAW,========== UDP DEBUG ==========
2026-05-27T22:15:00,RAW,Packet Size : 26
2026-05-27T22:15:00,RAW,Remote IP   : 172.20.10.5
2026-05-27T22:15:00,RAW,Remote Port : 56939
2026-05-27T22:15:00,RAW,"Last UDP    : PING,126,1779891300.857236"
2026-05-27T22:15:00,RAW,"ACK Message : ACK,PING,126,1779891300.857236,RSSI=-28"
2026-05-27T22:15:00,RAW,beginPacket : 1
2026-05-27T22:15:00,RAW,endPacket   : 1
2026-05-27T22:15:00,RAW,===============================
2026-05-27T22:15:01,CSI,"CSI_DATA,196,343653,-26,6,128,0 0 10 -17 5 -13 13 -24 7 -14 10 -26 10 -18 7 -16 6 -15 3 -12 0 -8 0 -8 -2 -5 -2 -1 -5 3 -3 4 -7 9 -4 6 -9 14 -10 11 -10 11 -11 11 -10 10 -7 8 -9 9 -7 8 -8 6 0 0 0 0 0 0 0 0 0 0 0 0 0 0 0 0 0 0 0 0 0 0 -5 -13 -3 -17 0 -9 -1 -12 0 -5 -2 -5 -2 -1 -4 2 -6 4 -4 5 -6 10 -7 12 -8 15 -8 16 -13 20 -8 11 -13 19 -7 10 -9 17 -7 10 -5 8 -1 5 0 2 1 -1 4 -4 6 -10"
2026-05-27T22:15:01,RAW,========== CURRENT SUMMARY ==========
2026-05-27T22:15:01,RAW,WiFi Status   : Connected
2026-05-27T22:15:01,RAW,ESP32 IP      : 172.20.10.14
2026-05-27T22:15:01,RAW,RSSI          : -28 dBm
2026-05-27T22:15:01,RAW,UDP Count     : 126
2026-05-27T22:15:01,RAW,CSI Count     : 196
2026-05-27T22:15:01,RAW,"Last UDP      : PING,126,1779891300.857236"
2026-05-27T22:15:01,RAW,"Last ACK      : ACK,PING,126,1779891300.857236,RSSI=-28"
2026-05-27T22:15:01,RAW,Last UDP RSSI : -28 dBm
2026-05-27T22:15:01,RAW,====================================
2026-05-27T22:15:02,CSI,"CSI_DATA,197,344576,-26,6,256,0 0 -11 -13 -14 -15 -14 -16 -15 -17 -14 -16 -13 -15 -12 -14 -10 -12 -9 -9 -7 -6 -5 -3 -3 -1 -1 2 1 4 3 7 3 9 4 11 4 13 3 14 3 14 2 14 1 13 0 12 -1 10 -2 8 -2 5 0 0 0 0 0 0 0 0 0 0 0 0 0 0 0 0 0 0 0 0 0 0 -13 7 -13 4 -13 3 -11 2 -9 0 -6 0 -3 1 0 2 3 2 5 4 8 6 10 7 12 9 13 9 13 10 15 10 14 10 14 10 13 8 11 7 8 5 6 3 3 0 -1 -3 -4 -6 -7 -9"
2026-05-27T22:15:02,RAW,========== UDP DEBUG ==========
2026-05-27T22:15:02,RAW,Packet Size : 27
2026-05-27T22:15:02,RAW,Remote IP   : 172.20.10.5
2026-05-27T22:15:02,RAW,Remote Port : 56939
2026-05-27T22:15:02,RAW,"Last UDP    : PING,127,1779891302.0010161"
2026-05-27T22:15:02,RAW,"ACK Message : ACK,PING,127,1779891302.0010161,RSSI=-28"
2026-05-27T22:15:02,RAW,beginPacket : 1
2026-05-27T22:15:02,RAW,endPacket   : 1
2026-05-27T22:15:02,RAW,===============================
2026-05-27T22:15:02,RAW,========== CURRENT SUMMARY ==========
2026-05-27T22:15:02,RAW,WiFi Status   : Connected
2026-05-27T22:15:02,RAW,ESP32 IP      : 172.20.10.14
2026-05-27T22:15:02,RAW,RSSI          : -28 dBm
2026-05-27T22:15:02,RAW,UDP Count     : 127
2026-05-27T22:15:02,RAW,CSI Count     : 197
2026-05-27T22:15:02,RAW,"Last UDP      : PING,127,1779891302.0010161"
2026-05-27T22:15:02,RAW,"Last ACK      : ACK,PING,127,1779891302.0010161,RSSI=-28"
2026-05-27T22:15:02,RAW,Last UDP RSSI : -28 dBm
2026-05-27T22:15:02,RAW,====================================
2026-05-27T22:15:03,CSI,"CSI_DATA,198,345703,-26,6,256,0 0 9 13 11 15 12 15 13 17 12 16 11 15 10 13 9 11 7 8 5 5 4 2 1 -1 -1 -3 -2 -5 -4 -8 -5 -10 -6 -12 -6 -13 -6 -14 -5 -15 -4 -15 -3 -14 -2 -13 -1 -11 0 -8 0 -6 0 0 0 0 0 0 0 0 0 0 0 0 0 0 0 0 0 0 0 0 0 0 14 -3 13 0 12 1 10 1 8 1 5 1 2 -1 0 -2 -3 -4 -5 -7 -7 -9 -9 -11 -10 -12 -11 -13 -12 -14 -13 -14 -13 -13 -13 -14 -12 -12 -10 -10 -8 -8 -6 -5 -3 -1 0 2 3 5 5 9"
2026-05-27T22:15:03,RAW,========== UDP DEBUG ==========
2026-05-27T22:15:03,RAW,Packet Size : 26
2026-05-27T22:15:03,RAW,Remote IP   : 172.20.10.5
2026-05-27T22:15:03,RAW,Remote Port : 56939
2026-05-27T22:15:03,RAW,"Last UDP    : PING,128,1779891303.111252"
2026-05-27T22:15:03,RAW,"ACK Message : ACK,PING,128,1779891303.111252,RSSI=-28"
2026-05-27T22:15:03,RAW,beginPacket : 1
2026-05-27T22:15:03,RAW,endPacket   : 1
2026-05-27T22:15:03,RAW,===============================
2026-05-27T22:15:03,RAW,========== CURRENT SUMMARY ==========
2026-05-27T22:15:03,RAW,WiFi Status   : Connected
2026-05-27T22:15:03,RAW,ESP32 IP      : 172.20.10.14
2026-05-27T22:15:03,RAW,RSSI          : -28 dBm
2026-05-27T22:15:03,RAW,UDP Count     : 128
2026-05-27T22:15:03,RAW,CSI Count     : 198
2026-05-27T22:15:03,RAW,"Last UDP      : PING,128,1779891303.111252"
2026-05-27T22:15:03,RAW,"Last ACK      : ACK,PING,128,1779891303.111252,RSSI=-28"
2026-05-27T22:15:03,RAW,Last UDP RSSI : -28 dBm
2026-05-27T22:15:03,RAW,====================================
2026-05-27T22:15:04,CSI,"CSI_DATA,199,346830,-26,6,256,0 0 -6 -18 -6 -19 -7 -22 -7 -20 -7 -21 -7 -19 -6 -16 -6 -13 -5 -10 -4 -7 -3 -4 -2 0 -2 3 -1 7 -1 8 -1 12 -1 12 -2 15 -3 14 -3 14 -4 13 -5 12 -4 10 -5 8 -4 6 -2 4 0 0 0 0 0 0 0 0 0 0 0 0 0 0 0 0 0 0 0 0 0 0 -15 1 -16 -1 -13 -2 -13 -4 -10 -3 -8 -3 -5 -2 -2 0 0 3 2 4 4 7 6 10 7 12 8 14 10 16 8 15 9 17 8 14 8 14 8 11 6 9 5 5 2 1 0 -2 -1 -7 -3 -11"
2026-05-27T22:15:04,RAW,========== UDP DEBUG ==========
2026-05-27T22:15:04,RAW,Packet Size : 26
2026-05-27T22:15:04,RAW,Remote IP   : 172.20.10.5
2026-05-27T22:15:04,RAW,Remote Port : 56939
2026-05-27T22:15:04,RAW,"Last UDP    : PING,129,1779891304.232251"
2026-05-27T22:15:04,RAW,"ACK Message : ACK,PING,129,1779891304.232251,RSSI=-28"
2026-05-27T22:15:04,RAW,beginPacket : 1
2026-05-27T22:15:04,RAW,endPacket   : 1
2026-05-27T22:15:04,RAW,===============================
2026-05-27T22:15:04,RAW,========== CURRENT SUMMARY ==========
2026-05-27T22:15:04,RAW,WiFi Status   : Connected
2026-05-27T22:15:04,RAW,ESP32 IP      : 172.20.10.14
2026-05-27T22:15:04,RAW,RSSI          : -28 dBm
2026-05-27T22:15:04,RAW,UDP Count     : 129
2026-05-27T22:15:04,RAW,CSI Count     : 199
2026-05-27T22:15:04,RAW,"Last UDP      : PING,129,1779891304.232251"
2026-05-27T22:15:04,RAW,"Last ACK      : ACK,PING,129,1779891304.232251,RSSI=-28"
2026-05-27T22:15:04,RAW,Last UDP RSSI : -28 dBm
2026-05-27T22:15:04,RAW,====================================
2026-05-27T22:15:05,CSI,"CSI_DATA,200,347853,-26,6,256,0 0 -16 5 -19 7 -19 7 -21 7 -19 7 -18 6 -17 6 -14 5 -11 4 -8 4 -4 3 -1 1 2 1 5 0 8 -1 10 -1 12 -1 13 -1 14 0 14 1 14 2 13 3 11 3 10 3 7 3 5 2 0 0 0 0 0 0 0 0 0 0 0 0 0 0 0 0 0 0 0 0 0 0 1 14 -2 13 -3 12 -3 10 -3 8 -2 5 -1 2 1 0 3 -2 6 -4 9 -6 11 -7 13 -9 14 -9 15 -9 15 -10 14 -10 15 -10 13 -9 11 -7 8 -7 4 -5 1 -3 -3 -1 -7 1 -10 2"
2026-05-27T22:15:05,RAW,========== UDP DEBUG ==========
2026-05-27T22:15:05,RAW,Packet Size : 25
2026-05-27T22:15:05,RAW,Remote IP   : 172.20.10.5
2026-05-27T22:15:05,RAW,Remote Port : 56939
2026-05-27T22:15:05,RAW,"Last UDP    : PING,130,1779891305.36247"
2026-05-27T22:15:05,RAW,"ACK Message : ACK,PING,130,1779891305.36247,RSSI=-28"
2026-05-27T22:15:05,RAW,beginPacket : 1
2026-05-27T22:15:05,RAW,endPacket   : 1
2026-05-27T22:15:05,RAW,===============================
2026-05-27T22:15:05,RAW,========== CURRENT SUMMARY ==========
2026-05-27T22:15:05,RAW,WiFi Status   : Connected
2026-05-27T22:15:05,RAW,ESP32 IP      : 172.20.10.14
2026-05-27T22:15:05,RAW,RSSI          : -28 dBm
2026-05-27T22:15:05,RAW,UDP Count     : 130
2026-05-27T22:15:05,RAW,CSI Count     : 200
2026-05-27T22:15:05,RAW,"Last UDP      : PING,130,1779891305.36247"
2026-05-27T22:15:05,RAW,"Last ACK      : ACK,PING,130,1779891305.36247,RSSI=-28"
2026-05-27T22:15:05,RAW,Last UDP RSSI : -28 dBm
2026-05-27T22:15:05,RAW,====================================
2026-05-27T22:15:06,CSI,"CSI_DATA,201,348773,-26,6,128,0 0 -17 -9 -15 -11 -20 -11 -18 -8 -17 -12 -16 -10 -15 -10 -13 -9 -10 -6 -8 -5 -6 0 -3 0 0 3 4 4 4 5 8 7 9 6 8 10 8 11 8 12 8 13 5 12 5 10 5 7 3 7 3 5 0 0 0 0 0 0 0 0 0 0 0 0 0 0 0 0 0 0 0 0 0 0 -13 6 -14 6 -11 2 -11 1 -7 1 -6 1 -4 2 0 1 2 3 6 2 9 3 11 6 12 8 15 7 18 7 13 8 17 8 13 4 13 6 11 4 9 4 6 1 2 1 -1 -3 -5 -4 -7 -9"
2026-05-27T22:15:06,CSI,"CSI_DATA,202,348877,-26,6,256,0 0 -17 -6 -17 -6 -20 -7 -18 -6 -20 -7 -19 -7 -17 -7 -16 -6 -13 -5 -10 -3 -8 -2 -6 0 -4 2 -2 5 -1 5 0 8 1 9 2 12 0 13 0 13 -1 14 -3 13 -3 12 -5 11 -5 9 -5 7 0 0 0 0 0 0 0 0 0 0 0 0 0 0 0 0 0 0 0 0 0 0 10 8 10 10 6 8 5 9 4 5 4 4 3 2 4 -2 5 -3 5 -6 7 -8 9 -9 11 -11 12 -11 14 -12 14 -10 16 -11 12 -9 13 -10 11 -9 8 -8 5 -7 2 -5 -2 -5 -6 -5 -10 -5"
2026-05-27T22:15:06,RAW,========== UDP DEBUG ==========
2026-05-27T22:15:06,RAW,Packet Size : 26
2026-05-27T22:15:06,RAW,Remote IP   : 172.20.10.5
2026-05-27T22:15:06,RAW,Remote Port : 56939
2026-05-27T22:15:06,RAW,"Last UDP    : PING,131,1779891306.383897"
2026-05-27T22:15:06,RAW,"ACK Message : ACK,PING,131,1779891306.383897,RSSI=-30"
2026-05-27T22:15:06,RAW,beginPacket : 1
2026-05-27T22:15:06,RAW,endPacket   : 1
2026-05-27T22:15:06,RAW,===============================
2026-05-27T22:15:06,RAW,========== CURRENT SUMMARY ==========
2026-05-27T22:15:06,RAW,WiFi Status   : Connected
2026-05-27T22:15:06,RAW,ESP32 IP      : 172.20.10.14
2026-05-27T22:15:06,RAW,RSSI          : -30 dBm
2026-05-27T22:15:06,RAW,UDP Count     : 131
2026-05-27T22:15:06,RAW,CSI Count     : 202
2026-05-27T22:15:06,RAW,"Last UDP      : PING,131,1779891306.383897"
2026-05-27T22:15:06,RAW,"Last ACK      : ACK,PING,131,1779891306.383897,RSSI=-30"
2026-05-27T22:15:06,RAW,Last UDP RSSI : -30 dBm
2026-05-27T22:15:06,RAW,====================================
2026-05-27T22:15:07,CSI,"CSI_DATA,203,349902,-26,6,256,0 0 -15 -8 -18 -9 -18 -9 -20 -10 -19 -9 -18 -9 -16 -8 -14 -7 -12 -5 -9 -3 -6 -2 -3 0 -1 1 2 3 4 5 6 6 7 8 8 9 8 10 8 11 7 12 6 11 5 12 3 10 2 9 0 7 0 0 0 0 0 0 0 0 0 0 0 0 0 0 0 0 0 0 0 0 0 0 -9 10 -9 7 -10 6 -8 4 -6 3 -3 2 -1 1 2 1 5 1 8 2 11 3 13 3 15 4 16 4 16 4 17 4 16 4 16 4 14 3 12 2 9 1 6 0 2 -2 -2 -3 -6 -4 -9 -6"
2026-05-27T22:15:07,RAW,========== UDP DEBUG ==========
2026-05-27T22:15:07,RAW,Packet Size : 26
2026-05-27T22:15:07,RAW,Remote IP   : 172.20.10.5
2026-05-27T22:15:07,RAW,Remote Port : 56939
2026-05-27T22:15:07,RAW,"Last UDP    : PING,132,1779891307.410614"
2026-05-27T22:15:07,RAW,"ACK Message : ACK,PING,132,1779891307.410614,RSSI=-28"
2026-05-27T22:15:07,RAW,beginPacket : 1
2026-05-27T22:15:07,RAW,endPacket   : 1
2026-05-27T22:15:07,RAW,===============================
2026-05-27T22:15:07,RAW,========== CURRENT SUMMARY ==========
2026-05-27T22:15:07,RAW,WiFi Status   : Connected
2026-05-27T22:15:07,RAW,ESP32 IP      : 172.20.10.14
2026-05-27T22:15:07,RAW,RSSI          : -28 dBm
2026-05-27T22:15:07,RAW,UDP Count     : 132
2026-05-27T22:15:07,RAW,CSI Count     : 203
2026-05-27T22:15:07,RAW,"Last UDP      : PING,132,1779891307.410614"
2026-05-27T22:15:07,RAW,"Last ACK      : ACK,PING,132,1779891307.410614,RSSI=-28"
2026-05-27T22:15:07,RAW,Last UDP RSSI : -28 dBm
2026-05-27T22:15:07,RAW,====================================
2026-05-27T22:15:08,CSI,"CSI_DATA,204,350926,-26,6,256,0 0 11 14 12 16 14 16 14 17 13 17 13 15 12 13 10 11 8 8 6 6 4 3 2 0 0 -3 -2 -6 -3 -9 -4 -11 -4 -13 -4 -15 -5 -16 -3 -16 -2 -16 -1 -15 1 -14 2 -11 2 -9 2 -7 0 0 0 0 0 0 0 0 0 0 0 0 0 0 0 0 0 0 0 0 0 0 13 -8 13 -6 12 -4 11 -3 8 -2 6 -1 2 -2 -1 -3 -4 -4 -6 -6 -9 -8 -11 -9 -13 -11 -14 -12 -16 -13 -16 -12 -16 -12 -16 -11 -14 -11 -13 -8 -11 -6 -7 -4 -4 -1 -1 2 3 5 5 9"
2026-05-27T22:15:08,RAW,========== UDP DEBUG ==========
2026-05-27T22:15:08,RAW,Packet Size : 26
2026-05-27T22:15:08,RAW,Remote IP   : 172.20.10.5
2026-05-27T22:15:08,RAW,Remote Port : 56939
2026-05-27T22:15:08,RAW,"Last UDP    : PING,133,1779891308.429495"
2026-05-27T22:15:08,RAW,"ACK Message : ACK,PING,133,1779891308.429495,RSSI=-28"
2026-05-27T22:15:08,RAW,beginPacket : 1
2026-05-27T22:15:08,RAW,endPacket   : 1
2026-05-27T22:15:08,RAW,===============================
2026-05-27T22:15:08,RAW,========== CURRENT SUMMARY ==========
2026-05-27T22:15:08,RAW,WiFi Status   : Connected
2026-05-27T22:15:08,RAW,ESP32 IP      : 172.20.10.14
2026-05-27T22:15:08,RAW,RSSI          : -28 dBm
2026-05-27T22:15:08,RAW,UDP Count     : 133
2026-05-27T22:15:08,RAW,CSI Count     : 204
2026-05-27T22:15:08,RAW,"Last UDP      : PING,133,1779891308.429495"
2026-05-27T22:15:08,RAW,"Last ACK      : ACK,PING,133,1779891308.429495,RSSI=-28"
2026-05-27T22:15:08,RAW,Last UDP RSSI : -28 dBm
2026-05-27T22:15:08,RAW,====================================
2026-05-27T22:15:09,CSI,"CSI_DATA,205,352055,-26,6,256,0 0 -1 -17 -2 -20 -2 -21 -2 -22 -2 -21 -2 -20 -2 -18 -2 -15 -2 -11 -2 -8 -2 -4 -2 0 -2 3 -3 5 -3 9 -3 10 -5 12 -5 13 -6 13 -7 13 -8 12 -7 10 -7 8 -7 6 -5 4 -3 2 0 0 0 0 0 0 0 0 0 0 0 0 0 0 0 0 0 0 0 0 0 0 -16 -1 -15 -3 -14 -5 -12 -5 -10 -5 -7 -4 -5 -3 -3 0 -1 2 1 5 2 9 3 11 4 13 4 15 5 16 6 17 6 16 5 17 5 15 5 13 4 10 3 6 2 2 1 -2 0 -7 0 -11"
2026-05-27T22:15:09,RAW,========== UDP DEBUG ==========
2026-05-27T22:15:09,RAW,Packet Size : 26
2026-05-27T22:15:09,RAW,Remote IP   : 172.20.10.5
2026-05-27T22:15:09,RAW,Remote Port : 56939
2026-05-27T22:15:09,RAW,"Last UDP    : PING,134,1779891309.459571"
2026-05-27T22:15:09,RAW,"ACK Message : ACK,PING,134,1779891309.459571,RSSI=-28"
2026-05-27T22:15:09,RAW,beginPacket : 1
2026-05-27T22:15:09,RAW,endPacket   : 1
2026-05-27T22:15:09,RAW,===============================
2026-05-27T22:15:09,RAW,========== CURRENT SUMMARY ==========
2026-05-27T22:15:09,RAW,WiFi Status   : Connected
2026-05-27T22:15:09,RAW,ESP32 IP      : 172.20.10.14
2026-05-27T22:15:09,RAW,RSSI          : -28 dBm
2026-05-27T22:15:09,RAW,UDP Count     : 134
2026-05-27T22:15:09,RAW,CSI Count     : 205
2026-05-27T22:15:09,RAW,"Last UDP      : PING,134,1779891309.459571"
2026-05-27T22:15:09,RAW,"Last ACK      : ACK,PING,134,1779891309.459571,RSSI=-28"
2026-05-27T22:15:09,RAW,Last UDP RSSI : -28 dBm
2026-05-27T22:15:09,RAW,====================================
2026-05-27T22:15:10,CSI,"CSI_DATA,206,353286,-26,6,256,0 0 -14 11 -16 14 -16 15 -17 15 -15 14 -14 14 -12 12 -10 10 -7 8 -5 5 -2 3 0 1 2 -2 4 -4 6 -6 8 -8 9 -9 10 -9 11 -10 12 -9 12 -8 11 -7 10 -6 8 -4 6 -3 5 -2 0 0 0 0 0 0 0 0 0 0 0 0 0 0 0 0 0 0 0 0 0 0 -1 15 -3 14 -4 13 -4 10 -5 8 -4 5 -2 2 0 0 2 -3 5 -5 8 -7 10 -9 12 -10 13 -11 14 -12 14 -13 13 -13 14 -13 12 -12 10 -10 7 -7 5 -5 0 -2 -3 1 -6 4 -9 7"
2026-05-27T22:15:10,RAW,========== UDP DEBUG ==========
2026-05-27T22:15:10,RAW,Packet Size : 25
2026-05-27T22:15:10,RAW,Remote IP   : 172.20.10.5
2026-05-27T22:15:10,RAW,Remote Port : 56939
2026-05-27T22:15:10,RAW,"Last UDP    : PING,135,1779891310.58772"
2026-05-27T22:15:10,RAW,"ACK Message : ACK,PING,135,1779891310.58772,RSSI=-31"
2026-05-27T22:15:10,RAW,beginPacket : 1
2026-05-27T22:15:10,RAW,endPacket   : 1
2026-05-27T22:15:10,RAW,===============================
2026-05-27T22:15:10,RAW,========== CURRENT SUMMARY ==========
2026-05-27T22:15:10,RAW,WiFi Status   : Connected
2026-05-27T22:15:10,RAW,ESP32 IP      : 172.20.10.14
2026-05-27T22:15:10,RAW,RSSI          : -31 dBm
2026-05-27T22:15:10,RAW,UDP Count     : 135
2026-05-27T22:15:10,RAW,CSI Count     : 206
2026-05-27T22:15:10,RAW,"Last UDP      : PING,135,1779891310.58772"
2026-05-27T22:15:10,RAW,"Last ACK      : ACK,PING,135,1779891310.58772,RSSI=-31"
2026-05-27T22:15:10,RAW,Last UDP RSSI : -31 dBm
2026-05-27T22:15:10,RAW,====================================
2026-05-27T22:15:11,CSI,"CSI_DATA,207,353691,-26,6,128,0 0 -6 -17 -6 -19 -7 -21 -7 -21 -8 -21 -7 -20 -7 -17 -6 -15 -5 -12 -5 -9 -4 -6 -3 -3 -2 0 -2 3 -2 6 -2 9 -2 10 -2 13 -4 13 -4 14 -5 14 -6 12 -6 11 -7 10 -7 8 -6 6 0 0 0 0 0 0 0 0 0 0 0 0 0 0 0 0 0 0 0 0 0 0 -14 4 -14 2 -11 0 -10 -1 -7 -1 -4 0 -2 1 1 3 3 5 5 6 7 9 9 11 10 12 11 14 11 15 10 15 11 15 9 13 9 12 8 10 6 7 5 4 2 0 0 -3 -1 -7 -3 -11"
2026-05-27T22:15:11,RAW,========== CURRENT SUMMARY ==========
2026-05-27T22:15:11,RAW,WiFi Status   : Connected
2026-05-27T22:15:11,RAW,ESP32 IP      : 172.20.10.14
2026-05-27T22:15:11,RAW,RSSI          : -28 dBm
2026-05-27T22:15:11,RAW,UDP Count     : 135
2026-05-27T22:15:11,RAW,CSI Count     : 207
2026-05-27T22:15:11,RAW,"Last UDP      : PING,135,1779891310.58772"
2026-05-27T22:15:11,RAW,"Last ACK      : ACK,PING,135,1779891310.58772,RSSI=-31"
2026-05-27T22:15:11,RAW,Last UDP RSSI : -31 dBm
2026-05-27T22:15:11,RAW,====================================
2026-05-27T22:15:12,CSI,"CSI_DATA,208,354510,-26,6,256,0 0 -16 -9 -19 -10 -20 -10 -21 -11 -20 -11 -19 -10 -17 -9 -14 -8 -11 -5 -9 -3 -6 -2 -2 1 1 2 3 4 6 6 7 7 9 9 9 11 9 12 8 13 7 13 7 12 5 12 4 10 2 8 1 6 0 0 0 0 0 0 0 0 0 0 0 0 0 0 0 0 0 0 0 0 0 0 -12 11 -12 8 -12 7 -11 5 -9 3 -6 2 -3 2 0 2 4 2 7 3 10 4 13 4 15 5 16 5 17 6 19 5 18 5 18 5 16 4 13 3 10 2 7 1 2 -2 -2 -3 -6 -5 -10 -7"
2026-05-27T22:15:12,RAW,========== UDP DEBUG ==========
2026-05-27T22:15:12,RAW,Packet Size : 26
2026-05-27T22:15:12,RAW,Remote IP   : 172.20.10.5
2026-05-27T22:15:12,RAW,Remote Port : 56939
2026-05-27T22:15:12,RAW,"Last UDP    : PING,136,1779891311.907018"
2026-05-27T22:15:12,RAW,"ACK Message : ACK,PING,136,1779891311.907018,RSSI=-28"
2026-05-27T22:15:12,RAW,beginPacket : 1
2026-05-27T22:15:12,RAW,endPacket   : 1
2026-05-27T22:15:12,RAW,===============================
2026-05-27T22:15:12,RAW,========== CURRENT SUMMARY ==========
2026-05-27T22:15:12,RAW,WiFi Status   : Connected
2026-05-27T22:15:12,RAW,ESP32 IP      : 172.20.10.14
2026-05-27T22:15:12,RAW,RSSI          : -28 dBm
2026-05-27T22:15:12,RAW,UDP Count     : 136
2026-05-27T22:15:12,RAW,CSI Count     : 208
2026-05-27T22:15:12,RAW,"Last UDP      : PING,136,1779891311.907018"
2026-05-27T22:15:12,RAW,"Last ACK      : ACK,PING,136,1779891311.907018,RSSI=-28"
2026-05-27T22:15:12,RAW,Last UDP RSSI : -28 dBm
2026-05-27T22:15:12,RAW,====================================
2026-05-27T22:15:13,CSI,"CSI_DATA,209,355636,-26,6,256,0 0 5 17 5 17 6 20 6 19 6 19 5 18 5 15 5 13 4 10 3 7 3 3 2 0 1 -3 1 -6 0 -8 1 -11 1 -12 1 -14 2 -15 3 -15 4 -14 5 -13 4 -11 4 -9 4 -8 3 -6 0 0 0 0 0 0 0 0 0 0 0 0 0 0 0 0 0 0 0 0 0 0 14 -4 14 -2 12 0 11 1 8 0 5 0 3 -1 0 -2 -2 -5 -5 -6 -7 -8 -9 -11 -10 -12 -11 -14 -12 -16 -10 -15 -11 -16 -10 -14 -10 -13 -9 -11 -7 -8 -6 -5 -3 -2 -1 2 0 6 2 10"
2026-05-27T22:15:13,RAW,========== UDP DEBUG ==========
2026-05-27T22:15:13,RAW,Packet Size : 26
2026-05-27T22:15:13,RAW,Remote IP   : 172.20.10.5
2026-05-27T22:15:13,RAW,Remote Port : 56939
2026-05-27T22:15:13,RAW,"Last UDP    : PING,137,1779891313.042163"
2026-05-27T22:15:13,RAW,"ACK Message : ACK,PING,137,1779891313.042163,RSSI=-28"
2026-05-27T22:15:13,RAW,beginPacket : 1
2026-05-27T22:15:13,RAW,endPacket   : 1
2026-05-27T22:15:13,RAW,===============================
2026-05-27T22:15:13,RAW,========== CURRENT SUMMARY ==========
2026-05-27T22:15:13,RAW,WiFi Status   : Connected
2026-05-27T22:15:13,RAW,ESP32 IP      : 172.20.10.14
2026-05-27T22:15:13,RAW,RSSI          : -28 dBm
2026-05-27T22:15:13,RAW,UDP Count     : 137
2026-05-27T22:15:13,RAW,CSI Count     : 209
2026-05-27T22:15:13,RAW,"Last UDP      : PING,137,1779891313.042163"
2026-05-27T22:15:13,RAW,"Last ACK      : ACK,PING,137,1779891313.042163,RSSI=-28"
2026-05-27T22:15:13,RAW,Last UDP RSSI : -28 dBm
2026-05-27T22:15:13,RAW,====================================
2026-05-27T22:15:14,CSI,"CSI_DATA,210,356865,-26,6,256,0 0 7 17 8 17 9 20 9 19 9 18 8 16 8 14 7 11 5 8 4 4 2 1 1 -2 -1 -5 -2 -8 -3 -10 -4 -12 -4 -13 -4 -15 -4 -15 -3 -15 -3 -14 -1 -13 -1 -11 -1 -9 -1 -7 -1 -4 0 0 0 0 0 0 0 0 0 0 0 0 0 0 0 0 0 0 0 0 0 0 15 1 15 3 13 4 12 5 9 5 7 4 4 2 1 0 -1 -3 -3 -5 -5 -8 -7 -11 -8 -13 -9 -15 -10 -17 -10 -17 -10 -18 -9 -16 -10 -15 -8 -13 -7 -10 -5 -6 -3 -2 -1 2 2 6 4 10"
2026-05-27T22:15:14,RAW,========== UDP DEBUG ==========
2026-05-27T22:15:14,RAW,Packet Size : 27
2026-05-27T22:15:14,RAW,Remote IP   : 172.20.10.5
2026-05-27T22:15:14,RAW,Remote Port : 56939
2026-05-27T22:15:14,RAW,"Last UDP    : PING,138,1779891314.1687438"
2026-05-27T22:15:14,RAW,"ACK Message : ACK,PING,138,1779891314.1687438,RSSI=-29"
2026-05-27T22:15:14,RAW,beginPacket : 1
2026-05-27T22:15:14,RAW,endPacket   : 1
2026-05-27T22:15:14,RAW,===============================
2026-05-27T22:15:14,RAW,========== CURRENT SUMMARY ==========
2026-05-27T22:15:14,RAW,WiFi Status   : Connected
2026-05-27T22:15:14,RAW,ESP32 IP      : 172.20.10.14
2026-05-27T22:15:14,RAW,RSSI          : -29 dBm
2026-05-27T22:15:14,RAW,UDP Count     : 138
2026-05-27T22:15:14,RAW,CSI Count     : 210
2026-05-27T22:15:14,RAW,"Last UDP      : PING,138,1779891314.1687438"
2026-05-27T22:15:14,RAW,"Last ACK      : ACK,PING,138,1779891314.1687438,RSSI=-29"
2026-05-27T22:15:14,RAW,Last UDP RSSI : -29 dBm
2026-05-27T22:15:14,RAW,====================================
2026-05-27T22:15:15,CSI,"CSI_DATA,211,357991,-26,6,256,0 0 16 -2 19 -3 19 -4 21 -4 20 -3 19 -3 17 -3 14 -3 11 -3 8 -2 5 -3 1 -2 -2 -2 -5 -3 -8 -3 -10 -3 -12 -4 -13 -5 -14 -6 -14 -7 -13 -8 -12 -8 -10 -8 -9 -8 -6 -7 -4 -5 0 0 0 0 0 0 0 0 0 0 0 0 0 0 0 0 0 0 0 0 0 0 -2 -15 0 -14 1 -14 2 -11 2 -9 1 -7 -1 -4 -2 -2 -4 0 -8 2 -10 4 -12 5 -14 6 -15 7 -16 7 -17 8 -16 7 -17 7 -15 7 -12 6 -10 5 -6 4 -2 2 2 2 6 0 10 -1"
2026-05-27T22:15:15,RAW,========== UDP DEBUG ==========
2026-05-27T22:15:15,RAW,Packet Size : 26
2026-05-27T22:15:15,RAW,Remote IP   : 172.20.10.5
2026-05-27T22:15:15,RAW,Remote Port : 56939
2026-05-27T22:15:15,RAW,"Last UDP    : PING,139,1779891315.397689"
2026-05-27T22:15:15,RAW,"ACK Message : ACK,PING,139,1779891315.397689,RSSI=-28"
2026-05-27T22:15:15,RAW,beginPacket : 1
2026-05-27T22:15:15,RAW,endPacket   : 1
2026-05-27T22:15:15,RAW,===============================
2026-05-27T22:15:15,RAW,========== CURRENT SUMMARY ==========
2026-05-27T22:15:15,RAW,WiFi Status   : Connected
2026-05-27T22:15:15,RAW,ESP32 IP      : 172.20.10.14
2026-05-27T22:15:15,RAW,RSSI          : -28 dBm
2026-05-27T22:15:15,RAW,UDP Count     : 139
2026-05-27T22:15:15,RAW,CSI Count     : 211
2026-05-27T22:15:15,RAW,"Last UDP      : PING,139,1779891315.397689"
2026-05-27T22:15:15,RAW,"Last ACK      : ACK,PING,139,1779891315.397689,RSSI=-28"
2026-05-27T22:15:15,RAW,Last UDP RSSI : -28 dBm
2026-05-27T22:15:15,RAW,====================================
2026-05-27T22:15:16,CSI,"CSI_DATA,212,358706,-26,6,128,0 0 1 -19 -1 -14 0 -26 -1 -15 -1 -26 2 -19 0 -16 -1 -15 -1 -11 -3 -7 -3 -6 -4 -3 -2 1 -4 5 -2 5 -4 11 -2 8 -5 16 -7 13 -6 12 -7 12 -7 11 -4 8 -5 9 -4 8 -4 6 0 0 0 0 0 0 0 0 0 0 0 0 0 0 0 0 0 0 0 0 0 0 -13 -5 -15 -9 -7 -6 -11 -9 -4 -5 -6 -5 -3 -2 -2 2 -2 4 0 5 1 10 2 12 3 14 4 15 2 21 1 13 2 22 1 11 3 19 0 12 1 9 2 5 2 1 2 -2 1 -6 1 -12"
2026-05-27T22:15:16,CSI,"CSI_DATA,213,359118,-26,6,256,0 0 -15 -5 -18 -5 -19 -5 -21 -7 -19 -7 -19 -6 -17 -6 -15 -6 -12 -4 -10 -3 -7 -1 -5 1 -3 3 -1 5 0 8 1 10 0 12 -1 12 -1 13 -2 14 -4 13 -4 12 -6 10 -6 8 -6 6 -5 4 0 0 0 0 0 0 0 0 0 0 0 0 0 0 0 0 0 0 0 0 0 0 14 4 13 6 12 7 10 8 8 8 6 7 5 4 4 2 4 -1 5 -3 6 -6 8 -8 9 -10 10 -12 11 -12 12 -14 12 -13 12 -14 11 -12 10 -12 9 -10 6 -9 3 -8 -1 -6 -5 -5 -8 -5"
2026-05-27T22:15:16,RAW,========== UDP DEBUG ==========
2026-05-27T22:15:16,RAW,Packet Size : 26
2026-05-27T22:15:16,RAW,Remote IP   : 172.20.10.5
2026-05-27T22:15:16,RAW,Remote Port : 56939
2026-05-27T22:15:16,RAW,"Last UDP    : PING,140,1779891316.525095"
2026-05-27T22:15:16,RAW,"ACK Message : ACK,PING,140,1779891316.525095,RSSI=-31"
2026-05-27T22:15:16,RAW,beginPacket : 1
2026-05-27T22:15:16,RAW,endPacket   : 1
2026-05-27T22:15:16,RAW,===============================
2026-05-27T22:15:16,RAW,========== CURRENT SUMMARY ==========
2026-05-27T22:15:16,RAW,WiFi Status   : Connected
2026-05-27T22:15:16,RAW,ESP32 IP      : 172.20.10.14
2026-05-27T22:15:16,RAW,RSSI          : -31 dBm
2026-05-27T22:15:16,RAW,UDP Count     : 140
2026-05-27T22:15:16,RAW,CSI Count     : 213
2026-05-27T22:15:16,RAW,"Last UDP      : PING,140,1779891316.525095"
2026-05-27T22:15:16,RAW,"Last ACK      : ACK,PING,140,1779891316.525095,RSSI=-31"
2026-05-27T22:15:16,RAW,Last UDP RSSI : -31 dBm
2026-05-27T22:15:16,RAW,====================================
2026-05-27T22:15:17,CSI,"CSI_DATA,214,360245,-26,6,256,0 0 -15 -8 -18 -10 -19 -10 -20 -11 -18 -10 -18 -9 -17 -8 -14 -7 -12 -5 -9 -4 -5 -2 -3 0 -1 2 2 4 4 7 6 8 7 10 7 11 7 11 7 13 6 12 5 13 3 12 1 10 0 8 -1 6 0 0 0 0 0 0 0 0 0 0 0 0 0 0 0 0 0 0 0 0 0 0 -8 13 -9 10 -10 9 -8 7 -7 5 -5 3 -2 2 0 1 4 1 7 1 9 2 12 3 15 3 16 4 17 3 18 3 17 2 18 3 15 2 13 1 11 0 7 -1 3 -2 -1 -3 -5 -5 -9 -6"
2026-05-27T22:15:17,RAW,========== UDP DEBUG ==========
2026-05-27T22:15:17,RAW,Packet Size : 26
2026-05-27T22:15:17,RAW,Remote IP   : 172.20.10.5
2026-05-27T22:15:17,RAW,Remote Port : 56939
2026-05-27T22:15:17,RAW,"Last UDP    : PING,141,1779891317.652202"
2026-05-27T22:15:17,RAW,"ACK Message : ACK,PING,141,1779891317.652202,RSSI=-30"
2026-05-27T22:15:17,RAW,beginPacket : 1
2026-05-27T22:15:17,RAW,endPacket   : 1
2026-05-27T22:15:17,RAW,===============================
2026-05-27T22:15:17,RAW,========== CURRENT SUMMARY ==========
2026-05-27T22:15:17,RAW,WiFi Status   : Connected
2026-05-27T22:15:17,RAW,ESP32 IP      : 172.20.10.14
2026-05-27T22:15:17,RAW,RSSI          : -30 dBm
2026-05-27T22:15:17,RAW,UDP Count     : 141
2026-05-27T22:15:17,RAW,CSI Count     : 214
2026-05-27T22:15:17,RAW,"Last UDP      : PING,141,1779891317.652202"
2026-05-27T22:15:17,RAW,"Last ACK      : ACK,PING,141,1779891317.652202,RSSI=-30"
2026-05-27T22:15:17,RAW,Last UDP RSSI : -30 dBm
2026-05-27T22:15:17,RAW,====================================
2026-05-27T22:15:18,RAW,========== CURRENT SUMMARY ==========
2026-05-27T22:15:18,RAW,WiFi Status   : Connected
2026-05-27T22:15:18,RAW,ESP32 IP      : 172.20.10.14
2026-05-27T22:15:18,RAW,RSSI          : -30 dBm
2026-05-27T22:15:18,RAW,UDP Count     : 141
2026-05-27T22:15:18,RAW,CSI Count     : 214
2026-05-27T22:15:18,RAW,"Last UDP      : PING,141,1779891317.652202"
2026-05-27T22:15:18,RAW,"Last ACK      : ACK,PING,141,1779891317.652202,RSSI=-30"
2026-05-27T22:15:18,RAW,Last UDP RSSI : -30 dBm
2026-05-27T22:15:18,RAW,====================================
2026-05-27T22:15:18,CSI,"CSI_DATA,215,361371,-26,6,256,0 0 4 17 4 18 5 21 5 19 5 20 5 18 5 16 4 13 4 10 3 6 2 3 2 0 1 -4 1 -8 1 -9 1 -13 1 -13 2 -15 3 -15 4 -15 4 -14 5 -13 4 -10 4 -8 3 -6 2 -4 0 0 0 0 0 0 0 0 0 0 0 0 0 0 0 0 0 0 0 0 0 0 14 -3 15 -2 13 1 13 2 9 2 7 1 5 1 2 -1 -1 -4 -3 -5 -6 -8 -7 -10 -9 -12 -10 -14 -11 -16 -10 -16 -11 -17 -10 -15 -10 -15 -9 -12 -7 -10 -6 -6 -4 -2 -2 1 0 5 2 10"
2026-05-27T22:15:18,RAW,========== UDP DEBUG ==========
2026-05-27T22:15:18,RAW,Packet Size : 27
2026-05-27T22:15:18,RAW,Remote IP   : 172.20.10.5
2026-05-27T22:15:18,RAW,Remote Port : 56939
2026-05-27T22:15:18,RAW,"Last UDP    : PING,142,1779891318.7765272"
2026-05-27T22:15:18,RAW,"ACK Message : ACK,PING,142,1779891318.7765272,RSSI=-29"
2026-05-27T22:15:18,RAW,beginPacket : 1
2026-05-27T22:15:18,RAW,endPacket   : 1
2026-05-27T22:15:18,RAW,===============================
2026-05-27T22:15:19,RAW,========== CURRENT SUMMARY ==========
2026-05-27T22:15:19,RAW,WiFi Status   : Connected
2026-05-27T22:15:19,RAW,ESP32 IP      : 172.20.10.14
2026-05-27T22:15:19,RAW,RSSI          : -29 dBm
2026-05-27T22:15:19,RAW,UDP Count     : 142
2026-05-27T22:15:19,RAW,CSI Count     : 215
2026-05-27T22:15:19,RAW,"Last UDP      : PING,142,1779891318.7765272"
2026-05-27T22:15:19,RAW,"Last ACK      : ACK,PING,142,1779891318.7765272,RSSI=-29"
2026-05-27T22:15:19,RAW,Last UDP RSSI : -29 dBm
2026-05-27T22:15:19,RAW,====================================
2026-05-27T22:15:20,CSI,"CSI_DATA,216,362497,-26,6,256,0 0 11 -14 11 -17 12 -17 13 -18 12 -17 11 -16 10 -14 9 -13 6 -10 4 -8 1 -5 -1 -3 -3 0 -5 2 -7 5 -9 6 -11 7 -12 7 -13 7 -14 6 -14 5 -14 4 -13 3 -11 2 -9 1 -7 0 0 0 0 0 0 0 0 0 0 0 0 0 0 0 0 0 0 0 0 0 0 0 -9 -13 -7 -13 -5 -13 -4 -11 -2 -9 -2 -6 -2 -3 -3 0 -3 3 -5 6 -6 9 -7 11 -8 13 -9 15 -9 15 -9 17 -9 16 -9 16 -7 14 -6 12 -5 9 -3 6 0 3 2 -1 4 -5 7 -9"
2026-05-27T22:15:20,RAW,========== UDP DEBUG ==========
2026-05-27T22:15:20,RAW,Packet Size : 27
2026-05-27T22:15:20,RAW,Remote IP   : 172.20.10.5
2026-05-27T22:15:20,RAW,Remote Port : 56939
2026-05-27T22:15:20,RAW,"Last UDP    : PING,143,1779891319.9003148"
2026-05-27T22:15:20,RAW,"ACK Message : ACK,PING,143,1779891319.9003148,RSSI=-28"
2026-05-27T22:15:20,RAW,beginPacket : 1
2026-05-27T22:15:20,RAW,endPacket   : 1
2026-05-27T22:15:20,RAW,===============================
2026-05-27T22:15:20,RAW,========== CURRENT SUMMARY ==========
2026-05-27T22:15:20,RAW,WiFi Status   : Connected
2026-05-27T22:15:20,RAW,ESP32 IP      : 172.20.10.14
2026-05-27T22:15:20,RAW,RSSI          : -28 dBm
2026-05-27T22:15:20,RAW,UDP Count     : 143
2026-05-27T22:15:20,RAW,CSI Count     : 216
2026-05-27T22:15:20,RAW,"Last UDP      : PING,143,1779891319.9003148"
2026-05-27T22:15:20,RAW,"Last ACK      : ACK,PING,143,1779891319.9003148,RSSI=-28"
2026-05-27T22:15:20,RAW,Last UDP RSSI : -28 dBm
2026-05-27T22:15:20,RAW,====================================
2026-05-27T22:15:21,CSI,"CSI_DATA,217,363623,-26,6,256,0 0 16 -3 19 -4 19 -4 21 -4 19 -4 18 -5 16 -4 14 -4 11 -3 8 -3 4 -2 1 -2 -2 -2 -5 -2 -9 -2 -10 -2 -13 -3 -13 -4 -14 -4 -15 -5 -14 -6 -13 -6 -11 -7 -8 -7 -7 -7 -4 -5 0 0 0 0 0 0 0 0 0 0 0 0 0 0 0 0 0 0 0 0 0 0 1 -15 2 -14 3 -13 3 -10 3 -9 2 -6 0 -3 -2 -1 -4 1 -8 2 -10 3 -13 4 -15 4 -16 5 -17 6 -17 7 -17 7 -17 6 -15 6 -12 6 -10 5 -6 4 -3 2 1 1 5 0 10 -1"
2026-05-27T22:15:21,CSI,"CSI_DATA,218,363629,-26,6,128,0 0 12 14 13 16 14 17 15 17 15 17 14 15 12 13 11 11 8 8 7 6 4 3 2 0 0 -3 -3 -6 -4 -9 -5 -11 -6 -13 -6 -14 -6 -16 -5 -16 -4 -16 -3 -16 -1 -14 0 -12 0 -10 1 -7 0 0 0 0 0 0 0 0 0 0 0 0 0 0 0 0 0 0 0 0 0 0 15 -6 15 -4 13 -2 12 -1 9 0 6 -1 3 -1 -1 -3 -4 -4 -6 -6 -9 -8 -11 -10 -13 -12 -14 -13 -16 -14 -16 -14 -16 -14 -15 -12 -14 -12 -12 -9 -10 -7 -7 -4 -4 -1 -1 2 3 6 6 9"
2026-05-27T22:15:21,RAW,========== UDP DEBUG ==========
2026-05-27T22:15:21,RAW,Packet Size : 25
2026-05-27T22:15:21,RAW,Remote IP   : 172.20.10.5
2026-05-27T22:15:21,RAW,Remote Port : 56939
2026-05-27T22:15:21,RAW,"Last UDP    : PING,144,1779891321.03031"
2026-05-27T22:15:21,RAW,"ACK Message : ACK,PING,144,1779891321.03031,RSSI=-28"
2026-05-27T22:15:21,RAW,beginPacket : 1
2026-05-27T22:15:21,RAW,endPacket   : 1
2026-05-27T22:15:21,RAW,===============================
2026-05-27T22:15:21,RAW,========== CURRENT SUMMARY ==========
2026-05-27T22:15:21,RAW,WiFi Status   : Connected
2026-05-27T22:15:21,RAW,ESP32 IP      : 172.20.10.14
2026-05-27T22:15:21,RAW,RSSI          : -28 dBm
2026-05-27T22:15:21,RAW,UDP Count     : 144
2026-05-27T22:15:21,RAW,CSI Count     : 218
2026-05-27T22:15:21,RAW,"Last UDP      : PING,144,1779891321.03031"
2026-05-27T22:15:21,RAW,"Last ACK      : ACK,PING,144,1779891321.03031,RSSI=-28"
2026-05-27T22:15:21,RAW,Last UDP RSSI : -28 dBm
2026-05-27T22:15:21,RAW,====================================
2026-05-27T22:15:22,CSI,"CSI_DATA,219,364750,-25,6,256,0 0 18 -5 17 -5 22 -6 19 -5 22 -5 19 -4 17 -4 15 -3 12 -3 9 -3 6 -4 4 -5 0 -6 -3 -9 -4 -9 -6 -12 -5 -12 -6 -15 -5 -15 -4 -16 -3 -16 -1 -15 0 -13 1 -12 1 -10 0 -8 0 0 0 0 0 0 0 0 0 0 0 0 0 0 0 0 0 0 0 0 0 0 -14 7 -16 5 -14 2 -15 1 -12 0 -11 0 -8 0 -5 2 -4 4 -2 5 -1 9 0 12 -1 14 -1 16 -2 19 -3 17 -4 20 -3 17 -3 18 -2 15 -1 13 0 10 1 6 4 4 7 1 11 -2"
2026-05-27T22:15:22,RAW,========== UDP DEBUG ==========
2026-05-27T22:15:22,RAW,Packet Size : 27
2026-05-27T22:15:22,RAW,Remote IP   : 172.20.10.5
2026-05-27T22:15:22,RAW,Remote Port : 56939
2026-05-27T22:15:22,RAW,"Last UDP    : PING,145,1779891322.1622021"
2026-05-27T22:15:22,RAW,"ACK Message : ACK,PING,145,1779891322.1622021,RSSI=-32"
2026-05-27T22:15:22,RAW,beginPacket : 1
2026-05-27T22:15:22,RAW,endPacket   : 1
2026-05-27T22:15:22,RAW,===============================
2026-05-27T22:15:22,RAW,========== CURRENT SUMMARY ==========
2026-05-27T22:15:22,RAW,WiFi Status   : Connected
2026-05-27T22:15:22,RAW,ESP32 IP      : 172.20.10.14
2026-05-27T22:15:22,RAW,RSSI          : -32 dBm
2026-05-27T22:15:22,RAW,UDP Count     : 145
2026-05-27T22:15:22,RAW,CSI Count     : 219
2026-05-27T22:15:22,RAW,"Last UDP      : PING,145,1779891322.1622021"
2026-05-27T22:15:22,RAW,"Last ACK      : ACK,PING,145,1779891322.1622021,RSSI=-32"
2026-05-27T22:15:22,RAW,Last UDP RSSI : -32 dBm
2026-05-27T22:15:22,RAW,====================================
2026-05-27T22:15:23,CSI,"CSI_DATA,220,365876,-25,6,256,0 0 -15 0 -19 1 -19 1 -22 1 -20 0 -20 -1 -19 -1 -16 -1 -14 -1 -12 0 -9 1 -6 2 -3 3 -1 4 1 6 2 7 3 9 3 11 3 12 2 13 1 13 0 14 -2 13 -2 12 -4 10 -4 8 0 0 0 0 0 0 0 0 0 0 0 0 0 0 0 0 0 0 0 0 0 0 13 0 12 2 11 3 9 3 7 3 5 1 4 -1 4 -3 3 -6 4 -8 4 -11 5 -12 6 -14 6 -15 7 -15 7 -17 7 -16 8 -16 7 -14 6 -13 4 -11 2 -9 -1 -7 -4 -5 -7 -3 -10 -2"
2026-05-27T22:15:23,RAW,========== UDP DEBUG ==========
2026-05-27T22:15:23,RAW,Packet Size : 27
2026-05-27T22:15:23,RAW,Remote IP   : 172.20.10.5
2026-05-27T22:15:23,RAW,Remote Port : 56939
2026-05-27T22:15:23,RAW,"Last UDP    : PING,146,1779891323.2838259"
2026-05-27T22:15:23,RAW,"ACK Message : ACK,PING,146,1779891323.2838259,RSSI=-30"
2026-05-27T22:15:23,RAW,beginPacket : 1
2026-05-27T22:15:23,RAW,endPacket   : 1
2026-05-27T22:15:23,RAW,===============================
2026-05-27T22:15:23,RAW,========== CURRENT SUMMARY ==========
2026-05-27T22:15:23,RAW,WiFi Status   : Connected
2026-05-27T22:15:23,RAW,ESP32 IP      : 172.20.10.14
2026-05-27T22:15:23,RAW,RSSI          : -30 dBm
2026-05-27T22:15:23,RAW,UDP Count     : 146
2026-05-27T22:15:23,RAW,CSI Count     : 220
2026-05-27T22:15:23,RAW,"Last UDP      : PING,146,1779891323.2838259"
2026-05-27T22:15:23,RAW,"Last ACK      : ACK,PING,146,1779891323.2838259,RSSI=-30"
2026-05-27T22:15:23,RAW,Last UDP RSSI : -30 dBm
2026-05-27T22:15:23,RAW,====================================
2026-05-27T22:15:24,CSI,"CSI_DATA,221,367003,-25,6,256,0 0 11 10 14 13 14 12 16 15 14 14 14 14 13 13 11 11 9 9 8 7 6 4 5 1 4 -2 3 -4 4 -8 3 -10 5 -12 6 -12 6 -14 8 -14 9 -12 9 -11 11 -9 10 -6 9 -4 7 -3 0 0 0 0 0 0 0 0 0 0 0 0 0 0 0 0 0 0 0 0 0 0 -11 -12 -9 -12 -8 -13 -5 -11 -4 -10 -3 -8 -4 -5 -4 -3 -6 0 -8 1 -11 2 -13 3 -15 4 -17 4 -17 5 -19 6 -17 6 -19 5 -16 4 -15 5 -12 4 -9 4 -6 5 -2 5 2 7 6 8"
2026-05-27T22:15:24,RAW,========== UDP DEBUG ==========
2026-05-27T22:15:24,RAW,Packet Size : 26
2026-05-27T22:15:24,RAW,Remote IP   : 172.20.10.5
2026-05-27T22:15:24,RAW,Remote Port : 56939
2026-05-27T22:15:24,RAW,"Last UDP    : PING,147,1779891324.408607"
2026-05-27T22:15:24,RAW,"ACK Message : ACK,PING,147,1779891324.408607,RSSI=-30"
2026-05-27T22:15:24,RAW,beginPacket : 1
2026-05-27T22:15:24,RAW,endPacket   : 1
2026-05-27T22:15:24,RAW,===============================
2026-05-27T22:15:24,RAW,========== CURRENT SUMMARY ==========
2026-05-27T22:15:24,RAW,WiFi Status   : Connected
2026-05-27T22:15:24,RAW,ESP32 IP      : 172.20.10.14
2026-05-27T22:15:24,RAW,RSSI          : -30 dBm
2026-05-27T22:15:24,RAW,UDP Count     : 147
2026-05-27T22:15:24,RAW,CSI Count     : 221
2026-05-27T22:15:24,RAW,"Last UDP      : PING,147,1779891324.408607"
2026-05-27T22:15:24,RAW,"Last ACK      : ACK,PING,147,1779891324.408607,RSSI=-30"
2026-05-27T22:15:24,RAW,Last UDP RSSI : -30 dBm
2026-05-27T22:15:24,RAW,====================================
2026-05-27T22:15:25,CSI,"CSI_DATA,222,368131,-24,6,256,0 0 3 -14 2 -17 2 -18 3 -19 3 -19 5 -18 5 -17 4 -15 3 -13 1 -11 -1 -9 -2 -7 -4 -5 -6 -5 -8 -4 -9 -4 -11 -4 -12 -5 -13 -6 -12 -8 -11 -9 -10 -9 -9 -9 -8 -8 -6 -8 -4 -7 0 0 0 0 0 0 0 0 0 0 0 0 0 0 0 0 0 0 0 0 0 0 9 9 7 11 6 12 4 12 2 11 2 10 1 8 2 6 3 4 5 3 7 2 10 1 12 1 13 0 15 2 16 2 16 3 16 3 16 3 15 4 13 3 11 1 9 -1 7 -4 5 -6 4 -9"
2026-05-27T22:15:25,RAW,========== UDP DEBUG ==========
2026-05-27T22:15:25,RAW,Packet Size : 26
2026-05-27T22:15:25,RAW,Remote IP   : 172.20.10.5
2026-05-27T22:15:25,RAW,Remote Port : 56939
2026-05-27T22:15:25,RAW,"Last UDP    : PING,148,1779891325.536515"
2026-05-27T22:15:25,RAW,"ACK Message : ACK,PING,148,1779891325.536515,RSSI=-36"
2026-05-27T22:15:25,RAW,beginPacket : 1
2026-05-27T22:15:25,RAW,endPacket   : 1
2026-05-27T22:15:25,RAW,===============================
