timestamp,type,raw_line
2026-05-28T14:37:08,RAW,".CSI_DATA,74,343551,-55,6,256,0 0 1 -8 2 -6 3 -3 6 -1 8 1 10 2 12 2 14 2 16 1 17 0 17 -1 16 -2 16 -4 14 -4 12 -4 9 -4 7 -3 5 -1 2 1 0 4 -2 6 -4 8 -5 10 -6 12 -8 13 -9 13 0 0 0 0 0 0 0 0 0 0 0 0 0 0 0 0 0 0 0 0 0 0 -10 -1 -11 -2 -13 -4 -14 -5 -15 -6 -15 -6 -15 -6 -14 -6 -13 -6 -11 -5 -9 -5 -6 -5 -4 -5 -1 -5 1 -6 4 -8 5 -9 7 -12 7 -13 7 -15 6 -17 5 -18 4 -18 3 -17 2 -16 1 -14"
2026-05-28T14:37:08,CSI,"CSI_DATA,75,343574,-55,6,256,0 0 -9 -1 -6 -3 -3 -6 0 -9 1 -12 2 -15 2 -17 1 -19 0 -20 -2 -20 -3 -19 -4 -18 -5 -16 -5 -13 -3 -11 -2 -8 -1 -5 2 -3 4 -1 6 1 8 3 9 5 11 6 12 6 12 7 11 8 0 0 0 0 0 0 0 0 0 0 0 0 0 0 0 0 0 0 0 0 0 0 4 6 3 8 3 11 3 13 2 13 1 14 1 14 1 14 1 13 0 11 -1 9 -2 7 -3 4 -5 2 -7 0 -10 -2 -13 -3 -15 -5 -18 -5 -20 -4 -22 -2 -23 -2 -23 -1 -22 1 -19 1 -15 1"
2026-05-28T14:37:09,RAW,.
2026-05-28T14:37:09,RAW,[WiFi] Reconnected
2026-05-28T14:37:09,RAW,[WiFi] New IP: 172.20.10.14
2026-05-28T14:37:09,RAW,[UDP] Restarted on port 8888
2026-05-28T14:37:09,RAW,========== CURRENT SUMMARY ==========
2026-05-28T14:37:09,RAW,WiFi Status   : Connected
2026-05-28T14:37:09,RAW,ESP32 IP      : 172.20.10.14
2026-05-28T14:37:09,RAW,RSSI          : -55 dBm
2026-05-28T14:37:09,RAW,UDP Count     : 22
2026-05-28T14:37:09,RAW,CSI Count     : 75
2026-05-28T14:37:09,RAW,"Last UDP      : PING,23,1779950168.95611"
2026-05-28T14:37:09,RAW,"Last ACK      : ACK,PING,23,1779950168.95611,RSSI=-60"
2026-05-28T14:37:09,RAW,Last UDP RSSI : -60 dBm
2026-05-28T14:37:09,RAW,====================================
2026-05-28T14:37:09,CSI,"CSI_DATA,76,344163,-45,6,128,0 0 -6 2 -3 4 -2 8 -1 11 2 13 2 15 4 17 3 18 2 18 3 17 2 17 4 15 2 13 1 12 1 8 2 7 1 4 3 1 4 -1 6 -2 8 -3 9 -2 11 -2 12 -1 12 0 12 2 0 0 0 0 0 0 0 0 0 0 0 0 0 0 0 0 0 0 0 0 0 0 -2 -12 0 -14 2 -14 5 -15 7 -14 7 -14 8 -12 7 -10 5 -8 3 -7 2 -5 -1 -5 -4 -3 -6 -4 -10 -5 -12 -5 -16 -7 -17 -8 -20 -6 -20 -8 -21 -8 -19 -8 -18 -6 -17 -7 -15 -4 -12 -3"
2026-05-28T14:37:10,RAW,========== CURRENT SUMMARY ==========
2026-05-28T14:37:10,RAW,WiFi Status   : Connected
2026-05-28T14:37:10,RAW,ESP32 IP      : 172.20.10.14
2026-05-28T14:37:10,RAW,RSSI          : -53 dBm
2026-05-28T14:37:10,RAW,UDP Count     : 22
2026-05-28T14:37:10,RAW,CSI Count     : 76
2026-05-28T14:37:10,RAW,"Last UDP      : PING,23,1779950168.95611"
2026-05-28T14:37:10,RAW,"Last ACK      : ACK,PING,23,1779950168.95611,RSSI=-60"
2026-05-28T14:37:10,RAW,Last UDP RSSI : -60 dBm
2026-05-28T14:37:10,RAW,====================================
2026-05-28T14:37:11,RAW,========== CURRENT SUMMARY ==========
2026-05-28T14:37:11,RAW,WiFi Status   : Connected
2026-05-28T14:37:11,RAW,ESP32 IP      : 172.20.10.14
2026-05-28T14:37:11,RAW,RSSI          : -46 dBm
2026-05-28T14:37:11,RAW,UDP Count     : 22
2026-05-28T14:37:11,RAW,CSI Count     : 76
2026-05-28T14:37:11,RAW,"Last UDP      : PING,23,1779950168.95611"
2026-05-28T14:37:11,RAW,"Last ACK      : ACK,PING,23,1779950168.95611,RSSI=-60"
2026-05-28T14:37:11,RAW,Last UDP RSSI : -60 dBm
2026-05-28T14:37:11,RAW,====================================
2026-05-28T14:37:11,CSI,"CSI_DATA,77,346521,-48,6,256,0 0 12 -15 10 -12 7 -10 5 -6 3 -2 1 2 1 6 0 11 0 13 1 17 2 19 4 20 4 20 5 19 6 18 6 16 5 14 4 11 2 7 0 3 -2 0 -3 -3 -5 -7 -6 -10 -6 -13 -6 -16 0 0 0 0 0 0 0 0 0 0 0 0 0 0 0 0 0 0 0 0 0 0 3 3 -1 1 -5 0 -9 -1 -12 -3 -16 -5 -18 -6 -20 -8 -21 -8 -21 -8 -21 -8 -18 -7 -16 -6 -13 -5 -10 -4 -6 -3 -2 -3 2 -4 6 -6 10 -7 13 -8 16 -11 17 -13 17 -15 18 -16 16 -16"
2026-05-28T14:37:11,RAW,========== UDP DEBUG ==========
2026-05-28T14:37:11,RAW,Packet Size : 24
2026-05-28T14:37:11,RAW,Remote IP   : 172.20.10.5
2026-05-28T14:37:11,RAW,Remote Port : 52924
2026-05-28T14:37:11,RAW,"Last UDP    : PING,2,1779950231.797929"
2026-05-28T14:37:11,RAW,"ACK Message : ACK,PING,2,1779950231.797929,RSSI=-44"
2026-05-28T14:37:11,RAW,beginPacket : 1
2026-05-28T14:37:11,RAW,endPacket   : 1
2026-05-28T14:37:11,RAW,===============================
2026-05-28T14:37:11,CSI,"CSI_DATA,78,346560,-48,6,256,0 0 -7 17 -6 15 -4 11 -4 7 -3 3 -3 -1 -4 -5 -4 -9 -6 -12 -8 -14 -10 -15 -11 -17 -12 -17 -13 -17 -13 -16 -13 -14 -11 -13 -10 -11 -7 -9 -5 -6 -2 -4 1 -1 3 2 6 4 8 8 8 10 0 0 0 0 0 0 0 0 0 0 0 0 0 0 0 0 0 0 0 0 0 0 -2 -2 2 -3 6 -3 10 -3 13 -3 16 -3 19 -2 20 -2 21 -2 20 -2 19 -2 17 -2 15 -2 12 -1 8 -1 4 1 1 2 -2 4 -6 7 -8 9 -10 12 -11 14 -12 17 -12 19 -11 21 -10 20"
2026-05-28T14:37:12,RAW,========== CURRENT SUMMARY ==========
2026-05-28T14:37:12,RAW,WiFi Status   : Connected
2026-05-28T14:37:12,RAW,ESP32 IP      : 172.20.10.14
2026-05-28T14:37:12,RAW,RSSI          : -44 dBm
2026-05-28T14:37:12,RAW,UDP Count     : 23
2026-05-28T14:37:12,RAW,CSI Count     : 78
2026-05-28T14:37:12,RAW,"Last UDP      : PING,2,1779950231.797929"
2026-05-28T14:37:12,RAW,"Last ACK      : ACK,PING,2,1779950231.797929,RSSI=-44"
2026-05-28T14:37:12,RAW,Last UDP RSSI : -44 dBm
2026-05-28T14:37:12,RAW,====================================
2026-05-28T14:37:12,CSI,"CSI_DATA,79,347647,-48,6,256,0 0 -9 16 -7 13 -5 10 -4 6 -3 2 -2 -1 -3 -5 -2 -9 -3 -13 -4 -15 -6 -17 -7 -18 -8 -19 -9 -19 -9 -19 -9 -17 -8 -16 -8 -13 -6 -11 -4 -9 -2 -6 -1 -2 1 1 2 4 3 8 3 11 0 0 0 0 0 0 0 0 0 0 0 0 0 0 0 0 0 0 0 0 0 0 2 -3 5 -4 9 -5 12 -5 15 -5 18 -4 19 -4 20 -3 20 -3 19 -2 18 -2 15 -2 13 -1 9 -2 6 0 3 1 -1 2 -4 5 -8 7 -9 9 -11 12 -13 14 -14 16 -13 18 -12 19 -12 20"
2026-05-28T14:37:12,RAW,========== UDP DEBUG ==========
2026-05-28T14:37:12,RAW,Packet Size : 24
2026-05-28T14:37:12,RAW,Remote IP   : 172.20.10.5
2026-05-28T14:37:12,RAW,Remote Port : 52924
2026-05-28T14:37:12,RAW,"Last UDP    : PING,3,1779950232.886188"
2026-05-28T14:37:12,RAW,"ACK Message : ACK,PING,3,1779950232.886188,RSSI=-45"
2026-05-28T14:37:12,RAW,beginPacket : 1
2026-05-28T14:37:12,RAW,endPacket   : 1
2026-05-28T14:37:12,RAW,===============================
2026-05-28T14:37:13,RAW,========== CURRENT SUMMARY ==========
2026-05-28T14:37:13,RAW,WiFi Status   : Connected
2026-05-28T14:37:13,RAW,ESP32 IP      : 172.20.10.14
2026-05-28T14:37:13,RAW,RSSI          : -45 dBm
2026-05-28T14:37:13,RAW,UDP Count     : 24
2026-05-28T14:37:13,RAW,CSI Count     : 79
2026-05-28T14:37:13,RAW,"Last UDP      : PING,3,1779950232.886188"
2026-05-28T14:37:13,RAW,"Last ACK      : ACK,PING,3,1779950232.886188,RSSI=-45"
2026-05-28T14:37:13,RAW,Last UDP RSSI : -45 dBm
2026-05-28T14:37:13,RAW,====================================
2026-05-28T14:37:14,RAW,========== CURRENT SUMMARY ==========
2026-05-28T14:37:14,RAW,WiFi Status   : Connected
2026-05-28T14:37:14,RAW,ESP32 IP      : 172.20.10.14
2026-05-28T14:37:14,RAW,RSSI          : -45 dBm
2026-05-28T14:37:14,RAW,UDP Count     : 24
2026-05-28T14:37:14,RAW,CSI Count     : 79
2026-05-28T14:37:14,RAW,"Last UDP      : PING,3,1779950232.886188"
2026-05-28T14:37:14,RAW,"Last ACK      : ACK,PING,3,1779950232.886188,RSSI=-45"
2026-05-28T14:37:14,RAW,Last UDP RSSI : -45 dBm
2026-05-28T14:37:14,RAW,====================================
2026-05-28T14:37:14,CSI,"CSI_DATA,80,348773,-48,6,256,0 0 15 -12 13 -11 10 -9 6 -6 4 -3 1 1 0 4 -2 8 -2 11 -3 14 -3 16 -2 18 -1 19 1 19 1 19 1 18 1 16 1 14 1 10 0 7 -1 4 -2 0 -3 -4 -2 -7 -3 -11 -1 -13 0 0 0 0 0 0 0 0 0 0 0 0 0 0 0 0 0 0 0 0 0 0 0 2 -4 0 -7 -1 -10 -3 -13 -5 -15 -7 -17 -9 -19 -10 -19 -10 -20 -10 -18 -10 -16 -8 -14 -7 -12 -6 -8 -4 -5 -3 -1 -3 3 -3 7 -3 10 -5 14 -6 16 -7 19 -9 19 -10 19 -11 18 -12"
2026-05-28T14:37:14,RAW,========== UDP DEBUG ==========
2026-05-28T14:37:14,RAW,Packet Size : 24
2026-05-28T14:37:14,RAW,Remote IP   : 172.20.10.5
2026-05-28T14:37:14,RAW,Remote Port : 52924
2026-05-28T14:37:14,RAW,"Last UDP    : PING,4,1779950233.967683"
2026-05-28T14:37:14,RAW,"ACK Message : ACK,PING,4,1779950233.967683,RSSI=-48"
2026-05-28T14:37:14,RAW,beginPacket : 1
2026-05-28T14:37:14,RAW,endPacket   : 1
2026-05-28T14:37:14,RAW,===============================
2026-05-28T14:37:14,CSI,"CSI_DATA,81,349181,-48,6,128,0 0 -22 2 -18 2 -17 2 -9 0 -6 -1 0 -3 3 -4 7 -8 9 -9 10 -11 11 -15 12 -15 11 -15 12 -17 10 -15 11 -17 7 -11 8 -11 5 -8 3 -5 1 -2 0 0 -2 3 -4 5 -6 6 -8 7 0 0 0 0 0 0 0 0 0 0 0 0 0 0 0 0 0 0 0 0 0 0 -1 -1 3 0 4 1 8 4 9 5 12 9 13 10 14 11 13 12 13 11 14 12 13 10 10 9 9 7 6 6 2 3 -1 2 -6 0 -10 -1 -13 -2 -19 -2 -21 -3 -22 0 -26 1 -26 2 -27 2"
2026-05-28T14:37:15,RAW,========== CURRENT SUMMARY ==========
2026-05-28T14:37:15,RAW,WiFi Status   : Connected
2026-05-28T14:37:15,RAW,ESP32 IP      : 172.20.10.14
2026-05-28T14:37:15,RAW,RSSI          : -49 dBm
2026-05-28T14:37:15,RAW,UDP Count     : 25
2026-05-28T14:37:15,RAW,CSI Count     : 81
2026-05-28T14:37:15,RAW,"Last UDP      : PING,4,1779950233.967683"
2026-05-28T14:37:15,RAW,"Last ACK      : ACK,PING,4,1779950233.967683,RSSI=-48"
2026-05-28T14:37:15,RAW,Last UDP RSSI : -48 dBm
2026-05-28T14:37:15,RAW,====================================
2026-05-28T14:37:15,CSI,"CSI_DATA,82,349899,-47,6,256,0 0 -11 -16 -10 -14 -8 -11 -6 -8 -4 -5 0 -3 3 0 6 2 10 3 13 4 15 4 17 3 18 3 19 3 19 2 18 2 17 1 15 1 13 1 9 1 6 1 3 1 -1 0 -4 -1 -8 -2 -10 -3 0 0 0 0 0 0 0 0 0 0 0 0 0 0 0 0 0 0 0 0 0 0 0 1 0 5 -1 9 -2 12 -3 15 -5 17 -6 19 -7 19 -7 20 -7 19 -7 18 -6 16 -5 13 -4 10 -3 7 -3 3 -2 -1 -3 -5 -3 -9 -4 -12 -6 -15 -7 -18 -9 -20 -11 -20 -11 -20 -12 -20"
2026-05-28T14:37:15,RAW,========== UDP DEBUG ==========
2026-05-28T14:37:15,RAW,Packet Size : 23
2026-05-28T14:37:15,RAW,Remote IP   : 172.20.10.5
2026-05-28T14:37:15,RAW,Remote Port : 52924
2026-05-28T14:37:15,RAW,"Last UDP    : PING,5,1779950235.09246"
2026-05-28T14:37:15,RAW,"ACK Message : ACK,PING,5,1779950235.09246,RSSI=-49"
2026-05-28T14:37:15,RAW,beginPacket : 1
2026-05-28T14:37:15,RAW,endPacket   : 1
2026-05-28T14:37:15,RAW,===============================
2026-05-28T14:37:16,RAW,========== CURRENT SUMMARY ==========
2026-05-28T14:37:16,RAW,WiFi Status   : Connected
2026-05-28T14:37:16,RAW,ESP32 IP      : 172.20.10.14
2026-05-28T14:37:16,RAW,RSSI          : -49 dBm
2026-05-28T14:37:16,RAW,UDP Count     : 26
2026-05-28T14:37:16,RAW,CSI Count     : 82
2026-05-28T14:37:16,RAW,"Last UDP      : PING,5,1779950235.09246"
2026-05-28T14:37:16,RAW,"Last ACK      : ACK,PING,5,1779950235.09246,RSSI=-49"
2026-05-28T14:37:16,RAW,Last UDP RSSI : -49 dBm
2026-05-28T14:37:16,RAW,====================================
2026-05-28T14:37:16,CSI,"CSI_DATA,83,351043,-48,6,256,0 0 5 18 5 16 4 12 2 9 2 5 -1 2 -3 -1 -5 -4 -9 -6 -11 -8 -14 -9 -15 -10 -17 -11 -18 -10 -18 -10 -18 -10 -17 -9 -15 -9 -13 -8 -10 -7 -7 -5 -3 -4 0 -2 3 0 6 2 8 5 0 0 0 0 0 0 0 0 0 0 0 0 0 0 0 0 0 0 0 0 0 0 0 -3 1 -7 4 -9 5 -12 7 -13 10 -15 10 -16 11 -16 11 -17 11 -16 10 -15 9 -13 6 -12 5 -9 3 -6 2 -3 1 0 0 4 -1 7 0 11 0 14 1 17 2 19 2 20 3 21 4 21"
2026-05-28T14:37:16,RAW,========== UDP DEBUG ==========
2026-05-28T14:37:16,RAW,Packet Size : 24
2026-05-28T14:37:16,RAW,Remote IP   : 172.20.10.5
2026-05-28T14:37:16,RAW,Remote Port : 52924
2026-05-28T14:37:16,RAW,"Last UDP    : PING,6,1779950236.228645"
2026-05-28T14:37:16,RAW,"ACK Message : ACK,PING,6,1779950236.228645,RSSI=-49"
2026-05-28T14:37:16,RAW,beginPacket : 1
2026-05-28T14:37:16,RAW,endPacket   : 1
2026-05-28T14:37:16,RAW,===============================
2026-05-28T14:37:17,RAW,========== CURRENT SUMMARY ==========
2026-05-28T14:37:17,RAW,WiFi Status   : Connected
2026-05-28T14:37:17,RAW,ESP32 IP      : 172.20.10.14
2026-05-28T14:37:17,RAW,RSSI          : -49 dBm
2026-05-28T14:37:17,RAW,UDP Count     : 27
2026-05-28T14:37:17,RAW,CSI Count     : 83
2026-05-28T14:37:17,RAW,"Last UDP      : PING,6,1779950236.228645"
2026-05-28T14:37:17,RAW,"Last ACK      : ACK,PING,6,1779950236.228645,RSSI=-49"
2026-05-28T14:37:17,RAW,Last UDP RSSI : -49 dBm
2026-05-28T14:37:17,RAW,====================================
2026-05-28T14:37:17,CSI,"CSI_DATA,84,352154,-48,6,256,0 0 -11 14 -9 12 -7 9 -5 7 -3 3 -2 -1 -1 -5 0 -7 0 -11 0 -14 0 -17 -1 -18 -1 -19 -1 -20 -2 -20 -3 -19 -2 -18 -2 -15 -1 -13 -1 -9 0 -6 0 -3 0 1 -1 4 -2 8 -3 10 0 0 0 0 0 0 0 0 0 0 0 0 0 0 0 0 0 0 0 0 0 0 2 -2 5 -4 8 -5 11 -5 15 -6 17 -6 18 -5 19 -5 19 -5 19 -5 18 -4 15 -3 12 -3 9 -3 6 -1 2 0 -1 2 -4 3 -7 5 -10 8 -12 10 -14 12 -15 14 -15 16 -15 17 -14 17"
2026-05-28T14:37:17,RAW,========== UDP DEBUG ==========
2026-05-28T14:37:17,RAW,Packet Size : 25
2026-05-28T14:37:17,RAW,Remote IP   : 172.20.10.5
2026-05-28T14:37:17,RAW,Remote Port : 52924
2026-05-28T14:37:17,RAW,"Last UDP    : PING,7,1779950237.3658729"
2026-05-28T14:37:17,RAW,"ACK Message : ACK,PING,7,1779950237.3658729,RSSI=-49"
2026-05-28T14:37:17,RAW,beginPacket : 1
2026-05-28T14:37:17,RAW,endPacket   : 1
2026-05-28T14:37:17,RAW,===============================
2026-05-28T14:37:18,RAW,========== CURRENT SUMMARY ==========
2026-05-28T14:37:18,RAW,WiFi Status   : Connected
2026-05-28T14:37:18,RAW,ESP32 IP      : 172.20.10.14
2026-05-28T14:37:18,RAW,RSSI          : -49 dBm
2026-05-28T14:37:18,RAW,UDP Count     : 28
2026-05-28T14:37:18,RAW,CSI Count     : 84
2026-05-28T14:37:18,RAW,"Last UDP      : PING,7,1779950237.3658729"
2026-05-28T14:37:18,RAW,"Last ACK      : ACK,PING,7,1779950237.3658729,RSSI=-49"
2026-05-28T14:37:18,RAW,Last UDP RSSI : -49 dBm
2026-05-28T14:37:18,RAW,====================================
2026-05-28T14:37:18,CSI,"CSI_DATA,85,353280,-48,6,256,0 0 14 12 12 10 10 7 6 5 3 3 -1 1 -5 0 -8 -2 -12 -2 -16 -2 -18 -2 -20 -2 -21 -2 -22 -1 -22 0 -21 0 -19 0 -16 0 -14 -1 -10 -1 -7 -1 -3 -1 1 -1 5 0 8 1 11 3 0 0 0 0 0 0 0 0 0 0 0 0 0 0 0 0 0 0 0 0 0 0 -2 -3 -4 -6 -5 -10 -5 -13 -5 -17 -5 -19 -4 -21 -4 -22 -3 -22 -3 -21 -3 -19 -2 -17 -2 -15 -2 -11 -1 -7 0 -4 2 1 4 4 6 7 7 10 10 13 12 15 14 16 16 16 16 16 17 15"
2026-05-28T14:37:18,RAW,========== UDP DEBUG ==========
2026-05-28T14:37:18,RAW,Packet Size : 24
2026-05-28T14:37:18,RAW,Remote IP   : 172.20.10.5
2026-05-28T14:37:18,RAW,Remote Port : 52924
2026-05-28T14:37:18,RAW,"Last UDP    : PING,8,1779950238.477521"
2026-05-28T14:37:18,RAW,"ACK Message : ACK,PING,8,1779950238.477521,RSSI=-49"
2026-05-28T14:37:18,RAW,beginPacket : 1
2026-05-28T14:37:18,RAW,endPacket   : 1
2026-05-28T14:37:18,RAW,===============================
2026-05-28T14:37:19,RAW,========== CURRENT SUMMARY ==========
2026-05-28T14:37:19,RAW,WiFi Status   : Connected
2026-05-28T14:37:19,RAW,ESP32 IP      : 172.20.10.14
2026-05-28T14:37:19,RAW,RSSI          : -49 dBm
2026-05-28T14:37:19,RAW,UDP Count     : 29
2026-05-28T14:37:19,RAW,CSI Count     : 85
2026-05-28T14:37:19,RAW,"Last UDP      : PING,8,1779950238.477521"
2026-05-28T14:37:19,RAW,"Last ACK      : ACK,PING,8,1779950238.477521,RSSI=-49"
2026-05-28T14:37:19,RAW,Last UDP RSSI : -49 dBm
2026-05-28T14:37:19,RAW,====================================
2026-05-28T14:37:19,CSI,"CSI_DATA,86,354096,-48,6,128,0 0 -18 4 -19 5 -12 5 -10 2 -5 1 -1 -1 3 -3 6 -6 8 -7 12 -12 9 -15 11 -14 10 -15 11 -12 13 -16 9 -13 11 -14 8 -9 8 -7 6 -5 5 -2 3 0 -1 2 -4 2 -6 4 -8 3 0 0 0 0 0 0 0 0 0 0 0 0 0 0 0 0 0 0 0 0 0 0 1 -3 4 -3 8 -4 9 -3 15 -4 13 0 16 2 17 4 16 5 18 4 16 -1 13 1 10 1 8 1 4 2 2 2 -2 1 -7 4 -9 1 -14 1 -19 1 -20 2 -26 6 -23 11 -24 10 -21 7"
2026-05-28T14:37:19,CSI,"CSI_DATA,87,354406,-44,6,256,0 0 18 -2 15 -2 12 -2 9 -1 5 1 2 3 0 6 -2 8 -3 11 -3 14 -3 16 -2 18 -1 19 0 18 1 19 2 17 2 16 2 12 1 10 0 7 -1 4 -3 1 -5 -2 -6 -5 -7 -8 -7 -10 0 0 0 0 0 0 0 0 0 0 0 0 0 0 0 0 0 0 0 0 0 0 -5 0 -4 -5 -3 -8 -1 -11 -1 -15 1 -18 1 -20 2 -22 2 -22 1 -22 1 -20 0 -19 0 -16 0 -13 0 -10 2 -6 3 -3 6 -1 8 2 11 3 15 4 17 5 20 4 22 3 22 1 22 0"
2026-05-28T14:37:19,RAW,========== UDP DEBUG ==========
2026-05-28T14:37:19,RAW,Packet Size : 24
2026-05-28T14:37:19,RAW,Remote IP   : 172.20.10.5
2026-05-28T14:37:19,RAW,Remote Port : 52924
2026-05-28T14:37:19,RAW,"Last UDP    : PING,9,1779950239.610247"
2026-05-28T14:37:19,RAW,"ACK Message : ACK,PING,9,1779950239.610247,RSSI=-49"
2026-05-28T14:37:19,RAW,beginPacket : 1
2026-05-28T14:37:19,RAW,endPacket   : 1
2026-05-28T14:37:19,RAW,===============================
2026-05-28T14:37:20,RAW,========== CURRENT SUMMARY ==========
2026-05-28T14:37:20,RAW,WiFi Status   : Connected
2026-05-28T14:37:20,RAW,ESP32 IP      : 172.20.10.14
2026-05-28T14:37:20,RAW,RSSI          : -49 dBm
2026-05-28T14:37:20,RAW,UDP Count     : 30
2026-05-28T14:37:20,RAW,CSI Count     : 87
2026-05-28T14:37:20,RAW,"Last UDP      : PING,9,1779950239.610247"
2026-05-28T14:37:20,RAW,"Last ACK      : ACK,PING,9,1779950239.610247,RSSI=-49"
2026-05-28T14:37:20,RAW,Last UDP RSSI : -49 dBm
2026-05-28T14:37:20,RAW,====================================
2026-05-28T14:37:20,CSI,"CSI_DATA,88,355562,-44,6,256,0 0 -9 16 -7 13 -6 11 -5 7 -5 4 -5 0 -6 -3 -7 -6 -8 -9 -11 -10 -13 -12 -14 -12 -16 -12 -17 -12 -17 -11 -17 -10 -15 -9 -14 -8 -11 -7 -8 -6 -5 -5 -1 -5 2 -4 5 -3 8 -2 11 0 0 0 0 0 0 0 0 0 0 0 0 0 0 0 0 0 0 0 0 0 0 0 5 -1 7 1 9 4 12 6 13 8 15 9 16 10 17 11 17 10 16 9 15 8 13 7 11 5 8 4 5 4 1 3 -2 4 -5 4 -8 6 -11 8 -13 10 -14 12 -14 14 -14 16 -13 17 -12 18"
2026-05-28T14:37:20,RAW,========== UDP DEBUG ==========
2026-05-28T14:37:20,RAW,Packet Size : 25
2026-05-28T14:37:20,RAW,Remote IP   : 172.20.10.5
2026-05-28T14:37:20,RAW,Remote Port : 52924
2026-05-28T14:37:20,RAW,"Last UDP    : PING,10,1779950240.728456"
2026-05-28T14:37:20,RAW,"ACK Message : ACK,PING,10,1779950240.728456,RSSI=-47"
2026-05-28T14:37:20,RAW,beginPacket : 1
2026-05-28T14:37:20,RAW,endPacket   : 1
2026-05-28T14:37:20,RAW,===============================
2026-05-28T14:37:21,RAW,========== CURRENT SUMMARY ==========
2026-05-28T14:37:21,RAW,WiFi Status   : Connected
2026-05-28T14:37:21,RAW,ESP32 IP      : 172.20.10.14
2026-05-28T14:37:21,RAW,RSSI          : -47 dBm
2026-05-28T14:37:21,RAW,UDP Count     : 31
2026-05-28T14:37:21,RAW,CSI Count     : 88
2026-05-28T14:37:21,RAW,"Last UDP      : PING,10,1779950240.728456"
2026-05-28T14:37:21,RAW,"Last ACK      : ACK,PING,10,1779950240.728456,RSSI=-47"
2026-05-28T14:37:21,RAW,Last UDP RSSI : -47 dBm
2026-05-28T14:37:21,RAW,====================================
2026-05-28T14:37:22,RAW,========== CURRENT SUMMARY ==========
2026-05-28T14:37:22,RAW,WiFi Status   : Connected
2026-05-28T14:37:22,RAW,ESP32 IP      : 172.20.10.14
2026-05-28T14:37:22,RAW,RSSI          : -46 dBm
2026-05-28T14:37:22,RAW,UDP Count     : 31
2026-05-28T14:37:22,RAW,CSI Count     : 88
2026-05-28T14:37:22,RAW,"Last UDP      : PING,10,1779950240.728456"
2026-05-28T14:37:22,RAW,"Last ACK      : ACK,PING,10,1779950240.728456,RSSI=-47"
2026-05-28T14:37:22,RAW,Last UDP RSSI : -47 dBm
2026-05-28T14:37:22,RAW,====================================
2026-05-28T14:37:22,CSI,"CSI_DATA,89,356761,-48,6,256,0 0 2 18 2 15 1 11 0 7 -2 3 -5 0 -8 -4 -11 -6 -14 -7 -16 -8 -18 -8 -20 -7 -21 -6 -20 -4 -20 -4 -17 -3 -16 -2 -12 -2 -8 -2 -4 -2 0 -3 4 -2 8 -2 11 -2 14 -2 15 -1 0 0 0 0 0 0 0 0 0 0 0 0 0 0 0 0 0 0 0 0 0 0 -5 -2 -1 -4 3 -5 7 -6 11 -6 14 -7 17 -7 19 -7 20 -8 21 -8 19 -7 17 -7 15 -6 12 -5 9 -4 6 -1 2 2 0 5 -2 8 -3 12 -3 16 -4 19 -3 22 -2 22 0 23 1 22"
2026-05-28T14:37:22,RAW,========== UDP DEBUG ==========
2026-05-28T14:37:22,RAW,Packet Size : 26
2026-05-28T14:37:22,RAW,Remote IP   : 172.20.10.5
2026-05-28T14:37:22,RAW,Remote Port : 52924
2026-05-28T14:37:22,RAW,"Last UDP    : PING,11,1779950241.9579031"
2026-05-28T14:37:22,RAW,"ACK Message : ACK,PING,11,1779950241.9579031,RSSI=-49"
2026-05-28T14:37:22,RAW,beginPacket : 1
2026-05-28T14:37:22,RAW,endPacket   : 1
2026-05-28T14:37:22,RAW,===============================
2026-05-28T14:37:23,RAW,========== CURRENT SUMMARY ==========
2026-05-28T14:37:23,RAW,WiFi Status   : Connected
2026-05-28T14:37:23,RAW,ESP32 IP      : 172.20.10.14
2026-05-28T14:37:23,RAW,RSSI          : -49 dBm
2026-05-28T14:37:23,RAW,UDP Count     : 32
2026-05-28T14:37:23,RAW,CSI Count     : 89
2026-05-28T14:37:23,RAW,"Last UDP      : PING,11,1779950241.9579031"
2026-05-28T14:37:23,RAW,"Last ACK      : ACK,PING,11,1779950241.9579031,RSSI=-49"
2026-05-28T14:37:23,RAW,Last UDP RSSI : -49 dBm
2026-05-28T14:37:23,RAW,====================================
2026-05-28T14:37:23,CSI,"CSI_DATA,90,357886,-49,6,256,0 0 -20 -1 -17 0 -12 -1 -8 -1 -4 -3 0 -5 3 -7 6 -10 7 -13 8 -15 8 -18 8 -20 6 -20 5 -20 3 -20 3 -17 2 -15 1 -12 1 -8 1 -4 2 -1 2 4 2 7 2 10 1 14 0 16 0 0 0 0 0 0 0 0 0 0 0 0 0 0 0 0 0 0 0 0 0 0 3 -5 3 -1 3 4 2 8 2 12 1 16 0 19 0 20 1 22 0 21 0 21 0 18 2 16 1 13 0 10 -1 6 -3 2 -6 -1 -9 -3 -12 -5 -15 -6 -19 -7 -21 -7 -23 -6 -24 -5 -24 -3"
2026-05-28T14:37:23,RAW,========== UDP DEBUG ==========
2026-05-28T14:37:23,RAW,Packet Size : 26
2026-05-28T14:37:23,RAW,Remote IP   : 172.20.10.5
2026-05-28T14:37:23,RAW,Remote Port : 52924
2026-05-28T14:37:23,RAW,"Last UDP    : PING,12,1779950243.0836182"
2026-05-28T14:37:23,RAW,"ACK Message : ACK,PING,12,1779950243.0836182,RSSI=-44"
2026-05-28T14:37:23,RAW,beginPacket : 1
2026-05-28T14:37:23,RAW,endPacket   : 1
2026-05-28T14:37:23,RAW,===============================
2026-05-28T14:37:24,RAW,========== CURRENT SUMMARY ==========
2026-05-28T14:37:24,RAW,WiFi Status   : Connected
2026-05-28T14:37:24,RAW,ESP32 IP      : 172.20.10.14
2026-05-28T14:37:24,RAW,RSSI          : -44 dBm
2026-05-28T14:37:24,RAW,UDP Count     : 33
2026-05-28T14:37:24,RAW,CSI Count     : 90
2026-05-28T14:37:24,RAW,"Last UDP      : PING,12,1779950243.0836182"
2026-05-28T14:37:24,RAW,"Last ACK      : ACK,PING,12,1779950243.0836182,RSSI=-44"
2026-05-28T14:37:24,RAW,Last UDP RSSI : -44 dBm
2026-05-28T14:37:24,RAW,====================================
2026-05-28T14:37:24,CSI,"CSI_DATA,91,359013,-49,6,256,0 0 1 18 1 14 1 11 -1 7 -2 4 -4 1 -7 -3 -9 -5 -12 -6 -15 -7 -17 -8 -19 -7 -20 -6 -20 -5 -20 -4 -19 -3 -17 -1 -14 -2 -11 -1 -7 -2 -3 -2 1 -2 5 -3 8 -3 11 -2 13 -1 0 0 0 0 0 0 0 0 0 0 0 0 0 0 0 0 0 0 0 0 0 0 -1 -3 2 -4 7 -4 10 -5 13 -5 17 -4 19 -4 20 -4 21 -4 20 -4 19 -3 17 -3 14 -3 11 -2 8 -1 5 0 1 3 -1 6 -2 9 -4 12 -5 15 -5 18 -5 20 -5 22 -3 22 -1 22"
2026-05-28T14:37:24,RAW,========== UDP DEBUG ==========
2026-05-28T14:37:24,RAW,Packet Size : 26
2026-05-28T14:37:24,RAW,Remote IP   : 172.20.10.5
2026-05-28T14:37:24,RAW,Remote Port : 52924
2026-05-28T14:37:24,RAW,"Last UDP    : PING,13,1779950244.2094688"
2026-05-28T14:37:24,RAW,"ACK Message : ACK,PING,13,1779950244.2094688,RSSI=-49"
2026-05-28T14:37:24,RAW,beginPacket : 1
2026-05-28T14:37:24,RAW,endPacket   : 1
2026-05-28T14:37:24,RAW,===============================
2026-05-28T14:37:24,CSI,"CSI_DATA,92,359113,-49,6,128,0 0 21 1 14 2 15 0 8 1 3 2 -3 3 -7 4 -9 7 -12 8 -9 11 -8 17 -10 17 -8 18 -10 19 -8 14 -8 17 -4 11 -5 11 -5 7 -4 3 -3 0 -1 -3 -1 -5 -1 -7 0 -10 3 -12 0 0 0 0 0 0 0 0 0 0 0 0 0 0 0 0 0 0 0 0 0 0 -3 1 -4 -2 -5 -5 -6 -10 -6 -10 -4 -18 -1 -18 -1 -19 0 -19 -3 -16 -8 -18 -6 -16 -6 -14 -5 -12 -3 -10 2 -6 4 -4 5 -1 11 5 12 9 16 8 18 11 18 5 26 2 25 0 27 3"
2026-05-28T14:37:25,RAW,========== CURRENT SUMMARY ==========
2026-05-28T14:37:25,RAW,WiFi Status   : Connected
2026-05-28T14:37:25,RAW,ESP32 IP      : 172.20.10.14
2026-05-28T14:37:25,RAW,RSSI          : -49 dBm
2026-05-28T14:37:25,RAW,UDP Count     : 34
2026-05-28T14:37:25,RAW,CSI Count     : 92
2026-05-28T14:37:25,RAW,"Last UDP      : PING,13,1779950244.2094688"
2026-05-28T14:37:25,RAW,"Last ACK      : ACK,PING,13,1779950244.2094688,RSSI=-49"
2026-05-28T14:37:25,RAW,Last UDP RSSI : -49 dBm
2026-05-28T14:37:25,RAW,====================================
2026-05-28T14:37:25,CSI,"CSI_DATA,93,360140,-49,6,256,0 0 -18 4 -16 1 -12 2 -8 1 -5 -1 -2 -4 1 -6 2 -9 4 -11 4 -14 4 -16 4 -18 3 -19 2 -20 1 -20 0 -18 -1 -18 0 -15 0 -12 0 -9 0 -6 1 -2 2 2 2 5 2 8 1 11 0 0 0 0 0 0 0 0 0 0 0 0 0 0 0 0 0 0 0 0 0 0 4 1 4 4 5 8 5 11 6 14 6 16 6 18 6 19 5 19 6 18 5 17 5 14 4 12 2 9 1 7 -2 4 -4 1 -8 0 -11 -2 -13 -3 -17 -3 -19 -3 -21 -2 -22 0 -22 0 -22 1"
2026-05-28T14:37:25,RAW,========== UDP DEBUG ==========
2026-05-28T14:37:25,RAW,Packet Size : 26
2026-05-28T14:37:25,RAW,Remote IP   : 172.20.10.5
2026-05-28T14:37:25,RAW,Remote Port : 52924
2026-05-28T14:37:25,RAW,"Last UDP    : PING,14,1779950245.3342001"
2026-05-28T14:37:25,RAW,"ACK Message : ACK,PING,14,1779950245.3342001,RSSI=-49"
2026-05-28T14:37:25,RAW,beginPacket : 1
2026-05-28T14:37:25,RAW,endPacket   : 1
2026-05-28T14:37:25,RAW,===============================
2026-05-28T14:37:26,RAW,========== CURRENT SUMMARY ==========
2026-05-28T14:37:26,RAW,WiFi Status   : Connected
2026-05-28T14:37:26,RAW,ESP32 IP      : 172.20.10.14
2026-05-28T14:37:26,RAW,RSSI          : -49 dBm
2026-05-28T14:37:26,RAW,UDP Count     : 35
2026-05-28T14:37:26,RAW,CSI Count     : 93
2026-05-28T14:37:26,RAW,"Last UDP      : PING,14,1779950245.3342001"
2026-05-28T14:37:26,RAW,"Last ACK      : ACK,PING,14,1779950245.3342001,RSSI=-49"
2026-05-28T14:37:26,RAW,Last UDP RSSI : -49 dBm
2026-05-28T14:37:26,RAW,====================================
2026-05-28T14:37:26,CSI,"CSI_DATA,94,361268,-48,6,256,0 0 -16 10 -13 9 -10 7 -7 4 -5 1 -2 -2 -2 -5 0 -9 1 -12 1 -15 1 -18 1 -20 -1 -20 -1 -21 -2 -20 -2 -19 -2 -17 -2 -15 -1 -12 0 -8 1 -4 2 -1 2 3 2 7 2 10 1 13 0 0 0 0 0 0 0 0 0 0 0 0 0 0 0 0 0 0 0 0 0 0 0 -2 4 0 7 1 9 4 12 6 14 8 15 9 16 10 16 10 16 10 15 9 14 8 12 7 9 5 6 4 3 3 -1 2 -5 2 -8 2 -12 3 -15 4 -17 5 -19 7 -20 8 -20 10 -19 11"
2026-05-28T14:37:26,RAW,========== UDP DEBUG ==========
2026-05-28T14:37:26,RAW,Packet Size : 26
2026-05-28T14:37:26,RAW,Remote IP   : 172.20.10.5
2026-05-28T14:37:26,RAW,Remote Port : 52924
2026-05-28T14:37:26,RAW,"Last UDP    : PING,15,1779950246.4615161"
2026-05-28T14:37:26,RAW,"ACK Message : ACK,PING,15,1779950246.4615161,RSSI=-49"
2026-05-28T14:37:26,RAW,beginPacket : 1
2026-05-28T14:37:26,RAW,endPacket   : 1
2026-05-28T14:37:26,RAW,===============================
2026-05-28T14:37:27,RAW,========== CURRENT SUMMARY ==========
2026-05-28T14:37:27,RAW,WiFi Status   : Connected
2026-05-28T14:37:27,RAW,ESP32 IP      : 172.20.10.14
2026-05-28T14:37:27,RAW,RSSI          : -49 dBm
2026-05-28T14:37:27,RAW,UDP Count     : 36
2026-05-28T14:37:27,RAW,CSI Count     : 94
2026-05-28T14:37:27,RAW,"Last UDP      : PING,15,1779950246.4615161"
2026-05-28T14:37:27,RAW,"Last ACK      : ACK,PING,15,1779950246.4615161,RSSI=-49"
2026-05-28T14:37:27,RAW,Last UDP RSSI : -49 dBm
2026-05-28T14:37:27,RAW,====================================
2026-05-28T14:37:27,CSI,"CSI_DATA,95,362392,-48,6,256,0 0 9 -17 6 -14 5 -11 4 -7 2 -3 2 1 2 5 3 7 5 11 6 14 7 15 9 16 10 16 11 16 11 15 11 13 10 11 8 9 6 7 3 5 1 2 -2 0 -5 -3 -7 -5 -9 -8 -9 -10 0 0 0 0 0 0 0 0 0 0 0 0 0 0 0 0 0 0 0 0 0 0 0 2 -4 2 -7 1 -11 0 -15 -1 -17 -2 -19 -3 -21 -5 -22 -5 -21 -4 -20 -4 -18 -3 -15 -3 -12 -2 -9 -3 -5 -3 -1 -4 2 -5 6 -7 9 -9 11 -11 12 -14 14 -16 13 -18 13 -19 11 -19"
2026-05-28T14:37:27,RAW,========== UDP DEBUG ==========
2026-05-28T14:37:27,RAW,Packet Size : 25
2026-05-28T14:37:27,RAW,Remote IP   : 172.20.10.5
2026-05-28T14:37:27,RAW,Remote Port : 52924
2026-05-28T14:37:27,RAW,"Last UDP    : PING,16,1779950247.592337"
2026-05-28T14:37:27,RAW,"ACK Message : ACK,PING,16,1779950247.592337,RSSI=-45"
2026-05-28T14:37:27,RAW,beginPacket : 1
2026-05-28T14:37:27,RAW,endPacket   : 1
2026-05-28T14:37:27,RAW,===============================
2026-05-28T14:37:28,RAW,========== CURRENT SUMMARY ==========
2026-05-28T14:37:28,RAW,WiFi Status   : Connected
2026-05-28T14:37:28,RAW,ESP32 IP      : 172.20.10.14
2026-05-28T14:37:28,RAW,RSSI          : -45 dBm
2026-05-28T14:37:28,RAW,UDP Count     : 37
2026-05-28T14:37:28,RAW,CSI Count     : 95
2026-05-28T14:37:28,RAW,"Last UDP      : PING,16,1779950247.592337"
2026-05-28T14:37:28,RAW,"Last ACK      : ACK,PING,16,1779950247.592337,RSSI=-45"
2026-05-28T14:37:28,RAW,Last UDP RSSI : -45 dBm
2026-05-28T14:37:28,RAW,====================================
2026-05-28T14:37:28,CSI,"CSI_DATA,96,363521,-49,6,256,0 0 -15 -12 -14 -9 -10 -7 -6 -5 -2 -4 2 -4 6 -4 9 -5 12 -6 15 -7 16 -9 17 -11 17 -12 15 -12 14 -12 13 -11 10 -11 8 -8 6 -6 4 -3 1 1 -1 3 -3 7 -6 9 -8 11 -10 11 0 0 0 0 0 0 0 0 0 0 0 0 0 0 0 0 0 0 0 0 0 0 5 -3 2 2 0 5 -2 8 -5 11 -7 13 -9 16 -10 17 -11 18 -10 19 -10 19 -9 17 -7 14 -6 12 -5 9 -5 5 -4 1 -5 -3 -5 -8 -7 -10 -10 -13 -12 -15 -14 -17 -16 -17 -17 -16 -18 -14"
2026-05-28T14:37:28,RAW,========== UDP DEBUG ==========
2026-05-28T14:37:28,RAW,Packet Size : 26
2026-05-28T14:37:28,RAW,Remote IP   : 172.20.10.5
2026-05-28T14:37:28,RAW,Remote Port : 52924
2026-05-28T14:37:28,RAW,"Last UDP    : PING,17,1779950248.7131379"
2026-05-28T14:37:28,RAW,"ACK Message : ACK,PING,17,1779950248.7131379,RSSI=-49"
2026-05-28T14:37:28,RAW,beginPacket : 1
2026-05-28T14:37:28,RAW,endPacket   : 1
2026-05-28T14:37:28,RAW,===============================
2026-05-28T14:37:29,RAW,========== CURRENT SUMMARY ==========
2026-05-28T14:37:29,RAW,WiFi Status   : Connected
2026-05-28T14:37:29,RAW,ESP32 IP      : 172.20.10.14
2026-05-28T14:37:29,RAW,RSSI          : -49 dBm
2026-05-28T14:37:29,RAW,UDP Count     : 38
2026-05-28T14:37:29,RAW,CSI Count     : 96
2026-05-28T14:37:29,RAW,"Last UDP      : PING,17,1779950248.7131379"
2026-05-28T14:37:29,RAW,"Last ACK      : ACK,PING,17,1779950248.7131379,RSSI=-49"
2026-05-28T14:37:29,RAW,Last UDP RSSI : -49 dBm
2026-05-28T14:37:29,RAW,====================================
2026-05-28T14:37:29,CSI,"CSI_DATA,97,364131,-48,6,128,0 0 20 2 16 1 13 1 9 1 5 2 0 3 -3 4 -6 6 -9 8 -10 10 -11 12 -12 13 -11 15 -11 15 -9 15 -8 15 -7 12 -6 11 -5 8 -4 6 -3 3 -2 0 -1 -3 0 -5 2 -7 3 -9 0 0 0 0 0 0 0 0 0 0 0 0 0 0 0 0 0 0 0 0 0 0 -4 -2 -4 -5 -4 -8 -5 -11 -5 -13 -4 -16 -4 -17 -4 -18 -4 -18 -3 -18 -4 -17 -3 -15 -2 -13 -2 -11 -1 -8 1 -4 3 -1 6 1 9 3 12 5 16 6 19 7 21 7 23 7 24 6 24 4"
2026-05-28T14:37:29,CSI,"CSI_DATA,98,364644,-49,6,256,0 0 18 2 15 2 12 1 7 2 3 2 0 3 -4 5 -7 7 -9 9 -9 11 -11 14 -11 15 -10 17 -9 18 -8 17 -7 17 -6 14 -5 13 -4 9 -3 5 -3 2 -2 -2 -2 -5 -1 -8 0 -12 2 -14 0 0 0 0 0 0 0 0 0 0 0 0 0 0 0 0 0 0 0 0 0 0 -3 0 -4 -4 -3 -7 -1 -11 0 -14 1 -19 1 -21 1 -22 1 -22 1 -21 1 -21 0 -19 0 -16 0 -13 1 -10 1 -6 3 -2 5 1 8 4 11 6 14 7 17 9 18 9 20 8 21 7 21 6"
2026-05-28T14:37:29,RAW,========== UDP DEBUG ==========
2026-05-28T14:37:29,RAW,Packet Size : 25
2026-05-28T14:37:29,RAW,Remote IP   : 172.20.10.5
2026-05-28T14:37:29,RAW,Remote Port : 52924
2026-05-28T14:37:29,RAW,"Last UDP    : PING,18,1779950249.844075"
2026-05-28T14:37:29,RAW,"ACK Message : ACK,PING,18,1779950249.844075,RSSI=-49"
2026-05-28T14:37:29,RAW,beginPacket : 1
2026-05-28T14:37:29,RAW,endPacket   : 1
2026-05-28T14:37:29,RAW,===============================
2026-05-28T14:37:30,RAW,========== CURRENT SUMMARY ==========
2026-05-28T14:37:30,RAW,WiFi Status   : Connected
2026-05-28T14:37:30,RAW,ESP32 IP      : 172.20.10.14
2026-05-28T14:37:30,RAW,RSSI          : -49 dBm
2026-05-28T14:37:30,RAW,UDP Count     : 39
2026-05-28T14:37:30,RAW,CSI Count     : 98
2026-05-28T14:37:30,RAW,"Last UDP      : PING,18,1779950249.844075"
2026-05-28T14:37:30,RAW,"Last ACK      : ACK,PING,18,1779950249.844075,RSSI=-49"
2026-05-28T14:37:30,RAW,Last UDP RSSI : -49 dBm
2026-05-28T14:37:30,RAW,====================================
2026-05-28T14:37:31,RAW,========== CURRENT SUMMARY ==========
2026-05-28T14:37:31,RAW,WiFi Status   : Connected
2026-05-28T14:37:31,RAW,ESP32 IP      : 172.20.10.14
2026-05-28T14:37:31,RAW,RSSI          : -49 dBm
2026-05-28T14:37:31,RAW,UDP Count     : 39
2026-05-28T14:37:31,RAW,CSI Count     : 98
2026-05-28T14:37:31,RAW,"Last UDP      : PING,18,1779950249.844075"
2026-05-28T14:37:31,RAW,"Last ACK      : ACK,PING,18,1779950249.844075,RSSI=-49"
2026-05-28T14:37:31,RAW,Last UDP RSSI : -49 dBm
2026-05-28T14:37:31,RAW,====================================
2026-05-28T14:37:31,CSI,"CSI_DATA,99,365776,-48,6,256,0 0 11 14 9 12 7 9 4 6 1 4 -2 2 -6 1 -9 0 -13 0 -16 0 -18 1 -20 1 -21 3 -21 3 -21 5 -19 4 -17 4 -15 3 -12 2 -8 0 -4 -1 -1 -3 3 -4 7 -5 10 -5 13 -5 0 0 0 0 0 0 0 0 0 0 0 0 0 0 0 0 0 0 0 0 0 0 -3 -2 0 -5 2 -8 5 -10 7 -12 9 -14 11 -15 12 -16 12 -16 12 -16 11 -15 10 -14 8 -12 6 -10 5 -7 3 -4 2 0 2 4 2 8 3 11 4 14 6 16 7 19 9 20 10 19 11 18"
2026-05-28T14:37:31,RAW,========== UDP DEBUG ==========
2026-05-28T14:37:31,RAW,Packet Size : 25
2026-05-28T14:37:31,RAW,Remote IP   : 172.20.10.5
2026-05-28T14:37:31,RAW,Remote Port : 52924
2026-05-28T14:37:31,RAW,"Last UDP    : PING,19,1779950250.980326"
2026-05-28T14:37:31,RAW,"ACK Message : ACK,PING,19,1779950250.980326,RSSI=-49"
2026-05-28T14:37:31,RAW,beginPacket : 1
2026-05-28T14:37:31,RAW,endPacket   : 1
2026-05-28T14:37:31,RAW,===============================
2026-05-28T14:37:32,RAW,========== CURRENT SUMMARY ==========
2026-05-28T14:37:32,RAW,WiFi Status   : Connected
2026-05-28T14:37:32,RAW,ESP32 IP      : 172.20.10.14
2026-05-28T14:37:32,RAW,RSSI          : -49 dBm
2026-05-28T14:37:32,RAW,UDP Count     : 40
2026-05-28T14:37:32,RAW,CSI Count     : 99
2026-05-28T14:37:32,RAW,"Last UDP      : PING,19,1779950250.980326"
2026-05-28T14:37:32,RAW,"Last ACK      : ACK,PING,19,1779950250.980326,RSSI=-49"
2026-05-28T14:37:32,RAW,Last UDP RSSI : -49 dBm
2026-05-28T14:37:32,RAW,====================================
2026-05-28T14:37:32,CSI,"CSI_DATA,100,366897,-48,6,256,0 0 17 -7 14 -6 10 -4 7 -3 3 0 0 2 -2 6 -4 9 -5 12 -5 15 -5 17 -5 19 -4 20 -2 20 -1 20 -1 18 -1 16 0 13 0 9 -1 6 -1 2 -2 -2 -2 -5 -2 -10 -1 -12 0 -15 0 0 0 0 0 0 0 0 0 0 0 0 0 0 0 0 0 0 0 0 0 0 -2 2 -5 -1 -7 -4 -9 -7 -11 -10 -13 -13 -14 -15 -14 -16 -14 -16 -14 -17 -13 -15 -12 -14 -10 -12 -8 -10 -6 -8 -2 -5 1 -3 5 -2 8 -2 13 -1 15 -2 19 -3 22 -3 22 -4 22 -6 21 -7"
2026-05-28T14:37:32,RAW,========== UDP DEBUG ==========
2026-05-28T14:37:32,RAW,Packet Size : 25
2026-05-28T14:37:32,RAW,Remote IP   : 172.20.10.5
2026-05-28T14:37:32,RAW,Remote Port : 52924
2026-05-28T14:37:32,RAW,"Last UDP    : PING,20,1779950252.092415"
2026-05-28T14:37:32,RAW,"ACK Message : ACK,PING,20,1779950252.092415,RSSI=-44"
2026-05-28T14:37:32,RAW,beginPacket : 1
2026-05-28T14:37:32,RAW,endPacket   : 1
2026-05-28T14:37:32,RAW,===============================
2026-05-28T14:37:33,RAW,========== CURRENT SUMMARY ==========
2026-05-28T14:37:33,RAW,WiFi Status   : Connected
2026-05-28T14:37:33,RAW,ESP32 IP      : 172.20.10.14
2026-05-28T14:37:33,RAW,RSSI          : -44 dBm
2026-05-28T14:37:33,RAW,UDP Count     : 41
2026-05-28T14:37:33,RAW,CSI Count     : 100
2026-05-28T14:37:33,RAW,"Last UDP      : PING,20,1779950252.092415"
2026-05-28T14:37:33,RAW,"Last ACK      : ACK,PING,20,1779950252.092415,RSSI=-44"
2026-05-28T14:37:33,RAW,Last UDP RSSI : -44 dBm
2026-05-28T14:37:33,RAW,====================================
2026-05-28T14:37:33,CSI,"CSI_DATA,101,368024,-44,6,256,0 0 -8 -16 -7 -14 -6 -11 -3 -7 0 -5 3 -3 6 -2 10 -1 13 -1 16 -2 17 -3 18 -4 19 -5 18 -6 18 -7 16 -7 14 -7 12 -5 9 -4 6 -1 3 1 1 3 -3 6 -5 7 -8 9 -11 10 0 0 0 0 0 0 0 0 0 0 0 0 0 0 0 0 0 0 0 0 0 0 -1 3 -5 4 -9 5 -12 5 -15 6 -17 6 -19 6 -20 6 -19 7 -19 6 -17 6 -15 6 -12 5 -10 4 -7 1 -5 -1 -3 -4 -1 -8 -1 -11 -1 -14 -1 -17 -2 -19 -4 -21 -5 -22 -6 -21 -7 -20"
2026-05-28T14:37:33,RAW,========== UDP DEBUG ==========
2026-05-28T14:37:33,RAW,Packet Size : 26
2026-05-28T14:37:33,RAW,Remote IP   : 172.20.10.5
2026-05-28T14:37:33,RAW,Remote Port : 52924
2026-05-28T14:37:33,RAW,"Last UDP    : PING,21,1779950253.2251909"
2026-05-28T14:37:33,RAW,"ACK Message : ACK,PING,21,1779950253.2251909,RSSI=-46"
2026-05-28T14:37:33,RAW,beginPacket : 1
2026-05-28T14:37:33,RAW,endPacket   : 1
2026-05-28T14:37:33,RAW,===============================
2026-05-28T14:37:34,RAW,========== CURRENT SUMMARY ==========
2026-05-28T14:37:34,RAW,WiFi Status   : Connected
2026-05-28T14:37:34,RAW,ESP32 IP      : 172.20.10.14
2026-05-28T14:37:34,RAW,RSSI          : -46 dBm
2026-05-28T14:37:34,RAW,UDP Count     : 42
2026-05-28T14:37:34,RAW,CSI Count     : 101
2026-05-28T14:37:34,RAW,"Last UDP      : PING,21,1779950253.2251909"
2026-05-28T14:37:34,RAW,"Last ACK      : ACK,PING,21,1779950253.2251909,RSSI=-46"
2026-05-28T14:37:34,RAW,Last UDP RSSI : -46 dBm
2026-05-28T14:37:34,RAW,====================================
2026-05-28T14:37:34,CSI,"CSI_DATA,102,369153,-50,6,128,0 0 -10 20 -9 17 -7 14 -5 9 -2 5 0 1 1 -4 3 -8 5 -11 6 -15 6 -17 7 -18 7 -19 7 -19 7 -19 7 -17 7 -15 6 -13 5 -10 4 -7 2 -4 0 -1 -3 1 -5 3 -8 4 -11 3 0 0 0 0 0 0 0 0 0 0 0 0 0 0 0 0 0 0 0 0 0 0 1 0 1 -4 1 -7 2 -9 3 -12 4 -14 6 -16 7 -17 8 -17 9 -16 9 -16 8 -15 7 -13 5 -11 3 -8 1 -5 -1 -2 -3 2 -5 6 -7 10 -9 14 -10 17 -12 20 -11 22 -12 23 -12 23"
2026-05-28T14:37:34,CSI,"CSI_DATA,103,369252,-48,6,256,0 0 5 18 5 14 4 11 2 7 -1 4 -4 0 -7 -2 -10 -4 -13 -5 -16 -5 -19 -5 -20 -4 -21 -3 -21 -2 -20 -1 -19 0 -16 0 -13 0 -9 -1 -6 -2 -1 -2 2 -3 6 -4 9 -4 12 -4 15 -3 0 0 0 0 0 0 0 0 0 0 0 0 0 0 0 0 0 0 0 0 0 0 -6 0 -2 -3 1 -5 5 -7 9 -8 12 -9 15 -10 17 -10 18 -11 18 -12 17 -11 16 -11 13 -10 11 -8 8 -6 6 -4 3 0 1 4 0 7 -1 11 -1 15 0 18 1 21 3 22 4 23 5 22"
2026-05-28T14:37:34,RAW,========== UDP DEBUG ==========
2026-05-28T14:37:34,RAW,Packet Size : 25
2026-05-28T14:37:34,RAW,Remote IP   : 172.20.10.5
2026-05-28T14:37:34,RAW,Remote Port : 52924
2026-05-28T14:37:34,RAW,"Last UDP    : PING,22,1779950254.348181"
2026-05-28T14:37:34,RAW,"ACK Message : ACK,PING,22,1779950254.348181,RSSI=-52"
2026-05-28T14:37:34,RAW,beginPacket : 1
2026-05-28T14:37:34,RAW,endPacket   : 1
2026-05-28T14:37:34,RAW,===============================
2026-05-28T14:37:35,RAW,========== CURRENT SUMMARY ==========
2026-05-28T14:37:35,RAW,WiFi Status   : Connected
2026-05-28T14:37:35,RAW,ESP32 IP      : 172.20.10.14
2026-05-28T14:37:35,RAW,RSSI          : -52 dBm
2026-05-28T14:37:35,RAW,UDP Count     : 43
2026-05-28T14:37:35,RAW,CSI Count     : 103
2026-05-28T14:37:35,RAW,"Last UDP      : PING,22,1779950254.348181"
2026-05-28T14:37:35,RAW,"Last ACK      : ACK,PING,22,1779950254.348181,RSSI=-52"
2026-05-28T14:37:35,RAW,Last UDP RSSI : -52 dBm
2026-05-28T14:37:35,RAW,====================================
2026-05-28T14:37:35,CSI,"CSI_DATA,104,370379,-48,6,256,0 0 7 17 7 15 5 11 3 8 1 4 -2 1 -6 -1 -9 -3 -12 -4 -16 -5 -18 -5 -20 -4 -21 -3 -21 -2 -21 -1 -18 -1 -17 -1 -13 -1 -10 -1 -6 -2 -2 -2 2 -3 6 -3 9 -3 12 -2 14 -1 0 0 0 0 0 0 0 0 0 0 0 0 0 0 0 0 0 0 0 0 0 0 -5 2 -3 -1 0 -4 3 -6 6 -10 9 -11 12 -14 14 -15 15 -16 15 -16 14 -16 13 -15 11 -13 9 -11 7 -9 5 -6 3 -2 2 2 1 6 1 10 1 14 2 17 4 21 5 22 6 22 7 21"
2026-05-28T14:37:35,RAW,========== UDP DEBUG ==========
2026-05-28T14:37:35,RAW,Packet Size : 26
2026-05-28T14:37:35,RAW,Remote IP   : 172.20.10.5
2026-05-28T14:37:35,RAW,Remote Port : 52924
2026-05-28T14:37:35,RAW,"Last UDP    : PING,23,1779950255.5797708"
2026-05-28T14:37:35,RAW,"ACK Message : ACK,PING,23,1779950255.5797708,RSSI=-45"
2026-05-28T14:37:35,RAW,beginPacket : 1
2026-05-28T14:37:35,RAW,endPacket   : 1
2026-05-28T14:37:35,RAW,===============================
2026-05-28T14:37:36,RAW,========== CURRENT SUMMARY ==========
2026-05-28T14:37:36,RAW,WiFi Status   : Connected
2026-05-28T14:37:36,RAW,ESP32 IP      : 172.20.10.14
2026-05-28T14:37:36,RAW,RSSI          : -45 dBm
2026-05-28T14:37:36,RAW,UDP Count     : 44
2026-05-28T14:37:36,RAW,CSI Count     : 104
2026-05-28T14:37:36,RAW,"Last UDP      : PING,23,1779950255.5797708"
2026-05-28T14:37:36,RAW,"Last ACK      : ACK,PING,23,1779950255.5797708,RSSI=-45"
2026-05-28T14:37:36,RAW,Last UDP RSSI : -45 dBm
2026-05-28T14:37:36,RAW,====================================
2026-05-28T14:37:36,CSI,"CSI_DATA,105,371529,-48,6,256,0 0 -16 10 -14 9 -10 7 -7 4 -5 1 -3 -3 -2 -6 -1 -10 -1 -14 0 -17 -1 -19 -3 -20 -4 -21 -5 -21 -6 -20 -6 -18 -5 -16 -5 -13 -4 -10 -2 -7 0 -4 2 0 3 3 4 6 5 9 5 12 0 0 0 0 0 0 0 0 0 0 0 0 0 0 0 0 0 0 0 0 0 0 0 -3 3 0 6 3 9 5 12 8 13 11 15 12 16 14 17 14 17 15 15 14 14 12 12 9 9 8 6 5 3 4 -1 3 -5 2 -9 2 -13 4 -17 4 -18 7 -21 8 -21 9 -21 10 -20 11"
2026-05-28T14:37:36,RAW,========== UDP DEBUG ==========
2026-05-28T14:37:36,RAW,Packet Size : 26
2026-05-28T14:37:36,RAW,Remote IP   : 172.20.10.5
2026-05-28T14:37:36,RAW,Remote Port : 52924
2026-05-28T14:37:36,RAW,"Last UDP    : PING,24,1779950256.6976871"
2026-05-28T14:37:36,RAW,"ACK Message : ACK,PING,24,1779950256.6976871,RSSI=-48"
2026-05-28T14:37:36,RAW,beginPacket : 1
2026-05-28T14:37:36,RAW,endPacket   : 1
2026-05-28T14:37:36,RAW,===============================
2026-05-28T14:37:37,RAW,========== CURRENT SUMMARY ==========
2026-05-28T14:37:37,RAW,WiFi Status   : Connected
2026-05-28T14:37:37,RAW,ESP32 IP      : 172.20.10.14
2026-05-28T14:37:37,RAW,RSSI          : -48 dBm
2026-05-28T14:37:37,RAW,UDP Count     : 45
2026-05-28T14:37:37,RAW,CSI Count     : 105
2026-05-28T14:37:37,RAW,"Last UDP      : PING,24,1779950256.6976871"
2026-05-28T14:37:37,RAW,"Last ACK      : ACK,PING,24,1779950256.6976871,RSSI=-48"
2026-05-28T14:37:37,RAW,Last UDP RSSI : -48 dBm
2026-05-28T14:37:37,RAW,====================================
2026-05-28T14:37:37,CSI,"CSI_DATA,106,372632,-48,6,256,0 0 -13 15 -11 13 -8 10 -6 6 -5 3 -2 -1 -1 -6 0 -10 0 -13 -1 -16 -1 -18 -2 -21 -3 -21 -4 -22 -5 -21 -5 -20 -4 -17 -3 -15 -3 -11 -1 -8 0 -4 1 0 1 3 2 7 2 10 1 13 0 0 0 0 0 0 0 0 0 0 0 0 0 0 0 0 0 0 0 0 0 0 -2 -1 3 -3 7 -2 11 -3 14 -2 18 -1 20 0 22 1 23 1 21 1 21 1 19 0 16 0 13 0 9 0 5 0 1 2 -3 3 -7 4 -11 7 -13 9 -16 12 -17 14 -18 15 -17 17 -17 17"
2026-05-28T14:37:37,RAW,========== UDP DEBUG ==========
2026-05-28T14:37:37,RAW,Packet Size : 24
2026-05-28T14:37:37,RAW,Remote IP   : 172.20.10.5
2026-05-28T14:37:37,RAW,Remote Port : 52924
2026-05-28T14:37:37,RAW,"Last UDP    : PING,25,1779950257.85351"
2026-05-28T14:37:37,RAW,"ACK Message : ACK,PING,25,1779950257.85351,RSSI=-48"
2026-05-28T14:37:37,RAW,beginPacket : 1
2026-05-28T14:37:37,RAW,endPacket   : 1
2026-05-28T14:37:37,RAW,===============================
2026-05-28T14:37:38,RAW,========== CURRENT SUMMARY ==========
2026-05-28T14:37:38,RAW,WiFi Status   : Connected
2026-05-28T14:37:38,RAW,ESP32 IP      : 172.20.10.14
2026-05-28T14:37:38,RAW,RSSI          : -48 dBm
2026-05-28T14:37:38,RAW,UDP Count     : 46
2026-05-28T14:37:38,RAW,CSI Count     : 106
2026-05-28T14:37:38,RAW,"Last UDP      : PING,25,1779950257.85351"
2026-05-28T14:37:38,RAW,"Last ACK      : ACK,PING,25,1779950257.85351,RSSI=-48"
2026-05-28T14:37:38,RAW,Last UDP RSSI : -48 dBm
2026-05-28T14:37:38,RAW,====================================
2026-05-28T14:37:39,RAW,========== CURRENT SUMMARY ==========
2026-05-28T14:37:39,RAW,WiFi Status   : Connected
2026-05-28T14:37:39,RAW,ESP32 IP      : 172.20.10.14
2026-05-28T14:37:39,RAW,RSSI          : -48 dBm
2026-05-28T14:37:39,RAW,UDP Count     : 46
2026-05-28T14:37:39,RAW,CSI Count     : 106
2026-05-28T14:37:39,RAW,"Last UDP      : PING,25,1779950257.85351"
2026-05-28T14:37:39,RAW,"Last ACK      : ACK,PING,25,1779950257.85351,RSSI=-48"
2026-05-28T14:37:39,RAW,Last UDP RSSI : -48 dBm
2026-05-28T14:37:39,RAW,====================================
2026-05-28T14:37:39,CSI,"CSI_DATA,107,373758,-48,6,256,0 0 19 3 16 2 13 1 9 1 6 1 1 2 -3 3 -6 4 -9 7 -11 9 -13 11 -13 13 -14 14 -13 15 -12 16 -11 15 -10 14 -8 11 -7 9 -6 6 -4 3 -2 0 0 -3 1 -7 3 -9 6 -11 0 0 0 0 0 0 0 0 0 0 0 0 0 0 0 0 0 0 0 0 0 0 -2 3 -3 -1 -4 -6 -4 -9 -4 -13 -4 -17 -3 -20 -3 -21 -3 -23 -3 -22 -3 -21 -3 -19 -3 -17 -2 -14 -2 -11 -1 -7 1 -3 4 0 7 2 10 5 12 6 16 8 18 8 20 7 21 7 21 6"
2026-05-28T14:37:39,RAW,========== UDP DEBUG ==========
2026-05-28T14:37:39,RAW,Packet Size : 25
2026-05-28T14:37:39,RAW,Remote IP   : 172.20.10.5
2026-05-28T14:37:39,RAW,Remote Port : 52924
2026-05-28T14:37:39,RAW,"Last UDP    : PING,26,1779950258.953342"
2026-05-28T14:37:39,RAW,"ACK Message : ACK,PING,26,1779950258.953342,RSSI=-48"
2026-05-28T14:37:39,RAW,beginPacket : 1
2026-05-28T14:37:39,RAW,endPacket   : 1
2026-05-28T14:37:39,RAW,===============================
2026-05-28T14:37:39,CSI,"CSI_DATA,108,374166,-47,6,128,0 0 -6 20 -5 16 -5 14 -3 9 -3 4 -3 0 -3 -5 -4 -7 -4 -11 -7 -12 -9 -14 -10 -15 -11 -15 -11 -16 -9 -15 -9 -15 -9 -12 -7 -12 -7 -10 -5 -8 -3 -5 -1 -2 1 0 2 2 3 4 3 7 0 0 0 0 0 0 0 0 0 0 0 0 0 0 0 0 0 0 0 0 0 0 0 -3 3 -4 6 -6 9 -6 10 -7 15 -8 17 -7 16 -8 17 -6 15 -8 15 -8 13 -7 12 -7 9 -6 6 -4 3 1 1 2 -3 4 -6 10 -8 11 -8 15 -12 17 -7 20 -8 23 -7 23 -7 25"
2026-05-28T14:37:40,RAW,========== CURRENT SUMMARY ==========
2026-05-28T14:37:40,RAW,WiFi Status   : Connected
2026-05-28T14:37:40,RAW,ESP32 IP      : 172.20.10.14
2026-05-28T14:37:40,RAW,RSSI          : -48 dBm
2026-05-28T14:37:40,RAW,UDP Count     : 47
2026-05-28T14:37:40,RAW,CSI Count     : 108
2026-05-28T14:37:40,RAW,"Last UDP      : PING,26,1779950258.953342"
2026-05-28T14:37:40,RAW,"Last ACK      : ACK,PING,26,1779950258.953342,RSSI=-48"
2026-05-28T14:37:40,RAW,Last UDP RSSI : -48 dBm
2026-05-28T14:37:40,RAW,====================================
2026-05-28T14:37:40,CSI,"CSI_DATA,109,374782,-47,6,256,0 0 16 0 13 0 10 -1 6 0 2 0 -1 1 -4 3 -7 4 -10 6 -11 8 -13 10 -14 12 -13 13 -13 14 -12 14 -11 13 -10 12 -9 11 -7 8 -5 6 -4 3 -1 0 1 -2 3 -5 5 -7 8 -7 0 0 0 0 0 0 0 0 0 0 0 0 0 0 0 0 0 0 0 0 0 0 -4 -1 -6 -4 -8 -7 -9 -10 -10 -12 -11 -15 -11 -16 -10 -17 -10 -17 -10 -16 -9 -15 -8 -13 -6 -11 -5 -9 -3 -6 0 -3 3 -1 6 1 9 3 12 3 15 4 17 4 19 4 20 3 20 2 20 2"
2026-05-28T14:37:40,RAW,========== UDP DEBUG ==========
2026-05-28T14:37:40,RAW,Packet Size : 25
2026-05-28T14:37:40,RAW,Remote IP   : 172.20.10.5
2026-05-28T14:37:40,RAW,Remote Port : 52924
2026-05-28T14:37:40,RAW,"Last UDP    : PING,27,1779950260.075519"
2026-05-28T14:37:40,RAW,"ACK Message : ACK,PING,27,1779950260.075519,RSSI=-49"
2026-05-28T14:37:40,RAW,beginPacket : 1
2026-05-28T14:37:40,RAW,endPacket   : 1
2026-05-28T14:37:40,RAW,===============================
2026-05-28T14:37:41,RAW,========== CURRENT SUMMARY ==========
2026-05-28T14:37:41,RAW,WiFi Status   : Connected
2026-05-28T14:37:41,RAW,ESP32 IP      : 172.20.10.14
2026-05-28T14:37:41,RAW,RSSI          : -49 dBm
2026-05-28T14:37:41,RAW,UDP Count     : 48
2026-05-28T14:37:41,RAW,CSI Count     : 109
2026-05-28T14:37:41,RAW,"Last UDP      : PING,27,1779950260.075519"
2026-05-28T14:37:41,RAW,"Last ACK      : ACK,PING,27,1779950260.075519,RSSI=-49"
2026-05-28T14:37:41,RAW,Last UDP RSSI : -49 dBm
2026-05-28T14:37:41,RAW,====================================
2026-05-28T14:37:41,CSI,"CSI_DATA,110,375909,-48,6,256,0 0 -14 12 -13 10 -10 8 -7 6 -5 3 -2 0 0 -3 1 -6 2 -9 3 -13 3 -15 4 -17 3 -18 2 -19 2 -20 2 -19 1 -18 1 -15 1 -13 1 -10 1 -7 1 -4 0 0 -1 3 -2 6 -4 8 0 0 0 0 0 0 0 0 0 0 0 0 0 0 0 0 0 0 0 0 0 0 1 -2 5 -2 8 -2 12 -1 14 -1 17 0 19 1 20 2 20 2 20 3 18 2 16 1 13 1 10 1 7 1 3 1 0 1 -4 2 -8 3 -11 4 -14 6 -16 7 -18 10 -18 11 -18 11 -18 12"
2026-05-28T14:37:41,RAW,========== UDP DEBUG ==========
2026-05-28T14:37:41,RAW,Packet Size : 25
2026-05-28T14:37:41,RAW,Remote IP   : 172.20.10.5
2026-05-28T14:37:41,RAW,Remote Port : 52924
2026-05-28T14:37:41,RAW,"Last UDP    : PING,28,1779950261.108351"
2026-05-28T14:37:41,RAW,"ACK Message : ACK,PING,28,1779950261.108351,RSSI=-48"
2026-05-28T14:37:41,RAW,beginPacket : 1
2026-05-28T14:37:41,RAW,endPacket   : 1
2026-05-28T14:37:41,RAW,===============================
2026-05-28T14:37:42,RAW,========== CURRENT SUMMARY ==========
2026-05-28T14:37:42,RAW,WiFi Status   : Connected
2026-05-28T14:37:42,RAW,ESP32 IP      : 172.20.10.14
2026-05-28T14:37:42,RAW,RSSI          : -48 dBm
2026-05-28T14:37:42,RAW,UDP Count     : 49
2026-05-28T14:37:42,RAW,CSI Count     : 110
2026-05-28T14:37:42,RAW,"Last UDP      : PING,28,1779950261.108351"
2026-05-28T14:37:42,RAW,"Last ACK      : ACK,PING,28,1779950261.108351,RSSI=-48"
2026-05-28T14:37:42,RAW,Last UDP RSSI : -48 dBm
2026-05-28T14:37:42,RAW,====================================
2026-05-28T14:37:42,CSI,"CSI_DATA,111,377043,-48,6,256,0 0 6 19 5 16 4 12 2 8 0 3 -2 -1 -5 -4 -8 -7 -11 -10 -13 -12 -16 -13 -18 -13 -18 -13 -19 -12 -18 -12 -17 -10 -15 -10 -12 -8 -9 -6 -5 -4 -1 -2 2 2 5 4 8 7 10 10 10 12 0 0 0 0 0 0 0 0 0 0 0 0 0 0 0 0 0 0 0 0 0 0 -2 5 -1 0 -1 -4 1 -9 2 -12 4 -16 6 -19 8 -21 9 -22 9 -22 9 -21 8 -20 7 -17 5 -14 4 -11 3 -6 1 -2 1 2 0 7 1 10 2 15 2 18 4 21 5 23 6 23 7 23"
2026-05-28T14:37:42,RAW,========== UDP DEBUG ==========
2026-05-28T14:37:42,RAW,Packet Size : 26
2026-05-28T14:37:42,RAW,Remote IP   : 172.20.10.5
2026-05-28T14:37:42,RAW,Remote Port : 52924
2026-05-28T14:37:42,RAW,"Last UDP    : PING,29,1779950262.2302551"
2026-05-28T14:37:42,RAW,"ACK Message : ACK,PING,29,1779950262.2302551,RSSI=-48"
2026-05-28T14:37:42,RAW,beginPacket : 1
2026-05-28T14:37:42,RAW,endPacket   : 1
2026-05-28T14:37:42,RAW,===============================
2026-05-28T14:37:43,RAW,========== CURRENT SUMMARY ==========
2026-05-28T14:37:43,RAW,WiFi Status   : Connected
2026-05-28T14:37:43,RAW,ESP32 IP      : 172.20.10.14
2026-05-28T14:37:43,RAW,RSSI          : -48 dBm
2026-05-28T14:37:43,RAW,UDP Count     : 50
2026-05-28T14:37:43,RAW,CSI Count     : 111
2026-05-28T14:37:43,RAW,"Last UDP      : PING,29,1779950262.2302551"
2026-05-28T14:37:43,RAW,"Last ACK      : ACK,PING,29,1779950262.2302551,RSSI=-48"
2026-05-28T14:37:43,RAW,Last UDP RSSI : -48 dBm
2026-05-28T14:37:43,RAW,====================================
2026-05-28T14:37:43,CSI,"CSI_DATA,112,378162,-48,6,256,0 0 -10 -17 -9 -16 -7 -11 -4 -8 -2 -4 0 -1 3 3 6 6 9 8 12 10 14 11 15 11 17 11 17 11 18 11 16 10 14 9 12 7 9 6 6 4 2 1 0 -1 -3 -4 -5 -7 -7 -10 -7 -13 0 0 0 0 0 0 0 0 0 0 0 0 0 0 0 0 0 0 0 0 0 0 0 -2 1 2 1 7 1 10 1 14 0 18 -1 20 -1 22 -2 22 -3 22 -3 21 -3 19 -2 15 -1 12 -1 9 -2 4 -1 0 -2 -5 -3 -9 -4 -13 -5 -16 -6 -19 -8 -21 -9 -23 -10 -22 -10 -22"
2026-05-28T14:37:43,RAW,========== UDP DEBUG ==========
2026-05-28T14:37:43,RAW,Packet Size : 26
2026-05-28T14:37:43,RAW,Remote IP   : 172.20.10.5
2026-05-28T14:37:43,RAW,Remote Port : 52924
2026-05-28T14:37:43,RAW,"Last UDP    : PING,30,1779950263.3666098"
2026-05-28T14:37:43,RAW,"ACK Message : ACK,PING,30,1779950263.3666098,RSSI=-45"
2026-05-28T14:37:43,RAW,beginPacket : 1
2026-05-28T14:37:43,RAW,endPacket   : 1
2026-05-28T14:37:43,RAW,===============================
2026-05-28T14:37:44,RAW,========== CURRENT SUMMARY ==========
2026-05-28T14:37:44,RAW,WiFi Status   : Connected
2026-05-28T14:37:44,RAW,ESP32 IP      : 172.20.10.14
2026-05-28T14:37:44,RAW,RSSI          : -45 dBm
2026-05-28T14:37:44,RAW,UDP Count     : 51
2026-05-28T14:37:44,RAW,CSI Count     : 112
2026-05-28T14:37:44,RAW,"Last UDP      : PING,30,1779950263.3666098"
2026-05-28T14:37:44,RAW,"Last ACK      : ACK,PING,30,1779950263.3666098,RSSI=-45"
2026-05-28T14:37:44,RAW,Last UDP RSSI : -45 dBm
2026-05-28T14:37:44,RAW,====================================
2026-05-28T14:37:44,CSI,"CSI_DATA,113,379185,-48,6,128,0 0 8 20 7 22 5 14 6 12 1 5 0 2 -4 -2 -8 -4 -11 -6 -16 -10 -17 -10 -18 -12 -18 -10 -17 -6 -21 -9 -15 -6 -18 -6 -12 -5 -11 -4 -7 -3 -3 -3 1 -2 5 0 8 3 9 4 10 5 0 0 0 0 0 0 0 0 0 0 0 0 0 0 0 0 0 0 0 0 0 0 -2 3 -2 0 1 -3 2 -5 6 -9 8 -10 10 -14 11 -15 11 -15 14 -17 14 -15 13 -14 10 -14 8 -12 4 -9 4 -8 2 -3 0 0 -1 5 0 10 1 15 2 18 2 26 1 27 3 26 4 25"
2026-05-28T14:37:44,CSI,"CSI_DATA,114,379290,-48,6,256,0 0 -20 2 -17 2 -13 2 -9 1 -6 0 -2 -1 2 -3 5 -5 9 -7 11 -9 13 -10 15 -11 15 -12 15 -14 14 -14 13 -13 12 -12 10 -10 8 -8 6 -5 3 -3 0 -1 -3 1 -6 3 -10 4 -12 3 0 0 0 0 0 0 0 0 0 0 0 0 0 0 0 0 0 0 0 0 0 0 -2 -1 1 0 6 1 9 3 13 5 15 7 17 8 19 10 19 10 19 11 18 11 15 9 13 8 11 6 8 4 4 2 0 1 -4 0 -7 -1 -11 -2 -15 -2 -18 -2 -21 -1 -23 -1 -23 0 -23 1"
2026-05-28T14:37:44,RAW,========== UDP DEBUG ==========
2026-05-28T14:37:44,RAW,Packet Size : 25
2026-05-28T14:37:44,RAW,Remote IP   : 172.20.10.5
2026-05-28T14:37:44,RAW,Remote Port : 52924
2026-05-28T14:37:44,RAW,"Last UDP    : PING,31,1779950264.484769"
2026-05-28T14:37:44,RAW,"ACK Message : ACK,PING,31,1779950264.484769,RSSI=-51"
2026-05-28T14:37:44,RAW,beginPacket : 1
2026-05-28T14:37:44,RAW,endPacket   : 1
2026-05-28T14:37:44,RAW,===============================
2026-05-28T14:37:45,RAW,========== CURRENT SUMMARY ==========
2026-05-28T14:37:45,RAW,WiFi Status   : Connected
2026-05-28T14:37:45,RAW,ESP32 IP      : 172.20.10.14
2026-05-28T14:37:45,RAW,RSSI          : -51 dBm
2026-05-28T14:37:45,RAW,UDP Count     : 52
2026-05-28T14:37:45,RAW,CSI Count     : 114
2026-05-28T14:37:45,RAW,"Last UDP      : PING,31,1779950264.484769"
2026-05-28T14:37:45,RAW,"Last ACK      : ACK,PING,31,1779950264.484769,RSSI=-51"
2026-05-28T14:37:45,RAW,Last UDP RSSI : -51 dBm
2026-05-28T14:37:45,RAW,====================================
2026-05-28T14:37:45,CSI,"CSI_DATA,115,380414,-44,6,256,0 0 7 16 7 13 5 10 3 7 1 4 -2 1 -5 -1 -8 -3 -11 -3 -14 -4 -17 -4 -18 -3 -19 -2 -20 -1 -19 0 -18 1 -16 1 -14 1 -11 0 -8 0 -4 -1 -1 -2 2 -2 5 -3 9 -3 11 -2 0 0 0 0 0 0 0 0 0 0 0 0 0 0 0 0 0 0 0 0 0 0 -3 -1 0 -5 3 -7 6 -10 9 -12 12 -13 14 -14 15 -15 16 -16 15 -15 15 -14 13 -13 11 -11 9 -9 6 -6 4 -3 2 1 1 4 1 8 1 12 1 15 3 18 3 20 4 21 6 21 7 21"
2026-05-28T14:37:45,RAW,========== UDP DEBUG ==========
2026-05-28T14:37:45,RAW,Packet Size : 25
2026-05-28T14:37:45,RAW,Remote IP   : 172.20.10.5
2026-05-28T14:37:45,RAW,Remote Port : 52924
2026-05-28T14:37:45,RAW,"Last UDP    : PING,32,1779950265.612323"
2026-05-28T14:37:45,RAW,"ACK Message : ACK,PING,32,1779950265.612323,RSSI=-46"
2026-05-28T14:37:45,RAW,beginPacket : 1
2026-05-28T14:37:45,RAW,endPacket   : 1
2026-05-28T14:37:45,RAW,===============================
2026-05-28T14:37:46,RAW,========== CURRENT SUMMARY ==========
2026-05-28T14:37:46,RAW,WiFi Status   : Connected
2026-05-28T14:37:46,RAW,ESP32 IP      : 172.20.10.14
2026-05-28T14:37:46,RAW,RSSI          : -46 dBm
2026-05-28T14:37:46,RAW,UDP Count     : 53
2026-05-28T14:37:46,RAW,CSI Count     : 115
2026-05-28T14:37:46,RAW,"Last UDP      : PING,32,1779950265.612323"
2026-05-28T14:37:46,RAW,"Last ACK      : ACK,PING,32,1779950265.612323,RSSI=-46"
2026-05-28T14:37:46,RAW,Last UDP RSSI : -46 dBm
2026-05-28T14:37:46,RAW,====================================
2026-05-28T14:37:46,CSI,"CSI_DATA,116,381438,-47,6,256,0 0 -14 -13 -11 -11 -9 -9 -5 -6 -3 -3 0 0 4 2 7 5 10 5 13 7 15 7 17 7 19 8 19 7 18 6 17 6 15 5 12 4 9 3 7 2 3 0 0 -2 -3 -4 -6 -6 -8 -8 -9 -11 0 0 0 0 0 0 0 0 0 0 0 0 0 0 0 0 0 0 0 0 0 0 -1 -2 2 1 3 5 5 8 5 12 5 15 5 17 5 19 5 20 4 20 3 19 3 16 2 14 2 11 1 7 0 4 -2 0 -3 -4 -5 -7 -7 -11 -10 -13 -11 -16 -13 -17 -14 -17 -15 -18 -14 -17"
2026-05-28T14:37:46,RAW,========== UDP DEBUG ==========
2026-05-28T14:37:46,RAW,Packet Size : 25
2026-05-28T14:37:46,RAW,Remote IP   : 172.20.10.5
2026-05-28T14:37:46,RAW,Remote Port : 52924
2026-05-28T14:37:46,RAW,"Last UDP    : PING,33,1779950266.734642"
2026-05-28T14:37:46,RAW,"ACK Message : ACK,PING,33,1779950266.734642,RSSI=-48"
2026-05-28T14:37:46,RAW,beginPacket : 1
2026-05-28T14:37:46,RAW,endPacket   : 1
2026-05-28T14:37:46,RAW,===============================
2026-05-28T14:37:47,RAW,========== CURRENT SUMMARY ==========
2026-05-28T14:37:47,RAW,WiFi Status   : Connected
2026-05-28T14:37:47,RAW,ESP32 IP      : 172.20.10.14
2026-05-28T14:37:47,RAW,RSSI          : -48 dBm
2026-05-28T14:37:47,RAW,UDP Count     : 54
2026-05-28T14:37:47,RAW,CSI Count     : 116
2026-05-28T14:37:47,RAW,"Last UDP      : PING,33,1779950266.734642"
2026-05-28T14:37:47,RAW,"Last ACK      : ACK,PING,33,1779950266.734642,RSSI=-48"
2026-05-28T14:37:47,RAW,Last UDP RSSI : -48 dBm
2026-05-28T14:37:47,RAW,====================================
2026-05-28T14:37:47,CSI,"CSI_DATA,117,382467,-49,6,256,0 0 -17 -8 -14 -6 -11 -6 -8 -5 -5 -5 -2 -5 1 -7 3 -8 5 -11 5 -13 6 -15 5 -17 5 -18 3 -18 2 -19 1 -17 0 -17 0 -14 0 -12 0 -9 1 -6 2 -3 3 -1 4 2 5 5 6 8 0 0 0 0 0 0 0 0 0 0 0 0 0 0 0 0 0 0 0 0 0 0 -1 4 -4 5 -8 7 -11 7 -13 8 -14 9 -16 10 -17 10 -17 10 -17 10 -15 9 -13 9 -11 8 -9 6 -7 3 -7 0 -6 -3 -6 -6 -7 -9 -7 -11 -11 -13 -12 -14 -14 -15 -16 -15 -18 -14 -18 -11"
2026-05-28T14:37:47,RAW,========== UDP DEBUG ==========
2026-05-28T14:37:47,RAW,Packet Size : 25
2026-05-28T14:37:47,RAW,Remote IP   : 172.20.10.5
2026-05-28T14:37:47,RAW,Remote Port : 52924
2026-05-28T14:37:47,RAW,"Last UDP    : PING,34,1779950267.756354"
2026-05-28T14:37:47,RAW,"ACK Message : ACK,PING,34,1779950267.756354,RSSI=-48"
2026-05-28T14:37:47,RAW,beginPacket : 1
2026-05-28T14:37:47,RAW,endPacket   : 1
2026-05-28T14:37:47,RAW,===============================
2026-05-28T14:37:48,RAW,========== CURRENT SUMMARY ==========
2026-05-28T14:37:48,RAW,WiFi Status   : Connected
2026-05-28T14:37:48,RAW,ESP32 IP      : 172.20.10.14
2026-05-28T14:37:48,RAW,RSSI          : -48 dBm
2026-05-28T14:37:48,RAW,UDP Count     : 55
2026-05-28T14:37:48,RAW,CSI Count     : 117
2026-05-28T14:37:48,RAW,"Last UDP      : PING,34,1779950267.756354"
2026-05-28T14:37:48,RAW,"Last ACK      : ACK,PING,34,1779950267.756354,RSSI=-48"
2026-05-28T14:37:48,RAW,Last UDP RSSI : -48 dBm
2026-05-28T14:37:48,RAW,====================================
2026-05-28T14:37:48,CSI,"CSI_DATA,118,383588,-49,6,256,0 0 18 5 15 4 12 2 8 2 3 1 -1 2 -5 4 -8 5 -11 6 -13 9 -15 10 -16 11 -16 13 -15 14 -14 14 -13 13 -11 12 -10 10 -7 8 -5 4 -3 1 -1 -2 1 -5 4 -8 7 -9 10 -11 0 0 0 0 0 0 0 0 0 0 0 0 0 0 0 0 0 0 0 0 0 0 -3 0 -4 -3 -5 -7 -4 -11 -4 -15 -4 -18 -4 -20 -4 -22 -4 -22 -4 -22 -3 -20 -3 -18 -3 -15 -3 -12 -2 -9 0 -5 2 -2 5 1 7 4 11 6 13 8 17 8 19 9 21 10 21 9 21 7"
2026-05-28T14:37:48,RAW,========== UDP DEBUG ==========
2026-05-28T14:37:48,RAW,Packet Size : 25
2026-05-28T14:37:48,RAW,Remote IP   : 172.20.10.5
2026-05-28T14:37:48,RAW,Remote Port : 52924
2026-05-28T14:37:48,RAW,"Last UDP    : PING,35,1779950268.780677"
2026-05-28T14:37:48,RAW,"ACK Message : ACK,PING,35,1779950268.780677,RSSI=-49"
2026-05-28T14:37:48,RAW,beginPacket : 1
2026-05-28T14:37:48,RAW,endPacket   : 1
2026-05-28T14:37:48,RAW,===============================
2026-05-28T14:37:49,RAW,========== CURRENT SUMMARY ==========
2026-05-28T14:37:49,RAW,WiFi Status   : Connected
2026-05-28T14:37:49,RAW,ESP32 IP      : 172.20.10.14
2026-05-28T14:37:49,RAW,RSSI          : -49 dBm
2026-05-28T14:37:49,RAW,UDP Count     : 56
2026-05-28T14:37:49,RAW,CSI Count     : 118
2026-05-28T14:37:49,RAW,"Last UDP      : PING,35,1779950268.780677"
2026-05-28T14:37:49,RAW,"Last ACK      : ACK,PING,35,1779950268.780677,RSSI=-49"
2026-05-28T14:37:49,RAW,Last UDP RSSI : -49 dBm
2026-05-28T14:37:49,RAW,====================================
2026-05-28T14:37:49,CSI,"CSI_DATA,119,384100,-44,6,128,0 0 -5 20 -4 17 -3 13 -3 9 -4 5 -5 1 -6 -2 -8 -5 -10 -7 -12 -9 -14 -10 -15 -10 -16 -9 -17 -8 -17 -7 -16 -6 -14 -5 -13 -4 -10 -4 -7 -4 -5 -3 -2 -2 1 -2 4 -2 6 -1 8 0 0 0 0 0 0 0 0 0 0 0 0 0 0 0 0 0 0 0 0 0 0 0 2 -3 5 -3 8 -2 11 -1 14 0 16 1 17 2 18 2 18 2 18 2 17 2 15 2 13 1 10 1 7 2 3 3 0 4 -3 6 -6 9 -8 12 -10 15 -11 18 -11 21 -11 22 -10 23 -8 23"
2026-05-28T14:37:50,RAW,========== UDP DEBUG ==========
2026-05-28T14:37:50,RAW,Packet Size : 26
2026-05-28T14:37:50,RAW,Remote IP   : 172.20.10.5
2026-05-28T14:37:50,RAW,Remote Port : 52924
2026-05-28T14:37:50,RAW,"Last UDP    : PING,36,1779950269.9077241"
2026-05-28T14:37:50,RAW,"ACK Message : ACK,PING,36,1779950269.9077241,RSSI=-49"
2026-05-28T14:37:50,RAW,beginPacket : 1
2026-05-28T14:37:50,RAW,endPacket   : 1
2026-05-28T14:37:50,RAW,===============================
2026-05-28T14:37:50,RAW,========== CURRENT SUMMARY ==========
2026-05-28T14:37:50,RAW,WiFi Status   : Connected
2026-05-28T14:37:50,RAW,ESP32 IP      : 172.20.10.14
2026-05-28T14:37:50,RAW,RSSI          : -49 dBm
2026-05-28T14:37:50,RAW,UDP Count     : 57
2026-05-28T14:37:50,RAW,CSI Count     : 119
2026-05-28T14:37:50,RAW,"Last UDP      : PING,36,1779950269.9077241"
2026-05-28T14:37:50,RAW,"Last ACK      : ACK,PING,36,1779950269.9077241,RSSI=-49"
2026-05-28T14:37:50,RAW,Last UDP RSSI : -49 dBm
2026-05-28T14:37:50,RAW,====================================
2026-05-28T14:37:50,CSI,"CSI_DATA,120,385533,-44,6,128,0 0 -7 19 -5 11 -6 13 -4 7 -6 4 -7 -1 -8 -4 -9 -6 -11 -8 -12 -6 -16 -8 -17 -7 -17 -6 -20 -6 -14 -4 -18 -5 -12 -2 -14 -3 -9 -2 -6 -2 -3 -3 0 -3 1 -3 4 -4 6 -4 9 -4 0 0 0 0 0 0 0 0 0 0 0 0 0 0 0 0 0 0 0 0 0 0 3 -2 7 1 7 2 11 6 9 5 17 10 15 10 15 10 14 10 12 6 15 8 13 6 11 6 8 4 6 5 1 4 -2 6 -4 5 -10 11 -13 11 -13 14 -15 15 -11 16 -13 22 -11 21 -11 24"
2026-05-28T14:37:51,RAW,========== CURRENT SUMMARY ==========
2026-05-28T14:37:51,RAW,WiFi Status   : Connected
2026-05-28T14:37:51,RAW,ESP32 IP      : 172.20.10.14
2026-05-28T14:37:51,RAW,RSSI          : -46 dBm
2026-05-28T14:37:51,RAW,UDP Count     : 57
2026-05-28T14:37:51,RAW,CSI Count     : 120
2026-05-28T14:37:51,RAW,"Last UDP      : PING,36,1779950269.9077241"
2026-05-28T14:37:51,RAW,"Last ACK      : ACK,PING,36,1779950269.9077241,RSSI=-49"
2026-05-28T14:37:51,RAW,Last UDP RSSI : -49 dBm
2026-05-28T14:37:51,RAW,====================================
2026-05-28T14:37:51,CSI,"CSI_DATA,121,385841,-48,6,256,0 0 0 19 1 15 0 12 0 8 -2 4 -4 0 -6 -3 -9 -6 -12 -7 -14 -8 -17 -8 -18 -8 -20 -8 -20 -6 -19 -5 -19 -5 -17 -4 -14 -3 -10 -3 -7 -3 -3 -2 1 -2 5 -2 8 -1 11 0 14 1 0 0 0 0 0 0 0 0 0 0 0 0 0 0 0 0 0 0 0 0 0 0 -2 -3 2 -4 6 -5 10 -5 13 -6 17 -5 19 -6 21 -6 21 -6 20 -6 19 -6 17 -5 14 -5 11 -4 8 -2 5 0 1 3 -1 5 -3 8 -4 12 -5 15 -5 18 -5 20 -4 22 -3 23 -1 23"
2026-05-28T14:37:51,RAW,========== UDP DEBUG ==========
2026-05-28T14:37:51,RAW,Packet Size : 25
2026-05-28T14:37:51,RAW,Remote IP   : 172.20.10.5
2026-05-28T14:37:51,RAW,Remote Port : 52924
2026-05-28T14:37:51,RAW,"Last UDP    : PING,37,1779950271.038316"
2026-05-28T14:37:51,RAW,"ACK Message : ACK,PING,37,1779950271.038316,RSSI=-48"
2026-05-28T14:37:51,RAW,beginPacket : 1
2026-05-28T14:37:51,RAW,endPacket   : 1
2026-05-28T14:37:51,RAW,===============================
2026-05-28T14:37:52,RAW,========== CURRENT SUMMARY ==========
2026-05-28T14:37:52,RAW,WiFi Status   : Connected
2026-05-28T14:37:52,RAW,ESP32 IP      : 172.20.10.14
2026-05-28T14:37:52,RAW,RSSI          : -48 dBm
2026-05-28T14:37:52,RAW,UDP Count     : 58
2026-05-28T14:37:52,RAW,CSI Count     : 121
2026-05-28T14:37:52,RAW,"Last UDP      : PING,37,1779950271.038316"
2026-05-28T14:37:52,RAW,"Last ACK      : ACK,PING,37,1779950271.038316,RSSI=-48"
2026-05-28T14:37:52,RAW,Last UDP RSSI : -48 dBm
2026-05-28T14:37:52,RAW,====================================
2026-05-28T14:37:52,CSI,"CSI_DATA,122,386968,-48,6,256,0 0 13 10 11 8 9 6 5 4 2 2 -3 1 -7 0 -11 0 -14 1 -16 1 -18 2 -20 4 -20 5 -20 6 -19 7 -18 6 -15 6 -13 5 -10 4 -6 2 -3 0 0 -1 4 -3 8 -4 10 -5 13 -4 0 0 0 0 0 0 0 0 0 0 0 0 0 0 0 0 0 0 0 0 0 0 -2 1 -3 -4 -2 -8 -1 -11 0 -15 2 -18 3 -20 3 -21 3 -22 4 -21 4 -20 3 -18 3 -15 2 -12 2 -8 2 -4 2 -1 4 4 5 6 7 10 9 12 11 14 13 15 15 16 15 15 16 15"
2026-05-28T14:37:52,RAW,========== UDP DEBUG ==========
2026-05-28T14:37:52,RAW,Packet Size : 26
2026-05-28T14:37:52,RAW,Remote IP   : 172.20.10.5
2026-05-28T14:37:52,RAW,Remote Port : 52924
2026-05-28T14:37:52,RAW,"Last UDP    : PING,38,1779950272.1667562"
2026-05-28T14:37:52,RAW,"ACK Message : ACK,PING,38,1779950272.1667562,RSSI=-49"
2026-05-28T14:37:52,RAW,beginPacket : 1
2026-05-28T14:37:52,RAW,endPacket   : 1
2026-05-28T14:37:52,RAW,===============================
2026-05-28T14:37:53,RAW,========== CURRENT SUMMARY ==========
2026-05-28T14:37:53,RAW,WiFi Status   : Connected
2026-05-28T14:37:53,RAW,ESP32 IP      : 172.20.10.14
2026-05-28T14:37:53,RAW,RSSI          : -49 dBm
2026-05-28T14:37:53,RAW,UDP Count     : 59
2026-05-28T14:37:53,RAW,CSI Count     : 122
2026-05-28T14:37:53,RAW,"Last UDP      : PING,38,1779950272.1667562"
2026-05-28T14:37:53,RAW,"Last ACK      : ACK,PING,38,1779950272.1667562,RSSI=-49"
2026-05-28T14:37:53,RAW,Last UDP RSSI : -49 dBm
2026-05-28T14:37:53,RAW,====================================
2026-05-28T14:37:53,CSI,"CSI_DATA,123,388094,-44,6,256,0 0 -5 -18 -5 -15 -4 -12 -1 -8 1 -5 4 -3 8 -1 11 0 14 0 17 -1 19 -2 19 -3 20 -5 19 -6 18 -6 16 -6 13 -5 11 -4 8 -2 4 0 1 3 -1 5 -5 8 -7 10 -10 11 -12 12 0 0 0 0 0 0 0 0 0 0 0 0 0 0 0 0 0 0 0 0 0 0 1 3 -2 3 -7 2 -10 1 -14 1 -17 0 -20 0 -21 0 -22 0 -22 1 -21 2 -19 2 -16 2 -13 2 -10 1 -7 -1 -4 -4 -1 -6 1 -10 2 -13 2 -16 1 -19 0 -22 -1 -23 -3 -23 -4 -22"
2026-05-28T14:37:53,RAW,========== UDP DEBUG ==========
2026-05-28T14:37:53,RAW,Packet Size : 26
2026-05-28T14:37:53,RAW,Remote IP   : 172.20.10.5
2026-05-28T14:37:53,RAW,Remote Port : 52924
2026-05-28T14:37:53,RAW,"Last UDP    : PING,39,1779950273.3019588"
2026-05-28T14:37:53,RAW,"ACK Message : ACK,PING,39,1779950273.3019588,RSSI=-48"
2026-05-28T14:37:53,RAW,beginPacket : 1
2026-05-28T14:37:53,RAW,endPacket   : 1
2026-05-28T14:37:53,RAW,===============================
2026-05-28T14:37:54,RAW,========== CURRENT SUMMARY ==========
2026-05-28T14:37:54,RAW,WiFi Status   : Connected
2026-05-28T14:37:54,RAW,ESP32 IP      : 172.20.10.14
2026-05-28T14:37:54,RAW,RSSI          : -48 dBm
2026-05-28T14:37:54,RAW,UDP Count     : 60
2026-05-28T14:37:54,RAW,CSI Count     : 123
2026-05-28T14:37:54,RAW,"Last UDP      : PING,39,1779950273.3019588"
2026-05-28T14:37:54,RAW,"Last ACK      : ACK,PING,39,1779950273.3019588,RSSI=-48"
2026-05-28T14:37:54,RAW,Last UDP RSSI : -48 dBm
2026-05-28T14:37:54,RAW,====================================
2026-05-28T14:37:54,CSI,"CSI_DATA,124,389118,-48,6,128,0 0 -13 16 -14 14 -9 11 -8 9 -4 3 -2 1 0 -4 0 -8 2 -10 2 -15 -1 -17 1 -19 -2 -20 -1 -17 0 -20 -1 -16 -2 -17 0 -12 -1 -11 1 -8 1 -4 1 -2 1 2 -1 5 -1 8 -3 8 0 0 0 0 0 0 0 0 0 0 0 0 0 0 0 0 0 0 0 0 0 0 -3 -1 0 -2 4 -3 6 -4 10 -5 12 -3 16 -2 17 -2 18 0 20 -2 18 -5 17 -2 15 -3 12 -3 8 -2 6 1 3 1 -2 3 -6 4 -10 5 -13 9 -17 9 -18 15 -17 19 -17 18 -17 18"
2026-05-28T14:37:54,CSI,"CSI_DATA,125,389220,-48,6,256,0 0 -20 6 -18 6 -14 5 -10 4 -6 1 -3 -1 1 -4 4 -6 6 -10 9 -12 9 -15 10 -17 10 -19 9 -19 9 -20 8 -18 7 -17 6 -15 6 -12 4 -8 2 -5 0 -2 -2 2 -4 5 -7 7 -9 8 0 0 0 0 0 0 0 0 0 0 0 0 0 0 0 0 0 0 0 0 0 0 -3 -2 1 -1 6 0 9 1 13 4 15 6 18 7 19 10 20 10 20 11 19 11 17 9 15 8 12 6 9 5 5 3 1 2 -3 1 -8 1 -12 1 -16 2 -19 3 -22 3 -23 5 -24 6 -24 6"
2026-05-28T14:37:54,RAW,========== UDP DEBUG ==========
2026-05-28T14:37:54,RAW,Packet Size : 25
2026-05-28T14:37:54,RAW,Remote IP   : 172.20.10.5
2026-05-28T14:37:54,RAW,Remote Port : 52924
2026-05-28T14:37:54,RAW,"Last UDP    : PING,40,1779950274.418391"
2026-05-28T14:37:54,RAW,"ACK Message : ACK,PING,40,1779950274.418391,RSSI=-48"
2026-05-28T14:37:54,RAW,beginPacket : 1
2026-05-28T14:37:54,RAW,endPacket   : 1
2026-05-28T14:37:54,RAW,===============================
2026-05-28T14:37:55,RAW,========== CURRENT SUMMARY ==========
2026-05-28T14:37:55,RAW,WiFi Status   : Connected
2026-05-28T14:37:55,RAW,ESP32 IP      : 172.20.10.14
2026-05-28T14:37:55,RAW,RSSI          : -48 dBm
2026-05-28T14:37:55,RAW,UDP Count     : 61
2026-05-28T14:37:55,RAW,CSI Count     : 125
2026-05-28T14:37:55,RAW,"Last UDP      : PING,40,1779950274.418391"
2026-05-28T14:37:55,RAW,"Last ACK      : ACK,PING,40,1779950274.418391,RSSI=-48"
2026-05-28T14:37:55,RAW,Last UDP RSSI : -48 dBm
2026-05-28T14:37:55,RAW,====================================
2026-05-28T14:37:55,CSI,"CSI_DATA,126,390449,-48,6,256,0 0 -10 17 -8 13 -6 10 -4 6 -3 2 -1 -3 0 -7 0 -11 0 -15 0 -18 -1 -20 -2 -21 -3 -22 -3 -22 -4 -20 -4 -18 -3 -16 -3 -12 -2 -9 -1 -5 -1 -1 0 3 -1 7 -1 10 -2 13 -3 16 0 0 0 0 0 0 0 0 0 0 0 0 0 0 0 0 0 0 0 0 0 0 -5 1 -1 -2 3 -4 7 -6 11 -7 15 -7 18 -8 20 -8 21 -8 21 -7 20 -7 18 -6 16 -5 13 -4 9 -3 5 -1 1 1 -3 3 -7 6 -9 8 -12 11 -13 14 -14 16 -14 18 -14 19 -14 19"
2026-05-28T14:37:55,RAW,========== UDP DEBUG ==========
2026-05-28T14:37:55,RAW,Packet Size : 25
2026-05-28T14:37:55,RAW,Remote IP   : 172.20.10.5
2026-05-28T14:37:55,RAW,Remote Port : 52924
2026-05-28T14:37:55,RAW,"Last UDP    : PING,41,1779950275.541111"
2026-05-28T14:37:55,RAW,"ACK Message : ACK,PING,41,1779950275.541111,RSSI=-48"
2026-05-28T14:37:55,RAW,beginPacket : 1
2026-05-28T14:37:55,RAW,endPacket   : 1
2026-05-28T14:37:55,RAW,===============================
2026-05-28T14:37:56,RAW,========== CURRENT SUMMARY ==========
2026-05-28T14:37:56,RAW,WiFi Status   : Connected
2026-05-28T14:37:56,RAW,ESP32 IP      : 172.20.10.14
2026-05-28T14:37:56,RAW,RSSI          : -48 dBm
2026-05-28T14:37:56,RAW,UDP Count     : 62
2026-05-28T14:37:56,RAW,CSI Count     : 126
2026-05-28T14:37:56,RAW,"Last UDP      : PING,41,1779950275.541111"
2026-05-28T14:37:56,RAW,"Last ACK      : ACK,PING,41,1779950275.541111,RSSI=-48"
2026-05-28T14:37:56,RAW,Last UDP RSSI : -48 dBm
2026-05-28T14:37:56,RAW,====================================
2026-05-28T14:37:56,CSI,"CSI_DATA,127,391576,-48,6,256,0 0 16 5 13 4 10 3 6 3 3 3 -1 4 -4 5 -7 8 -9 10 -10 12 -10 14 -11 16 -9 17 -8 18 -8 17 -6 16 -5 14 -4 12 -3 8 -3 5 -3 1 -3 -2 -4 -6 -3 -10 -3 -12 -2 -15 0 0 0 0 0 0 0 0 0 0 0 0 0 0 0 0 0 0 0 0 0 0 -4 -3 -1 -6 1 -9 4 -12 5 -14 8 -16 9 -18 10 -18 10 -19 9 -18 8 -17 7 -16 6 -13 5 -11 4 -8 4 -4 5 0 5 3 7 6 9 9 11 10 15 12 16 12 18 11 19 11 19 9"
2026-05-28T14:37:56,RAW,========== UDP DEBUG ==========
2026-05-28T14:37:56,RAW,Packet Size : 26
2026-05-28T14:37:56,RAW,Remote IP   : 172.20.10.5
2026-05-28T14:37:56,RAW,Remote Port : 52924
2026-05-28T14:37:56,RAW,"Last UDP    : PING,42,1779950276.8610728"
2026-05-28T14:37:56,RAW,"ACK Message : ACK,PING,42,1779950276.8610728,RSSI=-48"
2026-05-28T14:37:56,RAW,beginPacket : 1
2026-05-28T14:37:56,RAW,endPacket   : 1
2026-05-28T14:37:56,RAW,===============================
2026-05-28T14:37:57,RAW,========== CURRENT SUMMARY ==========
2026-05-28T14:37:57,RAW,WiFi Status   : Connected
2026-05-28T14:37:57,RAW,ESP32 IP      : 172.20.10.14
2026-05-28T14:37:57,RAW,RSSI          : -48 dBm
2026-05-28T14:37:57,RAW,UDP Count     : 63
2026-05-28T14:37:57,RAW,CSI Count     : 127
2026-05-28T14:37:57,RAW,"Last UDP      : PING,42,1779950276.8610728"
2026-05-28T14:37:57,RAW,"Last ACK      : ACK,PING,42,1779950276.8610728,RSSI=-48"
2026-05-28T14:37:57,RAW,Last UDP RSSI : -48 dBm
2026-05-28T14:37:57,RAW,====================================
2026-05-28T14:37:58,CSI,"CSI_DATA,128,392702,-48,6,256,0 0 -17 8 -14 6 -10 5 -7 2 -4 -1 -2 -4 0 -8 1 -11 2 -15 1 -17 0 -19 -1 -20 -2 -21 -4 -21 -4 -19 -4 -17 -4 -14 -3 -12 -2 -8 0 -5 1 -1 3 2 4 6 5 8 6 11 6 14 0 0 0 0 0 0 0 0 0 0 0 0 0 0 0 0 0 0 0 0 0 0 0 -5 2 -2 5 1 7 6 8 8 10 12 11 14 11 16 12 17 12 16 12 16 11 14 10 12 8 10 5 8 2 5 -1 4 -5 2 -10 1 -13 1 -16 2 -19 3 -21 5 -22 6 -22 7 -21 8"
2026-05-28T14:37:58,RAW,========== UDP DEBUG ==========
2026-05-28T14:37:58,RAW,Packet Size : 25
2026-05-28T14:37:58,RAW,Remote IP   : 172.20.10.5
2026-05-28T14:37:58,RAW,Remote Port : 52924
2026-05-28T14:37:58,RAW,"Last UDP    : PING,43,1779950277.900933"
2026-05-28T14:37:58,RAW,"ACK Message : ACK,PING,43,1779950277.900933,RSSI=-48"
2026-05-28T14:37:58,RAW,beginPacket : 1
2026-05-28T14:37:58,RAW,endPacket   : 1
2026-05-28T14:37:58,RAW,===============================
2026-05-28T14:37:58,RAW,========== CURRENT SUMMARY ==========
2026-05-28T14:37:58,RAW,WiFi Status   : Connected
2026-05-28T14:37:58,RAW,ESP32 IP      : 172.20.10.14
2026-05-28T14:37:58,RAW,RSSI          : -48 dBm
2026-05-28T14:37:58,RAW,UDP Count     : 64
2026-05-28T14:37:58,RAW,CSI Count     : 128
2026-05-28T14:37:58,RAW,"Last UDP      : PING,43,1779950277.900933"
2026-05-28T14:37:58,RAW,"Last ACK      : ACK,PING,43,1779950277.900933,RSSI=-48"
2026-05-28T14:37:58,RAW,Last UDP RSSI : -48 dBm
2026-05-28T14:37:58,RAW,====================================
2026-05-28T14:37:59,RAW,========== CURRENT SUMMARY ==========
2026-05-28T14:37:59,RAW,WiFi Status   : Connected
2026-05-28T14:37:59,RAW,ESP32 IP      : 172.20.10.14
2026-05-28T14:37:59,RAW,RSSI          : -48 dBm
2026-05-28T14:37:59,RAW,UDP Count     : 64
2026-05-28T14:37:59,RAW,CSI Count     : 128
2026-05-28T14:37:59,RAW,"Last UDP      : PING,43,1779950277.900933"
2026-05-28T14:37:59,RAW,"Last ACK      : ACK,PING,43,1779950277.900933,RSSI=-48"
2026-05-28T14:37:59,RAW,Last UDP RSSI : -48 dBm
2026-05-28T14:37:59,RAW,====================================
2026-05-28T14:37:59,CSI,"CSI_DATA,129,393829,-48,6,256,0 0 3 17 3 15 3 11 1 8 0 4 -2 1 -4 -2 -7 -5 -10 -7 -12 -8 -14 -9 -16 -9 -18 -9 -19 -9 -18 -9 -18 -8 -16 -7 -15 -6 -12 -5 -9 -4 -5 -3 -2 -2 2 0 4 1 7 3 9 5 0 0 0 0 0 0 0 0 0 0 0 0 0 0 0 0 0 0 0 0 0 0 -1 -3 1 -6 5 -9 7 -11 10 -12 12 -14 13 -14 15 -15 15 -15 14 -14 13 -13 11 -12 10 -10 7 -8 5 -5 3 -2 2 2 0 5 -1 8 -2 12 -1 15 -1 17 0 20 1 21 2 21 3 21"
2026-05-28T14:37:59,RAW,========== UDP DEBUG ==========
2026-05-28T14:37:59,RAW,Packet Size : 24
2026-05-28T14:37:59,RAW,Remote IP   : 172.20.10.5
2026-05-28T14:37:59,RAW,Remote Port : 52924
2026-05-28T14:37:59,RAW,"Last UDP    : PING,44,1779950279.02356"
2026-05-28T14:37:59,RAW,"ACK Message : ACK,PING,44,1779950279.02356,RSSI=-48"
2026-05-28T14:37:59,RAW,beginPacket : 1
2026-05-28T14:37:59,RAW,endPacket   : 1
2026-05-28T14:37:59,RAW,===============================
2026-05-28T14:37:59,CSI,"CSI_DATA,130,394134,-48,6,128,0 0 -20 10 -13 7 -16 7 -7 3 -8 2 -2 -2 0 -5 2 -8 3 -11 3 -12 5 -15 6 -17 5 -17 6 -22 2 -15 5 -21 2 -12 4 -17 2 -10 2 -8 2 -6 1 -3 0 0 0 3 -2 6 -4 9 0 0 0 0 0 0 0 0 0 0 0 0 0 0 0 0 0 0 0 0 0 0 1 -1 6 1 6 1 11 4 9 3 15 8 14 7 15 8 15 8 12 6 13 8 12 7 10 6 8 5 6 4 2 1 -2 2 -4 1 -10 1 -13 2 -18 3 -19 5 -19 5 -23 6 -25 8 -25 9"
2026-05-28T14:38:00,RAW,========== CURRENT SUMMARY ==========
2026-05-28T14:38:00,RAW,WiFi Status   : Connected
2026-05-28T14:38:00,RAW,ESP32 IP      : 172.20.10.14
2026-05-28T14:38:00,RAW,RSSI          : -48 dBm
2026-05-28T14:38:00,RAW,UDP Count     : 65
2026-05-28T14:38:00,RAW,CSI Count     : 130
2026-05-28T14:38:00,RAW,"Last UDP      : PING,44,1779950279.02356"
2026-05-28T14:38:00,RAW,"Last ACK      : ACK,PING,44,1779950279.02356,RSSI=-48"
2026-05-28T14:38:00,RAW,Last UDP RSSI : -48 dBm
2026-05-28T14:38:00,RAW,====================================
2026-05-28T14:38:00,CSI,"CSI_DATA,131,395058,-48,6,256,0 0 -10 15 -8 13 -7 10 -5 6 -4 3 -3 -1 -3 -5 -4 -8 -5 -11 -7 -14 -8 -16 -9 -17 -11 -17 -12 -17 -12 -15 -11 -15 -11 -12 -9 -11 -7 -8 -4 -6 -2 -3 1 -1 4 1 6 4 8 6 9 9 0 0 0 0 0 0 0 0 0 0 0 0 0 0 0 0 0 0 0 0 0 0 -1 -3 3 -2 7 -1 10 0 13 1 17 3 18 3 19 4 21 5 20 4 19 4 17 3 15 3 12 2 8 2 4 2 0 3 -3 3 -7 5 -9 7 -12 11 -14 12 -14 14 -15 16 -14 17 -13 17"
2026-05-28T14:38:00,RAW,========== UDP DEBUG ==========
2026-05-28T14:38:00,RAW,Packet Size : 26
2026-05-28T14:38:00,RAW,Remote IP   : 172.20.10.5
2026-05-28T14:38:00,RAW,Remote Port : 52924
2026-05-28T14:38:00,RAW,"Last UDP    : PING,45,1779950280.1492648"
2026-05-28T14:38:00,RAW,"ACK Message : ACK,PING,45,1779950280.1492648,RSSI=-48"
2026-05-28T14:38:00,RAW,beginPacket : 1
2026-05-28T14:38:00,RAW,endPacket   : 1
2026-05-28T14:38:00,RAW,===============================
2026-05-28T14:38:01,RAW,========== CURRENT SUMMARY ==========
2026-05-28T14:38:01,RAW,WiFi Status   : Connected
2026-05-28T14:38:01,RAW,ESP32 IP      : 172.20.10.14
2026-05-28T14:38:01,RAW,RSSI          : -48 dBm
2026-05-28T14:38:01,RAW,UDP Count     : 66
2026-05-28T14:38:01,RAW,CSI Count     : 131
2026-05-28T14:38:01,RAW,"Last UDP      : PING,45,1779950280.1492648"
2026-05-28T14:38:01,RAW,"Last ACK      : ACK,PING,45,1779950280.1492648,RSSI=-48"
2026-05-28T14:38:01,RAW,Last UDP RSSI : -48 dBm
2026-05-28T14:38:01,RAW,====================================
2026-05-28T14:38:01,CSI,"CSI_DATA,132,396184,-48,6,256,0 0 -16 -11 -13 -9 -10 -7 -6 -5 -2 -4 2 -3 6 -4 10 -5 12 -6 15 -8 16 -10 16 -11 16 -12 15 -13 14 -13 13 -12 10 -11 8 -8 5 -6 3 -2 1 1 -1 4 -4 7 -6 10 -8 12 -10 12 0 0 0 0 0 0 0 0 0 0 0 0 0 0 0 0 0 0 0 0 0 0 4 -2 2 1 0 5 -2 8 -5 12 -7 14 -9 17 -10 19 -10 19 -10 19 -10 18 -9 17 -7 15 -6 12 -5 8 -5 4 -4 0 -4 -4 -5 -7 -8 -10 -10 -13 -12 -15 -14 -17 -17 -17 -18 -16 -18 -15"
2026-05-28T14:38:01,RAW,========== UDP DEBUG ==========
2026-05-28T14:38:01,RAW,Packet Size : 25
2026-05-28T14:38:01,RAW,Remote IP   : 172.20.10.5
2026-05-28T14:38:01,RAW,Remote Port : 52924
2026-05-28T14:38:01,RAW,"Last UDP    : PING,46,1779950281.467325"
2026-05-28T14:38:01,RAW,"ACK Message : ACK,PING,46,1779950281.467325,RSSI=-48"
2026-05-28T14:38:01,RAW,beginPacket : 1
2026-05-28T14:38:01,RAW,endPacket   : 1
2026-05-28T14:38:01,RAW,===============================
2026-05-28T14:38:02,RAW,========== CURRENT SUMMARY ==========
2026-05-28T14:38:02,RAW,WiFi Status   : Connected
2026-05-28T14:38:02,RAW,ESP32 IP      : 172.20.10.14
2026-05-28T14:38:02,RAW,RSSI          : -48 dBm
2026-05-28T14:38:02,RAW,UDP Count     : 67
2026-05-28T14:38:02,RAW,CSI Count     : 132
2026-05-28T14:38:02,RAW,"Last UDP      : PING,46,1779950281.467325"
2026-05-28T14:38:02,RAW,"Last ACK      : ACK,PING,46,1779950281.467325,RSSI=-48"
2026-05-28T14:38:02,RAW,Last UDP RSSI : -48 dBm
2026-05-28T14:38:02,RAW,====================================
2026-05-28T14:38:02,CSI,"CSI_DATA,133,397311,-48,6,256,0 0 2 18 3 15 2 12 0 8 -1 3 -3 0 -6 -3 -9 -5 -12 -7 -14 -8 -17 -8 -18 -8 -19 -7 -20 -6 -19 -6 -18 -5 -15 -3 -12 -3 -8 -3 -5 -3 -1 -2 3 -2 7 -1 10 -1 12 1 14 2 0 0 0 0 0 0 0 0 0 0 0 0 0 0 0 0 0 0 0 0 0 0 -5 0 -2 -2 2 -4 6 -6 9 -8 13 -9 16 -10 18 -10 19 -11 19 -11 19 -11 16 -10 14 -9 11 -8 9 -6 6 -3 3 0 1 4 -1 7 -2 11 -2 14 -2 18 -2 20 -1 22 1 22 1 23"
2026-05-28T14:38:02,RAW,========== UDP DEBUG ==========
2026-05-28T14:38:02,RAW,Packet Size : 25
2026-05-28T14:38:02,RAW,Remote IP   : 172.20.10.5
2026-05-28T14:38:02,RAW,Remote Port : 52924
2026-05-28T14:38:02,RAW,"Last UDP    : PING,47,1779950282.548553"
2026-05-28T14:38:02,RAW,"ACK Message : ACK,PING,47,1779950282.548553,RSSI=-48"
2026-05-28T14:38:02,RAW,beginPacket : 1
2026-05-28T14:38:02,RAW,endPacket   : 1
2026-05-28T14:38:02,RAW,===============================
2026-05-28T14:38:03,RAW,========== CURRENT SUMMARY ==========
2026-05-28T14:38:03,RAW,WiFi Status   : Connected
2026-05-28T14:38:03,RAW,ESP32 IP      : 172.20.10.14
2026-05-28T14:38:03,RAW,RSSI          : -48 dBm
2026-05-28T14:38:03,RAW,UDP Count     : 68
2026-05-28T14:38:03,RAW,CSI Count     : 133
2026-05-28T14:38:03,RAW,"Last UDP      : PING,47,1779950282.548553"
2026-05-28T14:38:03,RAW,"Last ACK      : ACK,PING,47,1779950282.548553,RSSI=-48"
2026-05-28T14:38:03,RAW,Last UDP RSSI : -48 dBm
2026-05-28T14:38:03,RAW,====================================
2026-05-28T14:38:03,CSI,"CSI_DATA,134,398437,-44,6,256,0 0 -15 2 -15 2 -14 2 -14 2 -14 3 -14 3 -13 3 -13 4 -13 4 -12 4 -12 5 -12 5 -12 6 -11 6 -11 6 -11 6 -11 6 -11 6 -11 5 -11 5 -11 4 -11 3 -11 3 -11 2 -11 1 -11 0 0 0 0 0 0 0 0 0 0 0 0 0 0 0 0 0 0 0 0 0 0 0 -13 3 -13 2 -13 0 -14 -1 -14 -2 -14 -3 -14 -3 -14 -4 -14 -4 -14 -4 -14 -4 -14 -5 -14 -4 -14 -4 -14 -4 -14 -4 -14 -3 -14 -3 -15 -3 -15 -2 -15 -2 -15 -1 -15 -1 -15 0 -15 1 -15 1"
2026-05-28T14:38:03,RAW,========== UDP DEBUG ==========
2026-05-28T14:38:03,RAW,Packet Size : 25
2026-05-28T14:38:03,RAW,Remote IP   : 172.20.10.5
2026-05-28T14:38:03,RAW,Remote Port : 52924
2026-05-28T14:38:03,RAW,"Last UDP    : PING,48,1779950283.631829"
2026-05-28T14:38:03,RAW,"ACK Message : ACK,PING,48,1779950283.631829,RSSI=-46"
2026-05-28T14:38:03,RAW,beginPacket : 1
2026-05-28T14:38:03,RAW,endPacket   : 1
2026-05-28T14:38:03,RAW,===============================
2026-05-28T14:38:04,RAW,========== CURRENT SUMMARY ==========
2026-05-28T14:38:04,RAW,WiFi Status   : Connected
2026-05-28T14:38:04,RAW,ESP32 IP      : 172.20.10.14
2026-05-28T14:38:04,RAW,RSSI          : -46 dBm
2026-05-28T14:38:04,RAW,UDP Count     : 69
2026-05-28T14:38:04,RAW,CSI Count     : 134
2026-05-28T14:38:04,RAW,"Last UDP      : PING,48,1779950283.631829"
2026-05-28T14:38:04,RAW,"Last ACK      : ACK,PING,48,1779950283.631829,RSSI=-46"
2026-05-28T14:38:04,RAW,Last UDP RSSI : -46 dBm
2026-05-28T14:38:04,RAW,====================================
2026-05-28T14:38:04,CSI,"CSI_DATA,135,399152,-48,6,128,0 0 7 -19 5 -18 4 -12 4 -10 3 -4 5 0 5 4 6 7 8 10 10 13 13 13 15 12 14 12 12 11 15 10 12 8 12 9 10 6 6 6 3 3 1 2 -2 1 -5 0 -8 -1 -9 -3 -10 -5 0 0 0 0 0 0 0 0 0 0 0 0 0 0 0 0 0 0 0 0 0 0 0 3 -3 1 -6 2 -8 -1 -12 0 -15 -1 -18 -3 -18 -4 -19 -3 -19 -4 -18 -3 -16 -2 -15 -2 -12 -2 -8 -3 -5 -3 -1 -3 1 -6 4 -9 8 -14 11 -13 10 -17 13 -21 12 -24 9 -24 9 -24"
2026-05-28T14:38:04,CSI,"CSI_DATA,136,399563,-48,6,256,0 0 3 -19 2 -15 1 -12 1 -8 1 -5 1 -1 2 3 3 6 4 9 6 11 7 13 9 14 10 15 12 15 12 15 12 14 10 12 10 11 8 9 6 7 3 5 1 2 -2 -1 -3 -3 -4 -7 -5 -9 0 0 0 0 0 0 0 0 0 0 0 0 0 0 0 0 0 0 0 0 0 0 -2 2 -4 4 -8 5 -11 6 -14 6 -17 7 -19 7 -20 7 -20 6 -19 6 -17 5 -16 4 -14 4 -10 3 -7 1 -5 -1 -2 -3 2 -6 5 -8 6 -11 7 -14 7 -16 7 -19 8 -20 6 -21 5 -21"
2026-05-28T14:38:04,RAW,========== UDP DEBUG ==========
2026-05-28T14:38:04,RAW,Packet Size : 23
2026-05-28T14:38:04,RAW,Remote IP   : 172.20.10.5
2026-05-28T14:38:04,RAW,Remote Port : 52924
2026-05-28T14:38:04,RAW,"Last UDP    : PING,49,1779950284.7584"
2026-05-28T14:38:04,RAW,"ACK Message : ACK,PING,49,1779950284.7584,RSSI=-40"
2026-05-28T14:38:04,RAW,beginPacket : 1
2026-05-28T14:38:04,RAW,endPacket   : 1
2026-05-28T14:38:04,RAW,===============================
2026-05-28T14:38:05,RAW,========== CURRENT SUMMARY ==========
2026-05-28T14:38:05,RAW,WiFi Status   : Connected
2026-05-28T14:38:05,RAW,ESP32 IP      : 172.20.10.14
2026-05-28T14:38:05,RAW,RSSI          : -40 dBm
2026-05-28T14:38:05,RAW,UDP Count     : 70
2026-05-28T14:38:05,RAW,CSI Count     : 136
2026-05-28T14:38:05,RAW,"Last UDP      : PING,49,1779950284.7584"
2026-05-28T14:38:05,RAW,"Last ACK      : ACK,PING,49,1779950284.7584,RSSI=-40"
2026-05-28T14:38:05,RAW,Last UDP RSSI : -40 dBm
2026-05-28T14:38:05,RAW,====================================
2026-05-28T14:38:06,CSI,"CSI_DATA,137,400690,-48,6,256,0 0 4 18 4 15 3 12 2 8 0 5 -4 1 -7 -1 -10 -3 -13 -4 -15 -4 -18 -4 -20 -4 -21 -3 -21 -2 -21 -2 -20 0 -18 0 -15 0 -12 -1 -8 -1 -4 -2 -1 -3 3 -4 7 -3 10 -4 13 -4 0 0 0 0 0 0 0 0 0 0 0 0 0 0 0 0 0 0 0 0 0 0 -4 -3 1 -4 5 -5 9 -6 12 -6 16 -7 18 -7 19 -7 19 -7 19 -8 18 -8 17 -8 13 -7 11 -5 8 -4 5 -1 2 2 0 5 0 9 -2 12 -2 15 -2 18 -1 21 1 22 3 22 3 22"
2026-05-28T14:38:06,RAW,========== UDP DEBUG ==========
2026-05-28T14:38:06,RAW,Packet Size : 24
2026-05-28T14:38:06,RAW,Remote IP   : 172.20.10.5
2026-05-28T14:38:06,RAW,Remote Port : 52924
2026-05-28T14:38:06,RAW,"Last UDP    : PING,50,1779950285.88567"
2026-05-28T14:38:06,RAW,"ACK Message : ACK,PING,50,1779950285.88567,RSSI=-49"
2026-05-28T14:38:06,RAW,beginPacket : 1
2026-05-28T14:38:06,RAW,endPacket   : 1
2026-05-28T14:38:06,RAW,===============================
2026-05-28T14:38:06,RAW,========== CURRENT SUMMARY ==========
2026-05-28T14:38:06,RAW,WiFi Status   : Connected
2026-05-28T14:38:06,RAW,ESP32 IP      : 172.20.10.14
2026-05-28T14:38:06,RAW,RSSI          : -49 dBm
2026-05-28T14:38:06,RAW,UDP Count     : 71
2026-05-28T14:38:06,RAW,CSI Count     : 137
2026-05-28T14:38:06,RAW,"Last UDP      : PING,50,1779950285.88567"
2026-05-28T14:38:06,RAW,"Last ACK      : ACK,PING,50,1779950285.88567,RSSI=-49"
2026-05-28T14:38:06,RAW,Last UDP RSSI : -49 dBm
2026-05-28T14:38:06,RAW,====================================
2026-05-28T14:38:07,RAW,========== CURRENT SUMMARY ==========
2026-05-28T14:38:07,RAW,WiFi Status   : Connected
2026-05-28T14:38:07,RAW,ESP32 IP      : 172.20.10.14
2026-05-28T14:38:07,RAW,RSSI          : -49 dBm
2026-05-28T14:38:07,RAW,UDP Count     : 71
2026-05-28T14:38:07,RAW,CSI Count     : 137
2026-05-28T14:38:07,RAW,"Last UDP      : PING,50,1779950285.88567"
2026-05-28T14:38:07,RAW,"Last ACK      : ACK,PING,50,1779950285.88567,RSSI=-49"
2026-05-28T14:38:07,RAW,Last UDP RSSI : -49 dBm
2026-05-28T14:38:07,RAW,====================================
2026-05-28T14:38:07,CSI,"CSI_DATA,138,401818,-47,6,256,0 0 -18 -7 -15 -6 -12 -5 -8 -3 -5 -2 -1 -1 3 -1 7 0 10 0 13 -1 15 -2 17 -3 18 -4 19 -4 18 -5 18 -4 16 -5 15 -4 12 -3 9 -2 6 -1 3 -1 -1 0 -4 0 -8 -1 -10 -2 0 0 0 0 0 0 0 0 0 0 0 0 0 0 0 0 0 0 0 0 0 0 2 1 5 4 6 6 8 9 9 12 9 15 10 17 9 18 9 18 8 17 7 16 6 14 5 11 4 9 2 6 0 2 -3 -1 -5 -4 -8 -6 -11 -8 -13 -10 -16 -11 -18 -11 -19 -11 -20 -11 -20 -10"
2026-05-28T14:38:07,RAW,========== UDP DEBUG ==========
2026-05-28T14:38:07,RAW,Packet Size : 26
2026-05-28T14:38:07,RAW,Remote IP   : 172.20.10.5
2026-05-28T14:38:07,RAW,Remote Port : 52924
2026-05-28T14:38:07,RAW,"Last UDP    : PING,51,1779950287.0130408"
2026-05-28T14:38:07,RAW,"ACK Message : ACK,PING,51,1779950287.0130408,RSSI=-49"
2026-05-28T14:38:07,RAW,beginPacket : 1
2026-05-28T14:38:07,RAW,endPacket   : 1
2026-05-28T14:38:07,RAW,===============================
2026-05-28T14:38:07,CSI,"CSI_DATA,139,402224,-48,6,128,0 0 10 -21 7 -20 5 -13 5 -9 3 -4 3 0 4 4 4 9 5 12 9 16 9 15 12 15 12 17 11 16 12 15 10 12 8 11 6 7 4 7 1 5 -1 2 -3 0 -7 -3 -8 -5 -10 -7 -10 -9 0 0 0 0 0 0 0 0 0 0 0 0 0 0 0 0 0 0 0 0 0 0 4 2 0 1 -4 2 -7 1 -12 0 -12 0 -15 -1 -19 -2 -21 -2 -23 -1 -20 -1 -20 0 -18 0 -15 0 -11 -1 -9 -2 -4 -3 1 -6 3 -7 6 -9 11 -14 13 -17 14 -22 11 -22 12 -25 11 -23"
2026-05-28T14:38:08,RAW,========== CURRENT SUMMARY ==========
2026-05-28T14:38:08,RAW,WiFi Status   : Connected
2026-05-28T14:38:08,RAW,ESP32 IP      : 172.20.10.14
2026-05-28T14:38:08,RAW,RSSI          : -48 dBm
2026-05-28T14:38:08,RAW,UDP Count     : 72
2026-05-28T14:38:08,RAW,CSI Count     : 139
2026-05-28T14:38:08,RAW,"Last UDP      : PING,51,1779950287.0130408"
2026-05-28T14:38:08,RAW,"Last ACK      : ACK,PING,51,1779950287.0130408,RSSI=-49"
2026-05-28T14:38:08,RAW,Last UDP RSSI : -49 dBm
2026-05-28T14:38:08,RAW,====================================
2026-05-28T14:38:08,CSI,"CSI_DATA,140,402942,-48,6,256,0 0 -11 -17 -11 -15 -8 -11 -6 -9 -4 -5 -1 -2 1 1 5 3 8 5 11 6 13 8 15 8 17 8 18 7 18 7 18 7 17 6 15 6 13 5 9 4 6 3 3 2 0 0 -3 -2 -5 -4 -7 -6 0 0 0 0 0 0 0 0 0 0 0 0 0 0 0 0 0 0 0 0 0 0 1 1 1 5 1 8 1 12 0 16 -1 18 -2 20 -3 21 -3 21 -4 20 -4 19 -4 17 -3 14 -3 11 -2 7 -2 3 -2 -1 -2 -5 -3 -8 -4 -12 -6 -15 -7 -18 -9 -20 -10 -21 -11 -21 -11 -20"
2026-05-28T14:38:08,RAW,========== UDP DEBUG ==========
2026-05-28T14:38:08,RAW,Packet Size : 25
2026-05-28T14:38:08,RAW,Remote IP   : 172.20.10.5
2026-05-28T14:38:08,RAW,Remote Port : 52924
2026-05-28T14:38:08,RAW,"Last UDP    : PING,52,1779950288.161099"
2026-05-28T14:38:08,RAW,"ACK Message : ACK,PING,52,1779950288.161099,RSSI=-49"
2026-05-28T14:38:08,RAW,beginPacket : 1
2026-05-28T14:38:08,RAW,endPacket   : 1
2026-05-28T14:38:08,RAW,===============================
2026-05-28T14:38:09,RAW,========== CURRENT SUMMARY ==========
2026-05-28T14:38:09,RAW,WiFi Status   : Connected
2026-05-28T14:38:09,RAW,ESP32 IP      : 172.20.10.14
2026-05-28T14:38:09,RAW,RSSI          : -49 dBm
2026-05-28T14:38:09,RAW,UDP Count     : 73
2026-05-28T14:38:09,RAW,CSI Count     : 140
2026-05-28T14:38:09,RAW,"Last UDP      : PING,52,1779950288.161099"
2026-05-28T14:38:09,RAW,"Last ACK      : ACK,PING,52,1779950288.161099,RSSI=-49"
2026-05-28T14:38:09,RAW,Last UDP RSSI : -49 dBm
2026-05-28T14:38:09,RAW,====================================
2026-05-28T14:38:09,CSI,"CSI_DATA,141,403966,-48,6,256,0 0 -6 17 -6 13 -4 10 -3 6 -2 2 -3 -1 -4 -6 -5 -9 -6 -12 -9 -14 -10 -15 -11 -16 -13 -15 -13 -15 -14 -14 -13 -13 -12 -12 -10 -10 -8 -8 -5 -5 -2 -3 1 -1 4 1 6 3 8 5 9 8 0 0 0 0 0 0 0 0 0 0 0 0 0 0 0 0 0 0 0 0 0 0 -1 -4 4 -4 7 -3 11 -3 14 -2 18 -1 19 -1 20 0 21 0 20 0 19 0 16 0 13 0 10 0 7 0 3 1 0 3 -3 5 -6 7 -9 10 -10 12 -11 15 -12 17 -12 19 -10 20 -9 20"
2026-05-28T14:38:09,RAW,========== UDP DEBUG ==========
2026-05-28T14:38:09,RAW,Packet Size : 25
2026-05-28T14:38:09,RAW,Remote IP   : 172.20.10.5
2026-05-28T14:38:09,RAW,Remote Port : 52924
2026-05-28T14:38:09,RAW,"Last UDP    : PING,53,1779950289.262217"
2026-05-28T14:38:09,RAW,"ACK Message : ACK,PING,53,1779950289.262217,RSSI=-48"
2026-05-28T14:38:09,RAW,beginPacket : 1
2026-05-28T14:38:09,RAW,endPacket   : 1
2026-05-28T14:38:09,RAW,===============================
2026-05-28T14:38:09,CSI,"CSI_DATA,142,404187,-48,6,128,0 0 -9 21 -8 18 -6 15 -4 11 -3 6 -2 1 -1 -4 0 -7 -1 -12 0 -14 -1 -18 -1 -19 -1 -20 -2 -21 -2 -20 -2 -20 -2 -18 -2 -17 0 -14 0 -10 0 -7 1 -4 0 0 0 2 -2 6 -4 8 0 0 0 0 0 0 0 0 0 0 0 0 0 0 0 0 0 0 0 0 0 0 0 -4 3 -5 5 -8 8 -9 9 -10 12 -12 14 -12 15 -11 15 -12 14 -11 14 -10 12 -10 11 -8 8 -6 5 -4 2 -2 -1 1 -3 4 -7 7 -8 11 -10 15 -12 18 -12 21 -13 22 -13 24 -12 24"
2026-05-28T14:38:10,RAW,========== CURRENT SUMMARY ==========
2026-05-28T14:38:10,RAW,WiFi Status   : Connected
2026-05-28T14:38:10,RAW,ESP32 IP      : 172.20.10.14
2026-05-28T14:38:10,RAW,RSSI          : -48 dBm
2026-05-28T14:38:10,RAW,UDP Count     : 74
2026-05-28T14:38:10,RAW,CSI Count     : 142
2026-05-28T14:38:10,RAW,"Last UDP      : PING,53,1779950289.262217"
2026-05-28T14:38:10,RAW,"Last ACK      : ACK,PING,53,1779950289.262217,RSSI=-48"
2026-05-28T14:38:10,RAW,Last UDP RSSI : -48 dBm
2026-05-28T14:38:10,RAW,====================================
2026-05-28T14:38:10,CSI,"CSI_DATA,143,405094,-48,6,256,0 0 -7 20 -6 16 -4 12 -3 7 -3 4 -2 -1 -2 -6 -2 -10 -3 -14 -5 -17 -6 -19 -7 -21 -8 -22 -9 -21 -9 -20 -9 -18 -8 -15 -7 -14 -5 -10 -3 -6 -1 -3 1 1 2 5 4 9 3 12 2 15 0 0 0 0 0 0 0 0 0 0 0 0 0 0 0 0 0 0 0 0 0 0 -6 2 -2 -1 2 -4 7 -6 11 -7 14 -8 17 -8 20 -9 21 -9 21 -9 20 -8 19 -8 16 -7 14 -7 10 -5 6 -2 3 0 -2 3 -4 5 -7 9 -9 13 -11 16 -12 19 -12 21 -11 22 -10 22"
2026-05-28T14:38:10,RAW,========== UDP DEBUG ==========
2026-05-28T14:38:10,RAW,Packet Size : 26
2026-05-28T14:38:10,RAW,Remote IP   : 172.20.10.5
2026-05-28T14:38:10,RAW,Remote Port : 52924
2026-05-28T14:38:10,RAW,"Last UDP    : PING,54,1779950290.2900858"
2026-05-28T14:38:10,RAW,"ACK Message : ACK,PING,54,1779950290.2900858,RSSI=-48"
2026-05-28T14:38:10,RAW,beginPacket : 1
2026-05-28T14:38:10,RAW,endPacket   : 1
2026-05-28T14:38:10,RAW,===============================
2026-05-28T14:38:10,CSI,"CSI_DATA,144,405296,-44,6,128,0 0 0 21 1 17 0 13 0 9 -1 4 -3 0 -5 -3 -8 -6 -10 -8 -12 -10 -14 -10 -16 -11 -17 -10 -17 -9 -16 -8 -15 -7 -14 -6 -12 -6 -9 -5 -6 -4 -3 -3 0 -2 3 -1 5 0 8 1 9 3 0 0 0 0 0 0 0 0 0 0 0 0 0 0 0 0 0 0 0 0 0 0 -2 -2 1 -4 4 -5 8 -7 10 -7 13 -8 15 -8 17 -9 17 -9 17 -8 17 -8 15 -7 13 -7 10 -5 7 -4 4 -1 2 2 -1 5 -3 9 -4 13 -5 17 -5 20 -5 23 -4 25 -3 26 -2 25"
2026-05-28T14:38:11,RAW,========== CURRENT SUMMARY ==========
2026-05-28T14:38:11,RAW,WiFi Status   : Connected
2026-05-28T14:38:11,RAW,ESP32 IP      : 172.20.10.14
2026-05-28T14:38:11,RAW,RSSI          : -45 dBm
2026-05-28T14:38:11,RAW,UDP Count     : 75
2026-05-28T14:38:11,RAW,CSI Count     : 144
2026-05-28T14:38:11,RAW,"Last UDP      : PING,54,1779950290.2900858"
2026-05-28T14:38:11,RAW,"Last ACK      : ACK,PING,54,1779950290.2900858,RSSI=-48"
2026-05-28T14:38:11,RAW,Last UDP RSSI : -48 dBm
2026-05-28T14:38:11,RAW,====================================
2026-05-28T14:38:11,CSI,"CSI_DATA,145,406219,-48,6,256,0 0 7 -18 5 -16 4 -13 3 -9 2 -5 1 -1 1 3 1 7 3 11 3 14 5 15 6 17 7 17 8 18 9 17 8 16 7 15 7 12 4 10 3 7 0 4 -1 0 -3 -3 -4 -6 -5 -9 -5 -12 0 0 0 0 0 0 0 0 0 0 0 0 0 0 0 0 0 0 0 0 0 0 1 0 -2 2 -6 3 -10 4 -13 4 -17 4 -20 5 -21 4 -22 4 -21 4 -20 3 -18 3 -15 3 -12 2 -9 1 -5 0 -2 -2 2 -4 4 -7 7 -10 9 -13 10 -15 12 -18 11 -19 10 -20 10 -21"
2026-05-28T14:38:11,RAW,========== UDP DEBUG ==========
2026-05-28T14:38:11,RAW,Packet Size : 26
2026-05-28T14:38:11,RAW,Remote IP   : 172.20.10.5
2026-05-28T14:38:11,RAW,Remote Port : 52924
2026-05-28T14:38:11,RAW,"Last UDP    : PING,55,1779950291.4166558"
2026-05-28T14:38:11,RAW,"ACK Message : ACK,PING,55,1779950291.4166558,RSSI=-48"
2026-05-28T14:38:11,RAW,beginPacket : 1
2026-05-28T14:38:11,RAW,endPacket   : 1
2026-05-28T14:38:11,RAW,===============================
2026-05-28T14:38:12,RAW,========== CURRENT SUMMARY ==========
2026-05-28T14:38:12,RAW,WiFi Status   : Connected
2026-05-28T14:38:12,RAW,ESP32 IP      : 172.20.10.14
2026-05-28T14:38:12,RAW,RSSI          : -48 dBm
2026-05-28T14:38:12,RAW,UDP Count     : 76
2026-05-28T14:38:12,RAW,CSI Count     : 145
2026-05-28T14:38:12,RAW,"Last UDP      : PING,55,1779950291.4166558"
2026-05-28T14:38:12,RAW,"Last ACK      : ACK,PING,55,1779950291.4166558,RSSI=-48"
2026-05-28T14:38:12,RAW,Last UDP RSSI : -48 dBm
2026-05-28T14:38:12,RAW,====================================
2026-05-28T14:38:12,CSI,"CSI_DATA,146,407243,-48,6,256,0 0 17 -8 15 -7 11 -6 8 -4 4 -2 1 1 -2 4 -5 6 -7 9 -8 12 -9 14 -9 16 -9 18 -8 18 -8 18 -7 17 -7 16 -6 13 -5 10 -4 7 -3 3 -1 0 0 -3 2 -7 3 -9 5 -11 0 0 0 0 0 0 0 0 0 0 0 0 0 0 0 0 0 0 0 0 0 0 0 1 -3 0 -7 -2 -11 -4 -13 -7 -16 -9 -18 -11 -19 -12 -19 -12 -19 -12 -18 -11 -16 -10 -14 -8 -12 -7 -8 -5 -4 -4 -1 -3 4 -2 7 -1 11 -1 15 -2 17 -3 20 -5 21 -6 22 -7 21 -7"
2026-05-28T14:38:12,RAW,========== UDP DEBUG ==========
2026-05-28T14:38:12,RAW,Packet Size : 26
2026-05-28T14:38:12,RAW,Remote IP   : 172.20.10.5
2026-05-28T14:38:12,RAW,Remote Port : 52924
2026-05-28T14:38:12,RAW,"Last UDP    : PING,56,1779950292.5341198"
2026-05-28T14:38:12,RAW,"ACK Message : ACK,PING,56,1779950292.5341198,RSSI=-48"
2026-05-28T14:38:12,RAW,beginPacket : 1
2026-05-28T14:38:12,RAW,endPacket   : 1
2026-05-28T14:38:12,RAW,===============================
2026-05-28T14:38:13,RAW,========== CURRENT SUMMARY ==========
2026-05-28T14:38:13,RAW,WiFi Status   : Connected
2026-05-28T14:38:13,RAW,ESP32 IP      : 172.20.10.14
2026-05-28T14:38:13,RAW,RSSI          : -48 dBm
2026-05-28T14:38:13,RAW,UDP Count     : 77
2026-05-28T14:38:13,RAW,CSI Count     : 146
2026-05-28T14:38:13,RAW,"Last UDP      : PING,56,1779950292.5341198"
2026-05-28T14:38:13,RAW,"Last ACK      : ACK,PING,56,1779950292.5341198,RSSI=-48"
2026-05-28T14:38:13,RAW,Last UDP RSSI : -48 dBm
2026-05-28T14:38:13,RAW,====================================
2026-05-28T14:38:13,CSI,"CSI_DATA,147,408386,-48,6,256,0 0 -20 -1 -18 -1 -14 -1 -9 -1 -5 -1 -1 -2 3 -4 6 -5 9 -8 12 -10 13 -12 13 -14 14 -15 14 -15 13 -16 12 -15 11 -14 9 -12 7 -10 5 -6 3 -3 1 0 -2 3 -4 5 -7 7 -10 8 0 0 0 0 0 0 0 0 0 0 0 0 0 0 0 0 0 0 0 0 0 0 0 -3 2 1 5 3 6 7 8 11 9 14 9 17 10 18 10 18 10 19 9 18 9 16 8 14 6 11 4 8 1 4 -2 2 -5 -1 -8 -3 -12 -4 -15 -6 -18 -6 -21 -6 -23 -5 -24 -4 -23 -3"
2026-05-28T14:38:13,RAW,========== UDP DEBUG ==========
2026-05-28T14:38:13,RAW,Packet Size : 25
2026-05-28T14:38:13,RAW,Remote IP   : 172.20.10.5
2026-05-28T14:38:13,RAW,Remote Port : 52924
2026-05-28T14:38:13,RAW,"Last UDP    : PING,57,1779950293.563373"
2026-05-28T14:38:13,RAW,"ACK Message : ACK,PING,57,1779950293.563373,RSSI=-49"
2026-05-28T14:38:13,RAW,beginPacket : 1
2026-05-28T14:38:13,RAW,endPacket   : 1
2026-05-28T14:38:13,RAW,===============================
2026-05-28T14:38:14,RAW,========== CURRENT SUMMARY ==========
2026-05-28T14:38:14,RAW,WiFi Status   : Connected
2026-05-28T14:38:14,RAW,ESP32 IP      : 172.20.10.14
2026-05-28T14:38:14,RAW,RSSI          : -49 dBm
2026-05-28T14:38:14,RAW,UDP Count     : 78
2026-05-28T14:38:14,RAW,CSI Count     : 147
2026-05-28T14:38:14,RAW,"Last UDP      : PING,57,1779950293.563373"
2026-05-28T14:38:14,RAW,"Last ACK      : ACK,PING,57,1779950293.563373,RSSI=-49"
2026-05-28T14:38:14,RAW,Last UDP RSSI : -49 dBm
2026-05-28T14:38:14,RAW,====================================
2026-05-28T14:38:14,CSI,"CSI_DATA,148,409187,-48,6,128,0 0 3 -17 6 -25 2 -8 1 -15 1 -3 0 -3 2 1 6 4 8 3 17 14 13 12 14 11 14 7 8 1 24 3 7 0 21 -1 7 1 11 -3 7 -3 4 -1 2 0 -4 2 -7 2 -8 2 -8 2 0 0 0 0 0 0 0 0 0 0 0 0 0 0 0 0 0 0 0 0 0 0 -2 1 -2 -1 -4 -6 -3 -3 -8 -15 -4 -8 -10 -14 -12 -15 -13 -12 -16 -23 -9 -17 -8 -14 -8 -12 -6 -8 -4 -4 -6 -5 0 -3 4 -4 4 -2 9 -7 12 -10 10 -14 27 -22 22 -16 18 -17 12 -16"
2026-05-28T14:38:14,CSI,"CSI_DATA,149,409496,-48,6,256,0 0 7 18 6 14 5 12 3 7 0 4 -2 1 -5 -1 -8 -4 -12 -5 -15 -6 -17 -6 -19 -5 -21 -5 -22 -4 -21 -3 -20 -2 -18 -2 -16 -2 -12 -2 -9 -2 -5 -2 -1 -2 3 -2 6 -2 10 0 12 1 0 0 0 0 0 0 0 0 0 0 0 0 0 0 0 0 0 0 0 0 0 0 -3 -1 0 -4 2 -6 6 -9 8 -12 12 -13 14 -15 15 -15 16 -16 16 -16 15 -15 13 -14 11 -11 9 -10 6 -7 4 -4 2 0 1 4 0 8 1 12 1 16 2 18 3 21 4 22 6 22 7 23"
2026-05-28T14:38:14,RAW,========== UDP DEBUG ==========
2026-05-28T14:38:14,RAW,Packet Size : 25
2026-05-28T14:38:14,RAW,Remote IP   : 172.20.10.5
2026-05-28T14:38:14,RAW,Remote Port : 52924
2026-05-28T14:38:14,RAW,"Last UDP    : PING,58,1779950294.707456"
2026-05-28T14:38:14,RAW,"ACK Message : ACK,PING,58,1779950294.707456,RSSI=-48"
2026-05-28T14:38:14,RAW,beginPacket : 1
2026-05-28T14:38:14,RAW,endPacket   : 1
2026-05-28T14:38:14,RAW,===============================
2026-05-28T14:38:15,RAW,========== CURRENT SUMMARY ==========
2026-05-28T14:38:15,RAW,WiFi Status   : Connected
2026-05-28T14:38:15,RAW,ESP32 IP      : 172.20.10.14
2026-05-28T14:38:15,RAW,RSSI          : -48 dBm
2026-05-28T14:38:15,RAW,UDP Count     : 79
2026-05-28T14:38:15,RAW,CSI Count     : 149
2026-05-28T14:38:15,RAW,"Last UDP      : PING,58,1779950294.707456"
2026-05-28T14:38:15,RAW,"Last ACK      : ACK,PING,58,1779950294.707456,RSSI=-48"
2026-05-28T14:38:15,RAW,Last UDP RSSI : -48 dBm
2026-05-28T14:38:15,RAW,====================================
2026-05-28T14:38:15,CSI,"CSI_DATA,150,410622,-48,6,256,0 0 -19 9 -16 8 -12 7 -8 4 -5 1 -2 -2 0 -5 3 -8 4 -12 5 -15 5 -17 5 -19 5 -21 3 -21 3 -21 3 -20 2 -18 1 -15 2 -12 1 -9 1 -5 1 -1 0 3 -1 7 -2 10 -4 12 0 0 0 0 0 0 0 0 0 0 0 0 0 0 0 0 0 0 0 0 0 0 -2 -3 3 -1 6 1 10 3 13 5 15 8 18 9 18 11 19 11 19 11 18 11 16 9 14 8 11 6 8 5 4 3 0 2 -4 1 -9 2 -13 2 -17 3 -19 4 -21 6 -23 7 -22 8 -22 9"
2026-05-28T14:38:15,RAW,========== UDP DEBUG ==========
2026-05-28T14:38:15,RAW,Packet Size : 25
2026-05-28T14:38:15,RAW,Remote IP   : 172.20.10.5
2026-05-28T14:38:15,RAW,Remote Port : 52924
2026-05-28T14:38:15,RAW,"Last UDP    : PING,59,1779950295.818181"
2026-05-28T14:38:15,RAW,"ACK Message : ACK,PING,59,1779950295.818181,RSSI=-48"
2026-05-28T14:38:15,RAW,beginPacket : 1
2026-05-28T14:38:15,RAW,endPacket   : 1
2026-05-28T14:38:15,RAW,===============================
2026-05-28T14:38:16,RAW,========== CURRENT SUMMARY ==========
2026-05-28T14:38:16,RAW,WiFi Status   : Connected
2026-05-28T14:38:16,RAW,ESP32 IP      : 172.20.10.14
2026-05-28T14:38:16,RAW,RSSI          : -48 dBm
2026-05-28T14:38:16,RAW,UDP Count     : 80
2026-05-28T14:38:16,RAW,CSI Count     : 150
2026-05-28T14:38:16,RAW,"Last UDP      : PING,59,1779950295.818181"
2026-05-28T14:38:16,RAW,"Last ACK      : ACK,PING,59,1779950295.818181,RSSI=-48"
2026-05-28T14:38:16,RAW,Last UDP RSSI : -48 dBm
2026-05-28T14:38:16,RAW,====================================
2026-05-28T14:38:16,CSI,"CSI_DATA,151,410928,-48,6,128,0 0 2 -21 2 -21 1 -15 0 -12 1 -5 1 0 3 4 5 8 6 10 8 14 10 16 9 17 11 15 11 12 13 14 11 11 11 9 7 7 6 6 3 3 0 1 -2 0 -5 -3 -6 -6 -7 -8 -7 -9 0 0 0 0 0 0 0 0 0 0 0 0 0 0 0 0 0 0 0 0 0 0 4 -1 1 1 -2 2 -5 4 -9 5 -13 5 -15 6 -17 7 -18 7 -20 6 -20 6 -18 4 -16 4 -13 4 -9 3 -8 2 -5 -1 -1 -3 3 -8 5 -11 6 -16 7 -18 10 -24 10 -26 9 -25 8 -25"
2026-05-28T14:38:16,CSI,"CSI_DATA,152,410942,-48,6,128,0 0 -7 20 -6 17 -5 13 -3 10 -3 5 -2 1 -3 -3 -3 -7 -4 -10 -5 -13 -6 -15 -7 -16 -8 -17 -9 -17 -9 -16 -9 -15 -8 -14 -7 -12 -6 -10 -4 -8 -2 -6 -1 -3 0 0 2 2 2 4 2 6 0 0 0 0 0 0 0 0 0 0 0 0 0 0 0 0 0 0 0 0 0 0 0 -2 2 -4 6 -5 8 -5 11 -7 13 -7 15 -7 16 -6 17 -6 16 -6 16 -6 14 -5 12 -5 10 -4 7 -2 3 -1 1 1 -2 4 -5 7 -7 10 -9 13 -10 17 -12 19 -11 21 -11 22 -10 22"
2026-05-28T14:38:17,CSI,"CSI_DATA,153,411749,-48,6,256,0 0 18 4 15 3 12 2 8 1 5 1 1 2 -3 2 -6 3 -9 5 -12 6 -13 8 -15 9 -15 10 -16 12 -15 12 -14 11 -13 11 -12 10 -10 8 -8 5 -6 3 -4 1 -1 -2 2 -4 4 -6 7 -7 0 0 0 0 0 0 0 0 0 0 0 0 0 0 0 0 0 0 0 0 0 0 -3 -1 -4 -5 -5 -8 -5 -12 -6 -15 -6 -17 -5 -19 -5 -20 -5 -20 -5 -20 -5 -19 -4 -16 -4 -14 -3 -11 -2 -8 -1 -4 2 -1 5 2 7 4 10 6 12 7 15 8 17 9 18 8 19 8 20 7"
2026-05-28T14:38:17,RAW,========== UDP DEBUG ==========
2026-05-28T14:38:17,RAW,Packet Size : 25
2026-05-28T14:38:17,RAW,Remote IP   : 172.20.10.5
2026-05-28T14:38:17,RAW,Remote Port : 52924
2026-05-28T14:38:17,RAW,"Last UDP    : PING,60,1779950296.944417"
2026-05-28T14:38:17,RAW,"ACK Message : ACK,PING,60,1779950296.944417,RSSI=-48"
2026-05-28T14:38:17,RAW,beginPacket : 1
2026-05-28T14:38:17,RAW,endPacket   : 1
2026-05-28T14:38:17,RAW,===============================
2026-05-28T14:38:17,RAW,========== CURRENT SUMMARY ==========
2026-05-28T14:38:17,RAW,WiFi Status   : Connected
2026-05-28T14:38:17,RAW,ESP32 IP      : 172.20.10.14
2026-05-28T14:38:17,RAW,RSSI          : -48 dBm
2026-05-28T14:38:17,RAW,UDP Count     : 81
2026-05-28T14:38:17,RAW,CSI Count     : 153
2026-05-28T14:38:17,RAW,"Last UDP      : PING,60,1779950296.944417"
2026-05-28T14:38:17,RAW,"Last ACK      : ACK,PING,60,1779950296.944417,RSSI=-48"
2026-05-28T14:38:17,RAW,Last UDP RSSI : -48 dBm
2026-05-28T14:38:17,RAW,====================================
2026-05-28T14:38:18,RAW,========== CURRENT SUMMARY ==========
2026-05-28T14:38:18,RAW,WiFi Status   : Connected
2026-05-28T14:38:18,RAW,ESP32 IP      : 172.20.10.14
2026-05-28T14:38:18,RAW,RSSI          : -48 dBm
2026-05-28T14:38:18,RAW,UDP Count     : 81
2026-05-28T14:38:18,RAW,CSI Count     : 153
2026-05-28T14:38:18,RAW,"Last UDP      : PING,60,1779950296.944417"
2026-05-28T14:38:18,RAW,"Last ACK      : ACK,PING,60,1779950296.944417,RSSI=-48"
2026-05-28T14:38:18,RAW,Last UDP RSSI : -48 dBm
2026-05-28T14:38:18,RAW,====================================
2026-05-28T14:38:18,CSI,"CSI_DATA,154,412892,-44,6,256,0 0 -10 -17 -9 -13 -7 -11 -4 -8 -2 -5 2 -4 5 -2 9 -1 12 -2 14 -3 16 -4 17 -6 18 -7 18 -8 17 -8 16 -8 13 -7 11 -7 9 -4 6 -2 4 0 1 2 -2 4 -4 6 -6 8 -9 9 0 0 0 0 0 0 0 0 0 0 0 0 0 0 0 0 0 0 0 0 0 0 2 2 -2 4 -6 6 -9 7 -12 8 -16 9 -18 9 -19 10 -19 10 -18 11 -17 10 -15 10 -13 9 -11 7 -8 4 -6 1 -4 -2 -3 -6 -2 -10 -2 -13 -3 -17 -4 -19 -6 -21 -8 -21 -10 -21 -11 -21"
2026-05-28T14:38:18,RAW,========== UDP DEBUG ==========
2026-05-28T14:38:18,RAW,Packet Size : 26
2026-05-28T14:38:18,RAW,Remote IP   : 172.20.10.5
2026-05-28T14:38:18,RAW,Remote Port : 52924
2026-05-28T14:38:18,RAW,"Last UDP    : PING,61,1779950298.0740569"
2026-05-28T14:38:18,RAW,"ACK Message : ACK,PING,61,1779950298.0740569,RSSI=-48"
2026-05-28T14:38:18,RAW,beginPacket : 1
2026-05-28T14:38:18,RAW,endPacket   : 1
2026-05-28T14:38:18,RAW,===============================
2026-05-28T14:38:19,RAW,========== CURRENT SUMMARY ==========
2026-05-28T14:38:19,RAW,WiFi Status   : Connected
2026-05-28T14:38:19,RAW,ESP32 IP      : 172.20.10.14
2026-05-28T14:38:19,RAW,RSSI          : -48 dBm
2026-05-28T14:38:19,RAW,UDP Count     : 82
2026-05-28T14:38:19,RAW,CSI Count     : 154
2026-05-28T14:38:19,RAW,"Last UDP      : PING,61,1779950298.0740569"
2026-05-28T14:38:19,RAW,"Last ACK      : ACK,PING,61,1779950298.0740569,RSSI=-48"
2026-05-28T14:38:19,RAW,Last UDP RSSI : -48 dBm
2026-05-28T14:38:19,RAW,====================================
2026-05-28T14:38:19,CSI,"CSI_DATA,155,414000,-48,6,128,0 0 -21 -10 -20 -7 -14 -5 -13 -4 -6 -2 -3 -2 3 -1 6 -1 11 -2 15 0 17 0 19 0 20 -1 18 -2 20 -5 15 -4 19 -4 14 -3 13 -2 8 -1 5 0 1 1 -2 0 -5 -1 -8 -1 -10 -3 0 0 0 0 0 0 0 0 0 0 0 0 0 0 0 0 0 0 0 0 0 0 -1 -1 1 1 3 5 4 6 6 10 6 12 9 15 7 15 8 15 7 17 6 17 4 14 5 13 3 11 3 8 3 3 0 0 -2 -1 -5 -5 -12 -8 -12 -10 -18 -10 -20 -15 -22 -16 -21 -15 -23 -15"
2026-05-28T14:38:19,CSI,"CSI_DATA,156,414206,-48,6,128,0 0 21 13 9 5 17 10 4 2 6 4 -2 -1 -5 -2 -10 -3 -12 -4 -9 -1 -16 -2 -19 -2 -19 -2 -28 -4 -10 -2 -24 -4 -8 -1 -19 -4 -9 -3 -7 -2 -4 -2 -1 -1 1 -1 3 0 6 1 10 5 0 0 0 0 0 0 0 0 0 0 0 0 0 0 0 0 0 0 0 0 0 0 0 0 -3 -4 -3 -3 -8 -11 -4 -6 -10 -18 -7 -15 -8 -17 -7 -18 -5 -10 -8 -16 -7 -16 -7 -14 -6 -11 -6 -11 -1 -2 0 -1 1 1 7 8 8 10 12 12 14 14 11 8 17 13 20 15 26 17"
2026-05-28T14:38:19,CSI,"CSI_DATA,157,414411,-44,6,256,0 0 1 19 1 15 1 12 0 8 -1 4 -4 1 -6 -2 -9 -4 -12 -6 -15 -6 -18 -6 -19 -5 -20 -5 -20 -4 -20 -3 -19 -2 -17 -1 -14 -1 -11 -1 -8 -2 -4 -3 0 -3 3 -4 6 -4 9 -4 12 -4 0 0 0 0 0 0 0 0 0 0 0 0 0 0 0 0 0 0 0 0 0 0 -1 -4 3 -4 7 -4 11 -4 14 -4 18 -3 20 -3 21 -3 22 -3 21 -3 20 -3 17 -3 15 -3 12 -2 8 -1 5 1 2 3 -1 6 -3 9 -5 13 -5 16 -6 19 -4 21 -3 22 -2 23 -1 22"
2026-05-28T14:38:19,RAW,========== UDP DEBUG ==========
2026-05-28T14:38:19,RAW,Packet Size : 25
2026-05-28T14:38:19,RAW,Remote IP   : 172.20.10.5
2026-05-28T14:38:19,RAW,Remote Port : 52924
2026-05-28T14:38:19,RAW,"Last UDP    : PING,62,1779950299.214182"
2026-05-28T14:38:19,RAW,"ACK Message : ACK,PING,62,1779950299.214182,RSSI=-47"
2026-05-28T14:38:19,RAW,beginPacket : 1
2026-05-28T14:38:19,RAW,endPacket   : 1
2026-05-28T14:38:19,RAW,===============================
2026-05-28T14:38:20,RAW,========== CURRENT SUMMARY ==========
2026-05-28T14:38:20,RAW,WiFi Status   : Connected
2026-05-28T14:38:20,RAW,ESP32 IP      : 172.20.10.14
2026-05-28T14:38:20,RAW,RSSI          : -47 dBm
2026-05-28T14:38:20,RAW,UDP Count     : 83
2026-05-28T14:38:20,RAW,CSI Count     : 157
2026-05-28T14:38:20,RAW,"Last UDP      : PING,62,1779950299.214182"
2026-05-28T14:38:20,RAW,"Last ACK      : ACK,PING,62,1779950299.214182,RSSI=-47"
2026-05-28T14:38:20,RAW,Last UDP RSSI : -47 dBm
2026-05-28T14:38:20,RAW,====================================
2026-05-28T14:38:20,CSI,"CSI_DATA,158,415538,-48,6,256,0 0 19 0 16 -1 13 0 9 0 5 0 0 1 -4 3 -7 4 -10 6 -13 8 -15 11 -16 12 -17 14 -16 15 -16 14 -15 14 -14 13 -12 11 -10 8 -7 5 -5 2 -2 -1 1 -4 4 -6 8 -8 11 -9 0 0 0 0 0 0 0 0 0 0 0 0 0 0 0 0 0 0 0 0 0 0 -2 0 -4 -2 -7 -5 -9 -9 -10 -12 -12 -15 -13 -17 -13 -18 -13 -18 -13 -18 -12 -17 -11 -15 -10 -12 -8 -10 -6 -7 -3 -5 0 -1 5 0 8 2 12 4 15 4 18 4 20 4 22 3 23 3 23 2"
2026-05-28T14:38:20,RAW,========== UDP DEBUG ==========
2026-05-28T14:38:20,RAW,Packet Size : 25
2026-05-28T14:38:20,RAW,Remote IP   : 172.20.10.5
2026-05-28T14:38:20,RAW,Remote Port : 52924
2026-05-28T14:38:20,RAW,"Last UDP    : PING,63,1779950300.808636"
2026-05-28T14:38:20,RAW,"ACK Message : ACK,PING,63,1779950300.808636,RSSI=-44"
2026-05-28T14:38:20,RAW,beginPacket : 1
2026-05-28T14:38:20,RAW,endPacket   : 1
2026-05-28T14:38:20,RAW,===============================
2026-05-28T14:38:21,RAW,========== CURRENT SUMMARY ==========
2026-05-28T14:38:21,RAW,WiFi Status   : Connected
2026-05-28T14:38:21,RAW,ESP32 IP      : 172.20.10.14
2026-05-28T14:38:21,RAW,RSSI          : -44 dBm
2026-05-28T14:38:21,RAW,UDP Count     : 84
2026-05-28T14:38:21,RAW,CSI Count     : 158
2026-05-28T14:38:21,RAW,"Last UDP      : PING,63,1779950300.808636"
2026-05-28T14:38:21,RAW,"Last ACK      : ACK,PING,63,1779950300.808636,RSSI=-44"
2026-05-28T14:38:21,RAW,Last UDP RSSI : -44 dBm
2026-05-28T14:38:21,RAW,====================================
2026-05-28T14:38:21,CSI,"CSI_DATA,159,416665,-44,6,256,0 0 -13 15 -11 12 -8 10 -6 6 -5 2 -4 -2 -4 -6 -4 -10 -5 -13 -7 -15 -8 -17 -10 -18 -11 -18 -12 -17 -12 -16 -12 -15 -10 -12 -8 -10 -6 -8 -3 -6 0 -3 3 -1 6 1 8 3 10 6 11 8 0 0 0 0 0 0 0 0 0 0 0 0 0 0 0 0 0 0 0 0 0 0 -3 -5 1 -3 5 -1 8 2 11 5 14 7 16 10 18 11 19 12 19 11 18 11 17 9 15 8 12 6 9 5 5 4 1 3 -3 4 -7 4 -11 6 -14 8 -16 10 -18 12 -18 14 -18 16 -17 17"
2026-05-28T14:38:21,RAW,========== UDP DEBUG ==========
2026-05-28T14:38:21,RAW,Packet Size : 26
2026-05-28T14:38:21,RAW,Remote IP   : 172.20.10.5
2026-05-28T14:38:21,RAW,Remote Port : 52924
2026-05-28T14:38:21,RAW,"Last UDP    : PING,64,1779950301.8599849"
2026-05-28T14:38:21,RAW,"ACK Message : ACK,PING,64,1779950301.8599849,RSSI=-40"
2026-05-28T14:38:21,RAW,beginPacket : 1
2026-05-28T14:38:21,RAW,endPacket   : 1
2026-05-28T14:38:21,RAW,===============================
2026-05-28T14:38:22,RAW,========== CURRENT SUMMARY ==========
2026-05-28T14:38:22,RAW,WiFi Status   : Connected
2026-05-28T14:38:22,RAW,ESP32 IP      : 172.20.10.14
2026-05-28T14:38:22,RAW,RSSI          : -40 dBm
2026-05-28T14:38:22,RAW,UDP Count     : 85
2026-05-28T14:38:22,RAW,CSI Count     : 159
2026-05-28T14:38:22,RAW,"Last UDP      : PING,64,1779950301.8599849"
2026-05-28T14:38:22,RAW,"Last ACK      : ACK,PING,64,1779950301.8599849,RSSI=-40"
2026-05-28T14:38:22,RAW,Last UDP RSSI : -40 dBm
2026-05-28T14:38:22,RAW,====================================
2026-05-28T14:38:22,CSI,"CSI_DATA,160,417277,-47,6,128,0 0 14 -15 10 -13 10 -11 6 -9 5 -4 1 -1 0 3 0 7 0 9 0 13 -1 15 -1 15 -1 15 1 16 4 15 2 15 4 14 2 14 3 10 3 7 0 6 0 2 -1 0 -2 -3 -2 -6 -1 -8 0 0 0 0 0 0 0 0 0 0 0 0 0 0 0 0 0 0 0 0 0 0 -1 0 -5 0 -7 -1 -10 -3 -12 -2 -15 -6 -18 -4 -18 -5 -17 -5 -17 -6 -16 -7 -14 -7 -12 -6 -9 -5 -8 -5 -4 -2 0 -3 1 -2 7 -4 12 -9 14 -9 14 -11 19 -12 21 -14 20 -13 20 -16"
2026-05-28T14:38:23,RAW,========== CURRENT SUMMARY ==========
2026-05-28T14:38:23,RAW,WiFi Status   : Connected
2026-05-28T14:38:23,RAW,ESP32 IP      : 172.20.10.14
2026-05-28T14:38:23,RAW,RSSI          : -48 dBm
2026-05-28T14:38:23,RAW,UDP Count     : 85
2026-05-28T14:38:23,RAW,CSI Count     : 160
2026-05-28T14:38:23,RAW,"Last UDP      : PING,64,1779950301.8599849"
2026-05-28T14:38:23,RAW,"Last ACK      : ACK,PING,64,1779950301.8599849,RSSI=-40"
2026-05-28T14:38:23,RAW,Last UDP RSSI : -40 dBm
2026-05-28T14:38:23,RAW,====================================
2026-05-28T14:38:23,CSI,"CSI_DATA,161,417790,-43,6,256,0 0 -17 -7 -15 -6 -13 -5 -8 -4 -5 -3 -1 -3 3 -3 6 -5 9 -6 11 -7 13 -9 13 -11 14 -12 14 -13 13 -14 13 -14 11 -12 10 -11 8 -9 6 -7 5 -4 2 -1 1 1 -2 4 -4 6 -6 8 0 0 0 0 0 0 0 0 0 0 0 0 0 0 0 0 0 0 0 0 0 0 2 3 1 7 1 10 0 14 -1 16 -2 19 -3 20 -3 21 -4 21 -3 20 -3 18 -3 16 -2 13 -2 10 -2 6 -3 2 -4 -1 -5 -4 -8 -7 -10 -10 -13 -12 -15 -13 -17 -13 -19 -13 -20 -12 -20 -11"
2026-05-28T14:38:23,RAW,========== UDP DEBUG ==========
2026-05-28T14:38:23,RAW,Packet Size : 26
2026-05-28T14:38:23,RAW,Remote IP   : 172.20.10.5
2026-05-28T14:38:23,RAW,Remote Port : 52924
2026-05-28T14:38:23,RAW,"Last UDP    : PING,65,1779950302.9895191"
2026-05-28T14:38:23,RAW,"ACK Message : ACK,PING,65,1779950302.9895191,RSSI=-45"
2026-05-28T14:38:23,RAW,beginPacket : 1
2026-05-28T14:38:23,RAW,endPacket   : 1
2026-05-28T14:38:23,RAW,===============================
2026-05-28T14:38:24,RAW,========== CURRENT SUMMARY ==========
2026-05-28T14:38:24,RAW,WiFi Status   : Connected
2026-05-28T14:38:24,RAW,ESP32 IP      : 172.20.10.14
2026-05-28T14:38:24,RAW,RSSI          : -45 dBm
2026-05-28T14:38:24,RAW,UDP Count     : 86
2026-05-28T14:38:24,RAW,CSI Count     : 161
2026-05-28T14:38:24,RAW,"Last UDP      : PING,65,1779950302.9895191"
2026-05-28T14:38:24,RAW,"Last ACK      : ACK,PING,65,1779950302.9895191,RSSI=-45"
2026-05-28T14:38:24,RAW,Last UDP RSSI : -45 dBm
2026-05-28T14:38:24,RAW,====================================
2026-05-28T14:38:24,CSI,"CSI_DATA,162,418917,-44,6,256,0 0 -7 17 -6 14 -4 11 -3 7 -3 4 -3 0 -4 -3 -5 -7 -7 -9 -8 -11 -11 -12 -12 -13 -14 -14 -14 -13 -15 -13 -14 -12 -14 -10 -12 -9 -10 -8 -8 -7 -5 -5 -2 -3 1 -2 4 0 6 2 8 4 0 0 0 0 0 0 0 0 0 0 0 0 0 0 0 0 0 0 0 0 0 0 2 -3 6 -3 9 -2 13 -1 16 0 18 1 19 3 20 3 20 3 19 3 18 2 16 2 13 1 10 1 6 1 3 2 -1 3 -4 5 -7 7 -9 9 -11 12 -12 14 -12 17 -12 18 -11 19 -9 19"
2026-05-28T14:38:24,RAW,========== UDP DEBUG ==========
2026-05-28T14:38:24,RAW,Packet Size : 25
2026-05-28T14:38:24,RAW,Remote IP   : 172.20.10.5
2026-05-28T14:38:24,RAW,Remote Port : 52924
2026-05-28T14:38:24,RAW,"Last UDP    : PING,66,1779950304.110946"
2026-05-28T14:38:24,RAW,"ACK Message : ACK,PING,66,1779950304.110946,RSSI=-46"
2026-05-28T14:38:24,RAW,beginPacket : 1
2026-05-28T14:38:24,RAW,endPacket   : 1
2026-05-28T14:38:24,RAW,===============================
2026-05-28T14:38:24,CSI,"CSI_DATA,163,419122,-48,6,128,0 0 -7 -19 -9 -20 -7 -12 -5 -12 -3 -6 -1 -3 2 1 5 5 7 7 12 11 14 9 14 11 15 10 13 10 17 13 13 9 14 10 9 8 7 8 4 7 1 5 -1 3 -4 -1 -5 -4 -7 -6 -5 -8 0 0 0 0 0 0 0 0 0 0 0 0 0 0 0 0 0 0 0 0 0 0 1 -1 1 2 2 5 1 7 1 13 -2 11 -3 15 -5 17 -5 16 -6 20 -1 17 -3 15 -2 13 -1 10 -2 6 -2 5 -2 0 -3 -4 -1 -7 -2 -12 -3 -16 -4 -18 -8 -26 -12 -23 -11 -24 -9 -22"
2026-05-28T14:38:25,RAW,========== CURRENT SUMMARY ==========
2026-05-28T14:38:25,RAW,WiFi Status   : Connected
2026-05-28T14:38:25,RAW,ESP32 IP      : 172.20.10.14
2026-05-28T14:38:25,RAW,RSSI          : -45 dBm
2026-05-28T14:38:25,RAW,UDP Count     : 87
2026-05-28T14:38:25,RAW,CSI Count     : 163
2026-05-28T14:38:25,RAW,"Last UDP      : PING,66,1779950304.110946"
2026-05-28T14:38:25,RAW,"Last ACK      : ACK,PING,66,1779950304.110946,RSSI=-46"
2026-05-28T14:38:25,RAW,Last UDP RSSI : -46 dBm
2026-05-28T14:38:25,RAW,====================================
2026-05-28T14:38:25,CSI,"CSI_DATA,164,420043,-44,6,256,0 0 2 -19 1 -16 0 -12 1 -8 2 -4 3 0 5 2 8 6 11 7 13 8 15 8 17 8 18 7 18 6 18 5 16 4 14 3 11 2 8 2 4 2 0 2 -4 2 -7 3 -10 2 -13 2 -15 1 0 0 0 0 0 0 0 0 0 0 0 0 0 0 0 0 0 0 0 0 0 0 3 3 -2 3 -6 1 -10 0 -14 -1 -17 -2 -20 -3 -22 -3 -23 -3 -23 -3 -22 -2 -20 -2 -17 -1 -14 -1 -11 -1 -7 -2 -3 -4 0 -6 3 -9 6 -12 7 -14 8 -18 8 -20 7 -22 6 -22 5 -23"
2026-05-28T14:38:25,RAW,========== UDP DEBUG ==========
2026-05-28T14:38:25,RAW,Packet Size : 25
2026-05-28T14:38:25,RAW,Remote IP   : 172.20.10.5
2026-05-28T14:38:25,RAW,Remote Port : 52924
2026-05-28T14:38:25,RAW,"Last UDP    : PING,67,1779950305.240313"
2026-05-28T14:38:25,RAW,"ACK Message : ACK,PING,67,1779950305.240313,RSSI=-45"
2026-05-28T14:38:25,RAW,beginPacket : 1
2026-05-28T14:38:25,RAW,endPacket   : 1
2026-05-28T14:38:25,RAW,===============================
2026-05-28T14:38:26,RAW,========== CURRENT SUMMARY ==========
2026-05-28T14:38:26,RAW,WiFi Status   : Connected
2026-05-28T14:38:26,RAW,ESP32 IP      : 172.20.10.14
2026-05-28T14:38:26,RAW,RSSI          : -45 dBm
2026-05-28T14:38:26,RAW,UDP Count     : 88
2026-05-28T14:38:26,RAW,CSI Count     : 164
2026-05-28T14:38:26,RAW,"Last UDP      : PING,67,1779950305.240313"
2026-05-28T14:38:26,RAW,"Last ACK      : ACK,PING,67,1779950305.240313,RSSI=-45"
2026-05-28T14:38:26,RAW,Last UDP RSSI : -45 dBm
2026-05-28T14:38:26,RAW,====================================
2026-05-28T14:38:26,CSI,"CSI_DATA,165,421170,-48,6,256,0 0 -16 9 -13 8 -10 6 -7 4 -5 2 -2 -2 0 -5 1 -8 2 -11 2 -14 2 -16 2 -18 1 -19 1 -20 0 -19 0 -19 0 -17 -1 -15 0 -13 0 -10 0 -6 1 -3 1 1 0 4 0 7 -1 9 0 0 0 0 0 0 0 0 0 0 0 0 0 0 0 0 0 0 0 0 0 0 3 -2 6 0 9 2 11 5 13 6 15 8 16 9 17 10 17 10 16 10 15 10 13 8 10 6 8 5 5 3 1 3 -3 2 -6 2 -9 2 -13 3 -16 4 -18 5 -20 7 -20 7 -20 9 -19 10"
2026-05-28T14:38:26,RAW,========== UDP DEBUG ==========
2026-05-28T14:38:26,RAW,Packet Size : 25
2026-05-28T14:38:26,RAW,Remote IP   : 172.20.10.5
2026-05-28T14:38:26,RAW,Remote Port : 52924
2026-05-28T14:38:26,RAW,"Last UDP    : PING,68,1779950306.365293"
2026-05-28T14:38:26,RAW,"ACK Message : ACK,PING,68,1779950306.365293,RSSI=-48"
2026-05-28T14:38:26,RAW,beginPacket : 1
2026-05-28T14:38:26,RAW,endPacket   : 1
2026-05-28T14:38:26,RAW,===============================
2026-05-28T14:38:27,RAW,========== CURRENT SUMMARY ==========
2026-05-28T14:38:27,RAW,WiFi Status   : Connected
2026-05-28T14:38:27,RAW,ESP32 IP      : 172.20.10.14
2026-05-28T14:38:27,RAW,RSSI          : -48 dBm
2026-05-28T14:38:27,RAW,UDP Count     : 89
2026-05-28T14:38:27,RAW,CSI Count     : 165
2026-05-28T14:38:27,RAW,"Last UDP      : PING,68,1779950306.365293"
2026-05-28T14:38:27,RAW,"Last ACK      : ACK,PING,68,1779950306.365293,RSSI=-48"
2026-05-28T14:38:27,RAW,Last UDP RSSI : -48 dBm
2026-05-28T14:38:27,RAW,====================================
2026-05-28T14:38:27,CSI,"CSI_DATA,166,422296,-48,6,256,0 0 -19 -6 -17 -5 -13 -4 -8 -3 -4 -3 0 -3 4 -4 9 -6 11 -8 14 -9 15 -11 15 -13 16 -15 15 -16 14 -15 11 -14 10 -12 9 -11 6 -7 4 -4 2 0 -1 2 -4 6 -6 8 -8 10 -11 11 0 0 0 0 0 0 0 0 0 0 0 0 0 0 0 0 0 0 0 0 0 0 2 -5 2 -1 3 4 2 8 1 11 1 16 0 18 0 20 0 21 0 22 0 21 0 19 1 17 1 13 0 10 -2 6 -3 2 -5 -1 -7 -4 -10 -7 -13 -9 -16 -11 -19 -12 -21 -11 -22 -10 -22 -9"
2026-05-28T14:38:27,RAW,========== UDP DEBUG ==========
2026-05-28T14:38:27,RAW,Packet Size : 26
2026-05-28T14:38:27,RAW,Remote IP   : 172.20.10.5
2026-05-28T14:38:27,RAW,Remote Port : 52924
2026-05-28T14:38:27,RAW,"Last UDP    : PING,69,1779950307.4879842"
2026-05-28T14:38:27,RAW,"ACK Message : ACK,PING,69,1779950307.4879842,RSSI=-48"
2026-05-28T14:38:27,RAW,beginPacket : 1
2026-05-28T14:38:27,RAW,endPacket   : 1
2026-05-28T14:38:27,RAW,===============================
2026-05-28T14:38:28,RAW,========== CURRENT SUMMARY ==========
2026-05-28T14:38:28,RAW,WiFi Status   : Connected
2026-05-28T14:38:28,RAW,ESP32 IP      : 172.20.10.14
2026-05-28T14:38:28,RAW,RSSI          : -48 dBm
2026-05-28T14:38:28,RAW,UDP Count     : 90
2026-05-28T14:38:28,RAW,CSI Count     : 166
2026-05-28T14:38:28,RAW,"Last UDP      : PING,69,1779950307.4879842"
2026-05-28T14:38:28,RAW,"Last ACK      : ACK,PING,69,1779950307.4879842,RSSI=-48"
2026-05-28T14:38:28,RAW,Last UDP RSSI : -48 dBm
2026-05-28T14:38:28,RAW,====================================
2026-05-28T14:38:28,CSI,"CSI_DATA,167,423424,-48,6,256,0 0 17 0 15 -1 11 0 7 0 3 1 0 3 -3 6 -6 9 -7 12 -8 14 -8 16 -6 18 -6 20 -5 19 -4 19 -3 16 -2 14 -2 11 -2 8 -2 4 -3 1 -4 -4 -3 -7 -4 -10 -4 -13 -3 -15 0 0 0 0 0 0 0 0 0 0 0 0 0 0 0 0 0 0 0 0 0 0 -5 3 -4 -1 -3 -5 -1 -9 -1 -13 0 -16 0 -19 1 -20 1 -22 1 -22 0 -21 0 -19 0 -17 -1 -14 0 -11 1 -7 2 -3 6 0 7 2 11 5 14 5 17 6 19 6 21 5 22 3 21 2"
2026-05-28T14:38:28,RAW,========== UDP DEBUG ==========
2026-05-28T14:38:28,RAW,Packet Size : 25
2026-05-28T14:38:28,RAW,Remote IP   : 172.20.10.5
2026-05-28T14:38:28,RAW,Remote Port : 52924
2026-05-28T14:38:28,RAW,"Last UDP    : PING,70,1779950308.619367"
2026-05-28T14:38:28,RAW,"ACK Message : ACK,PING,70,1779950308.619367,RSSI=-48"
2026-05-28T14:38:28,RAW,beginPacket : 1
2026-05-28T14:38:28,RAW,endPacket   : 1
2026-05-28T14:38:28,RAW,===============================
2026-05-28T14:38:29,RAW,========== CURRENT SUMMARY ==========
2026-05-28T14:38:29,RAW,WiFi Status   : Connected
2026-05-28T14:38:29,RAW,ESP32 IP      : 172.20.10.14
2026-05-28T14:38:29,RAW,RSSI          : -48 dBm
2026-05-28T14:38:29,RAW,UDP Count     : 91
2026-05-28T14:38:29,RAW,CSI Count     : 167
2026-05-28T14:38:29,RAW,"Last UDP      : PING,70,1779950308.619367"
2026-05-28T14:38:29,RAW,"Last ACK      : ACK,PING,70,1779950308.619367,RSSI=-48"
2026-05-28T14:38:29,RAW,Last UDP RSSI : -48 dBm
2026-05-28T14:38:29,RAW,====================================
2026-05-28T14:38:29,CSI,"CSI_DATA,168,424142,-43,6,128,0 0 13 13 11 10 7 7 4 4 -1 1 -4 -2 -8 -4 -11 -6 -14 -7 -17 -7 -19 -7 -19 -7 -21 -6 -20 -6 -19 -5 -17 -5 -15 -4 -13 -4 -10 -3 -6 -3 -4 -2 0 -1 3 1 5 3 7 6 8 6 0 0 0 0 0 0 0 0 0 0 0 0 0 0 0 0 0 0 0 0 0 0 -4 -3 -4 -7 -6 -9 -6 -13 -6 -14 -6 -17 -5 -19 -4 -20 -4 -20 -4 -19 -4 -17 -2 -15 -2 -11 -1 -9 0 -5 1 -1 2 3 5 7 6 10 8 14 10 17 13 18 14 20 15 20 17 19 16 18"
2026-05-28T14:38:29,CSI,"CSI_DATA,169,424655,-47,6,256,0 0 7 -16 6 -14 4 -11 3 -8 2 -4 2 0 2 3 2 6 3 10 5 12 6 13 8 15 9 15 10 16 10 15 10 14 10 13 9 11 7 9 5 7 3 4 0 2 -2 0 -4 -3 -6 -6 -7 -8 0 0 0 0 0 0 0 0 0 0 0 0 0 0 0 0 0 0 0 0 0 0 -2 2 -6 1 -10 1 -13 0 -15 -1 -18 -2 -19 -3 -20 -4 -20 -4 -19 -4 -18 -3 -16 -2 -13 -2 -10 -2 -7 -2 -4 -3 0 -4 3 -5 6 -7 8 -9 10 -11 12 -13 12 -16 12 -17 11 -18 11 -18"
2026-05-28T14:38:29,RAW,========== UDP DEBUG ==========
2026-05-28T14:38:29,RAW,Packet Size : 25
2026-05-28T14:38:29,RAW,Remote IP   : 172.20.10.5
2026-05-28T14:38:29,RAW,Remote Port : 52924
2026-05-28T14:38:29,RAW,"Last UDP    : PING,71,1779950309.744261"
2026-05-28T14:38:29,RAW,"ACK Message : ACK,PING,71,1779950309.744261,RSSI=-44"
2026-05-28T14:38:29,RAW,beginPacket : 1
2026-05-28T14:38:29,RAW,endPacket   : 1
2026-05-28T14:38:29,RAW,===============================
2026-05-28T14:38:30,RAW,========== CURRENT SUMMARY ==========
2026-05-28T14:38:30,RAW,WiFi Status   : Connected
2026-05-28T14:38:30,RAW,ESP32 IP      : 172.20.10.14
2026-05-28T14:38:30,RAW,RSSI          : -44 dBm
2026-05-28T14:38:30,RAW,UDP Count     : 92
2026-05-28T14:38:30,RAW,CSI Count     : 169
2026-05-28T14:38:30,RAW,"Last UDP      : PING,71,1779950309.744261"
2026-05-28T14:38:30,RAW,"Last ACK      : ACK,PING,71,1779950309.744261,RSSI=-44"
2026-05-28T14:38:30,RAW,Last UDP RSSI : -44 dBm
2026-05-28T14:38:30,RAW,====================================
2026-05-28T14:38:31,RAW,========== CURRENT SUMMARY ==========
2026-05-28T14:38:31,RAW,WiFi Status   : Connected
2026-05-28T14:38:31,RAW,ESP32 IP      : 172.20.10.14
2026-05-28T14:38:31,RAW,RSSI          : -44 dBm
2026-05-28T14:38:31,RAW,UDP Count     : 92
2026-05-28T14:38:31,RAW,CSI Count     : 169
2026-05-28T14:38:31,RAW,"Last UDP      : PING,71,1779950309.744261"
2026-05-28T14:38:31,RAW,"Last ACK      : ACK,PING,71,1779950309.744261,RSSI=-44"
2026-05-28T14:38:31,RAW,Last UDP RSSI : -44 dBm
2026-05-28T14:38:31,RAW,====================================
2026-05-28T14:38:31,CSI,"CSI_DATA,170,425777,-49,6,256,0 0 -2 18 -2 15 -2 12 -2 6 -2 2 -3 -1 -4 -6 -7 -9 -9 -11 -11 -13 -13 -15 -15 -15 -16 -15 -16 -14 -16 -13 -15 -12 -13 -10 -11 -8 -8 -6 -4 -4 -1 -2 3 0 6 2 9 5 10 7 11 9 0 0 0 0 0 0 0 0 0 0 0 0 0 0 0 0 0 0 0 0 0 0 -5 0 -1 -2 3 -4 6 -6 11 -7 14 -7 17 -8 19 -9 20 -8 20 -9 19 -8 17 -8 15 -7 12 -6 9 -5 5 -2 2 1 -1 4 -3 8 -5 11 -7 14 -7 17 -6 20 -7 22 -6 22 -4 22"
2026-05-28T14:38:31,RAW,========== UDP DEBUG ==========
2026-05-28T14:38:31,RAW,Packet Size : 26
2026-05-28T14:38:31,RAW,Remote IP   : 172.20.10.5
2026-05-28T14:38:31,RAW,Remote Port : 52924
2026-05-28T14:38:31,RAW,"Last UDP    : PING,72,1779950311.0678961"
2026-05-28T14:38:31,RAW,"ACK Message : ACK,PING,72,1779950311.0678961,RSSI=-49"
2026-05-28T14:38:31,RAW,beginPacket : 1
2026-05-28T14:38:31,RAW,endPacket   : 1
2026-05-28T14:38:31,RAW,===============================
2026-05-28T14:38:32,RAW,========== CURRENT SUMMARY ==========
2026-05-28T14:38:32,RAW,WiFi Status   : Connected
2026-05-28T14:38:32,RAW,ESP32 IP      : 172.20.10.14
2026-05-28T14:38:32,RAW,RSSI          : -49 dBm
2026-05-28T14:38:32,RAW,UDP Count     : 93
2026-05-28T14:38:32,RAW,CSI Count     : 170
2026-05-28T14:38:32,RAW,"Last UDP      : PING,72,1779950311.0678961"
2026-05-28T14:38:32,RAW,"Last ACK      : ACK,PING,72,1779950311.0678961,RSSI=-49"
2026-05-28T14:38:32,RAW,Last UDP RSSI : -49 dBm
2026-05-28T14:38:32,RAW,====================================
2026-05-28T14:38:32,CSI,"CSI_DATA,171,426802,-44,6,256,0 0 17 -6 14 -5 11 -4 8 -3 4 -1 2 2 0 5 -1 8 -2 11 -2 13 -2 16 -1 17 0 18 1 19 2 19 2 17 3 16 2 13 1 11 0 8 -1 5 -2 2 -3 -1 -4 -4 -5 -7 -5 -10 0 0 0 0 0 0 0 0 0 0 0 0 0 0 0 0 0 0 0 0 0 0 -5 -2 -6 -6 -7 -9 -7 -13 -8 -16 -8 -18 -8 -20 -8 -21 -8 -21 -8 -20 -8 -18 -7 -16 -6 -13 -4 -10 -2 -8 0 -5 4 -2 7 -1 10 0 13 1 16 1 19 0 21 -1 21 -2 22 -4 21 -5"
2026-05-28T14:38:32,RAW,========== UDP DEBUG ==========
2026-05-28T14:38:32,RAW,Packet Size : 26
2026-05-28T14:38:32,RAW,Remote IP   : 172.20.10.5
2026-05-28T14:38:32,RAW,Remote Port : 52924
2026-05-28T14:38:32,RAW,"Last UDP    : PING,73,1779950312.0954702"
2026-05-28T14:38:32,RAW,"ACK Message : ACK,PING,73,1779950312.0954702,RSSI=-48"
2026-05-28T14:38:32,RAW,beginPacket : 1
2026-05-28T14:38:32,RAW,endPacket   : 1
2026-05-28T14:38:32,RAW,===============================
2026-05-28T14:38:33,RAW,========== CURRENT SUMMARY ==========
2026-05-28T14:38:33,RAW,WiFi Status   : Connected
2026-05-28T14:38:33,RAW,ESP32 IP      : 172.20.10.14
2026-05-28T14:38:33,RAW,RSSI          : -48 dBm
2026-05-28T14:38:33,RAW,UDP Count     : 94
2026-05-28T14:38:33,RAW,CSI Count     : 171
2026-05-28T14:38:33,RAW,"Last UDP      : PING,73,1779950312.0954702"
2026-05-28T14:38:33,RAW,"Last ACK      : ACK,PING,73,1779950312.0954702,RSSI=-48"
2026-05-28T14:38:33,RAW,Last UDP RSSI : -48 dBm
2026-05-28T14:38:33,RAW,====================================
2026-05-28T14:38:33,CSI,"CSI_DATA,172,427825,-48,6,256,0 0 -17 7 -16 6 -12 5 -9 4 -5 2 -2 0 0 -3 3 -6 5 -8 7 -11 9 -13 9 -15 9 -16 9 -18 9 -19 9 -18 8 -17 7 -15 6 -13 5 -10 4 -7 3 -3 1 0 -1 3 -4 6 -7 7 0 0 0 0 0 0 0 0 0 0 0 0 0 0 0 0 0 0 0 0 0 0 2 -1 6 0 9 2 12 3 14 5 16 6 17 7 17 8 18 8 17 8 15 7 13 7 11 5 8 4 5 2 2 1 -2 1 -5 0 -9 0 -12 1 -15 1 -18 2 -20 3 -21 4 -21 5 -21 6"
2026-05-28T14:38:33,RAW,========== UDP DEBUG ==========
2026-05-28T14:38:33,RAW,Packet Size : 25
2026-05-28T14:38:33,RAW,Remote IP   : 172.20.10.5
2026-05-28T14:38:33,RAW,Remote Port : 52924
2026-05-28T14:38:33,RAW,"Last UDP    : PING,74,1779950313.120061"
2026-05-28T14:38:33,RAW,"ACK Message : ACK,PING,74,1779950313.120061,RSSI=-49"
2026-05-28T14:38:33,RAW,beginPacket : 1
2026-05-28T14:38:33,RAW,endPacket   : 1
2026-05-28T14:38:33,RAW,===============================
2026-05-28T14:38:34,RAW,========== CURRENT SUMMARY ==========
2026-05-28T14:38:34,RAW,WiFi Status   : Connected
2026-05-28T14:38:34,RAW,ESP32 IP      : 172.20.10.14
2026-05-28T14:38:34,RAW,RSSI          : -49 dBm
2026-05-28T14:38:34,RAW,UDP Count     : 95
2026-05-28T14:38:34,RAW,CSI Count     : 172
2026-05-28T14:38:34,RAW,"Last UDP      : PING,74,1779950313.120061"
2026-05-28T14:38:34,RAW,"Last ACK      : ACK,PING,74,1779950313.120061,RSSI=-49"
2026-05-28T14:38:34,RAW,Last UDP RSSI : -49 dBm
2026-05-28T14:38:34,RAW,====================================
2026-05-28T14:38:34,CSI,"CSI_DATA,173,428952,-48,6,256,0 0 2 18 2 15 2 12 1 8 0 5 -2 1 -3 -2 -6 -5 -9 -7 -10 -9 -13 -11 -14 -12 -16 -11 -17 -11 -17 -11 -17 -10 -16 -9 -14 -8 -12 -7 -9 -6 -5 -5 -3 -3 1 -2 3 0 7 2 8 5 0 0 0 0 0 0 0 0 0 0 0 0 0 0 0 0 0 0 0 0 0 0 0 -3 2 -7 5 -8 9 -10 11 -12 13 -13 15 -13 16 -14 16 -13 16 -13 14 -12 12 -10 10 -9 8 -7 5 -4 3 -2 1 2 -1 5 -2 8 -3 12 -3 15 -3 17 -3 20 -2 21 0 22 0 22"
2026-05-28T14:38:34,RAW,========== UDP DEBUG ==========
2026-05-28T14:38:34,RAW,Packet Size : 26
2026-05-28T14:38:34,RAW,Remote IP   : 172.20.10.5
2026-05-28T14:38:34,RAW,Remote Port : 52924
2026-05-28T14:38:34,RAW,"Last UDP    : PING,75,1779950314.1468108"
2026-05-28T14:38:34,RAW,"ACK Message : ACK,PING,75,1779950314.1468108,RSSI=-49"
2026-05-28T14:38:34,RAW,beginPacket : 1
2026-05-28T14:38:34,RAW,endPacket   : 1
2026-05-28T14:38:34,RAW,===============================
2026-05-28T14:38:34,CSI,"CSI_DATA,174,429155,-48,6,128,0 0 20 5 17 5 15 3 8 2 4 2 -1 1 -5 2 -10 4 -12 5 -15 6 -16 8 -18 7 -17 9 -17 12 -15 11 -15 12 -10 9 -11 8 -7 6 -6 4 -4 0 -1 -1 1 -3 3 -5 6 -6 8 -7 0 0 0 0 0 0 0 0 0 0 0 0 0 0 0 0 0 0 0 0 0 0 -2 1 -4 -3 -3 -6 -5 -10 -5 -12 -4 -17 -4 -17 -4 -20 -3 -20 -3 -19 -3 -19 -2 -18 -2 -15 -2 -12 -1 -10 0 -5 2 -2 4 1 8 6 10 8 15 10 18 11 19 12 22 12 23 13 24 12"
2026-05-28T14:38:35,RAW,========== CURRENT SUMMARY ==========
2026-05-28T14:38:35,RAW,WiFi Status   : Connected
2026-05-28T14:38:35,RAW,ESP32 IP      : 172.20.10.14
2026-05-28T14:38:35,RAW,RSSI          : -44 dBm
2026-05-28T14:38:35,RAW,UDP Count     : 96
2026-05-28T14:38:35,RAW,CSI Count     : 174
2026-05-28T14:38:35,RAW,"Last UDP      : PING,75,1779950314.1468108"
2026-05-28T14:38:35,RAW,"Last ACK      : ACK,PING,75,1779950314.1468108,RSSI=-49"
2026-05-28T14:38:35,RAW,Last UDP RSSI : -49 dBm
2026-05-28T14:38:35,RAW,====================================
2026-05-28T14:38:35,CSI,"CSI_DATA,175,430078,-48,6,256,0 0 -17 -11 -15 -10 -13 -8 -9 -5 -6 -3 -2 -2 2 0 6 0 9 1 14 2 16 1 18 1 20 0 20 0 21 1 20 0 18 0 16 1 13 1 9 1 5 1 2 1 -3 1 -6 -1 -10 -2 -12 -5 0 0 0 0 0 0 0 0 0 0 0 0 0 0 0 0 0 0 0 0 0 0 0 -1 2 2 3 6 4 9 5 12 5 16 5 18 5 20 5 20 5 19 5 18 5 16 4 14 3 11 2 8 1 4 -1 1 -3 -3 -5 -6 -7 -9 -10 -12 -13 -14 -15 -14 -16 -15 -18 -15 -19 -14"
2026-05-28T14:38:35,RAW,========== UDP DEBUG ==========
2026-05-28T14:38:35,RAW,Packet Size : 25
2026-05-28T14:38:35,RAW,Remote IP   : 172.20.10.5
2026-05-28T14:38:35,RAW,Remote Port : 52924
2026-05-28T14:38:35,RAW,"Last UDP    : PING,76,1779950315.274101"
2026-05-28T14:38:35,RAW,"ACK Message : ACK,PING,76,1779950315.274101,RSSI=-49"
2026-05-28T14:38:35,RAW,beginPacket : 1
2026-05-28T14:38:35,RAW,endPacket   : 1
2026-05-28T14:38:35,RAW,===============================
2026-05-28T14:38:36,RAW,========== CURRENT SUMMARY ==========
2026-05-28T14:38:36,RAW,WiFi Status   : Connected
2026-05-28T14:38:36,RAW,ESP32 IP      : 172.20.10.14
2026-05-28T14:38:36,RAW,RSSI          : -49 dBm
2026-05-28T14:38:36,RAW,UDP Count     : 97
2026-05-28T14:38:36,RAW,CSI Count     : 175
2026-05-28T14:38:36,RAW,"Last UDP      : PING,76,1779950315.274101"
2026-05-28T14:38:36,RAW,"Last ACK      : ACK,PING,76,1779950315.274101,RSSI=-49"
2026-05-28T14:38:36,RAW,Last UDP RSSI : -49 dBm
2026-05-28T14:38:36,RAW,====================================
2026-05-28T14:38:36,CSI,"CSI_DATA,176,431205,-48,6,256,0 0 14 -12 11 -10 9 -9 6 -7 4 -4 0 -1 -2 2 -4 5 -6 8 -7 11 -8 13 -9 15 -9 16 -8 17 -9 18 -8 17 -8 16 -8 15 -7 12 -6 9 -4 7 -3 2 -1 0 1 -4 4 -6 7 -7 0 0 0 0 0 0 0 0 0 0 0 0 0 0 0 0 0 0 0 0 0 0 -3 2 -7 2 -10 3 -14 3 -16 2 -19 2 -20 1 -21 0 -21 0 -19 0 -18 0 -16 0 -13 0 -10 0 -6 0 -3 -1 1 -1 4 -2 8 -3 11 -5 13 -6 15 -8 17 -9 18 -12 18 -12 18 -12"
2026-05-28T14:38:36,RAW,========== UDP DEBUG ==========
2026-05-28T14:38:36,RAW,Packet Size : 24
2026-05-28T14:38:36,RAW,Remote IP   : 172.20.10.5
2026-05-28T14:38:36,RAW,Remote Port : 52924
2026-05-28T14:38:36,RAW,"Last UDP    : PING,77,1779950316.43089"
2026-05-28T14:38:36,RAW,"ACK Message : ACK,PING,77,1779950316.43089,RSSI=-49"
2026-05-28T14:38:36,RAW,beginPacket : 1
2026-05-28T14:38:36,RAW,endPacket   : 1
2026-05-28T14:38:36,RAW,===============================
2026-05-28T14:38:37,RAW,========== CURRENT SUMMARY ==========
2026-05-28T14:38:37,RAW,WiFi Status   : Connected
2026-05-28T14:38:37,RAW,ESP32 IP      : 172.20.10.14
2026-05-28T14:38:37,RAW,RSSI          : -49 dBm
2026-05-28T14:38:37,RAW,UDP Count     : 98
2026-05-28T14:38:37,RAW,CSI Count     : 176
2026-05-28T14:38:37,RAW,"Last UDP      : PING,77,1779950316.43089"
2026-05-28T14:38:37,RAW,"Last ACK      : ACK,PING,77,1779950316.43089,RSSI=-49"
2026-05-28T14:38:37,RAW,Last UDP RSSI : -49 dBm
2026-05-28T14:38:37,RAW,====================================
2026-05-28T14:38:37,CSI,"CSI_DATA,177,432440,-44,6,256,0 0 10 -15 8 -13 5 -10 4 -7 2 -3 1 0 0 4 0 8 1 11 1 13 2 16 3 17 4 18 5 18 5 18 6 17 5 15 5 13 3 11 2 8 1 5 -1 2 -2 -1 -3 -5 -3 -8 -3 -11 0 0 0 0 0 0 0 0 0 0 0 0 0 0 0 0 0 0 0 0 0 0 -4 2 -8 3 -11 2 -14 2 -17 1 -19 0 -21 0 -21 -1 -21 -1 -20 -1 -18 -1 -16 -1 -13 -1 -9 -1 -6 -2 -2 -2 1 -4 5 -5 8 -7 10 -9 12 -11 14 -13 15 -15 15 -16 14 -17 13 -17"
2026-05-28T14:38:37,RAW,========== UDP DEBUG ==========
2026-05-28T14:38:37,RAW,Packet Size : 25
2026-05-28T14:38:37,RAW,Remote IP   : 172.20.10.5
2026-05-28T14:38:37,RAW,Remote Port : 52924
2026-05-28T14:38:37,RAW,"Last UDP    : PING,78,1779950317.521471"
2026-05-28T14:38:37,RAW,"ACK Message : ACK,PING,78,1779950317.521471,RSSI=-46"
2026-05-28T14:38:37,RAW,beginPacket : 1
2026-05-28T14:38:37,RAW,endPacket   : 1
2026-05-28T14:38:37,RAW,===============================
2026-05-28T14:38:38,RAW,========== CURRENT SUMMARY ==========
2026-05-28T14:38:38,RAW,WiFi Status   : Connected
2026-05-28T14:38:38,RAW,ESP32 IP      : 172.20.10.14
2026-05-28T14:38:38,RAW,RSSI          : -46 dBm
2026-05-28T14:38:38,RAW,UDP Count     : 99
2026-05-28T14:38:38,RAW,CSI Count     : 177
2026-05-28T14:38:38,RAW,"Last UDP      : PING,78,1779950317.521471"
2026-05-28T14:38:38,RAW,"Last ACK      : ACK,PING,78,1779950317.521471,RSSI=-46"
2026-05-28T14:38:38,RAW,Last UDP RSSI : -46 dBm
2026-05-28T14:38:38,RAW,====================================
2026-05-28T14:38:38,CSI,"CSI_DATA,178,433560,-44,6,256,0 0 13 -12 10 -10 7 -8 5 -5 2 -2 0 2 -1 6 -3 9 -3 12 -3 15 -2 17 -1 18 -1 19 0 19 0 18 1 17 1 15 1 12 0 9 -1 5 -1 2 -2 -2 -2 -5 -2 -8 -1 -11 0 -14 0 0 0 0 0 0 0 0 0 0 0 0 0 0 0 0 0 0 0 0 0 0 -2 1 -6 1 -10 0 -14 -1 -17 -2 -20 -3 -21 -4 -22 -5 -22 -5 -21 -5 -20 -5 -17 -5 -14 -4 -11 -3 -7 -3 -3 -2 1 -3 5 -3 9 -4 12 -6 15 -8 17 -10 18 -11 18 -12 18 -13 17 -14"
2026-05-28T14:38:38,RAW,========== UDP DEBUG ==========
2026-05-28T14:38:38,RAW,Packet Size : 25
2026-05-28T14:38:38,RAW,Remote IP   : 172.20.10.5
2026-05-28T14:38:38,RAW,Remote Port : 52924
2026-05-28T14:38:38,RAW,"Last UDP    : PING,79,1779950318.848636"
2026-05-28T14:38:38,RAW,"ACK Message : ACK,PING,79,1779950318.848636,RSSI=-47"
2026-05-28T14:38:38,RAW,beginPacket : 1
2026-05-28T14:38:38,RAW,endPacket   : 1
2026-05-28T14:38:38,RAW,===============================
2026-05-28T14:38:39,RAW,========== CURRENT SUMMARY ==========
2026-05-28T14:38:39,RAW,WiFi Status   : Connected
2026-05-28T14:38:39,RAW,ESP32 IP      : 172.20.10.14
2026-05-28T14:38:39,RAW,RSSI          : -47 dBm
2026-05-28T14:38:39,RAW,UDP Count     : 100
2026-05-28T14:38:39,RAW,CSI Count     : 178
2026-05-28T14:38:39,RAW,"Last UDP      : PING,79,1779950318.848636"
2026-05-28T14:38:39,RAW,"Last ACK      : ACK,PING,79,1779950318.848636,RSSI=-47"
2026-05-28T14:38:39,RAW,Last UDP RSSI : -47 dBm
2026-05-28T14:38:39,RAW,====================================
2026-05-28T14:38:39,CSI,"CSI_DATA,179,434173,-44,6,128,0 0 -8 -20 -10 -18 -6 -13 -4 -9 -2 -5 2 -2 6 1 9 4 13 3 15 6 17 8 17 6 17 5 17 4 18 -1 15 0 14 0 11 0 7 0 3 0 1 0 -3 1 -6 0 -9 -1 -11 -2 -12 -2 0 0 0 0 0 0 0 0 0 0 0 0 0 0 0 0 0 0 0 0 0 0 3 -2 0 1 -2 3 -5 6 -8 8 -10 10 -11 13 -14 13 -12 15 -16 14 -17 12 -14 11 -13 9 -11 7 -8 5 -4 5 -2 -1 -2 -4 -1 -7 -3 -15 0 -18 -6 -20 -2 -27 -2 -28 -5 -28 -5 -25"
2026-05-28T14:38:39,CSI,"CSI_DATA,180,434686,-49,6,256,0 0 -6 18 -4 15 -4 12 -3 8 -2 4 -2 0 -3 -5 -4 -8 -5 -11 -7 -14 -9 -16 -10 -17 -12 -17 -12 -17 -12 -16 -12 -15 -11 -13 -10 -12 -8 -9 -5 -7 -3 -4 0 -1 2 2 4 5 6 8 5 11 0 0 0 0 0 0 0 0 0 0 0 0 0 0 0 0 0 0 0 0 0 0 -3 -1 0 -3 4 -5 8 -6 11 -6 14 -7 17 -7 19 -7 20 -7 19 -7 19 -6 16 -6 14 -5 11 -4 8 -3 5 -1 2 1 -2 4 -5 7 -6 9 -8 12 -9 15 -9 19 -9 20 -9 21 -7 21"
2026-05-28T14:38:39,RAW,========== UDP DEBUG ==========
2026-05-28T14:38:39,RAW,Packet Size : 26
2026-05-28T14:38:39,RAW,Remote IP   : 172.20.10.5
2026-05-28T14:38:39,RAW,Remote Port : 52924
2026-05-28T14:38:39,RAW,"Last UDP    : PING,80,1779950319.8967302"
2026-05-28T14:38:39,RAW,"ACK Message : ACK,PING,80,1779950319.8967302,RSSI=-38"
2026-05-28T14:38:39,RAW,beginPacket : 1
2026-05-28T14:38:39,RAW,endPacket   : 1
2026-05-28T14:38:40,RAW,===============================
2026-05-28T14:38:40,RAW,========== CURRENT SUMMARY ==========
2026-05-28T14:38:40,RAW,WiFi Status   : Connected
2026-05-28T14:38:40,RAW,ESP32 IP      : 172.20.10.14
2026-05-28T14:38:40,RAW,RSSI          : -38 dBm
2026-05-28T14:38:40,RAW,UDP Count     : 101
2026-05-28T14:38:40,RAW,CSI Count     : 180
2026-05-28T14:38:40,RAW,"Last UDP      : PING,80,1779950319.8967302"
2026-05-28T14:38:40,RAW,"Last ACK      : ACK,PING,80,1779950319.8967302,RSSI=-38"
2026-05-28T14:38:40,RAW,Last UDP RSSI : -38 dBm
2026-05-28T14:38:40,RAW,====================================
2026-05-28T14:38:41,RAW,========== CURRENT SUMMARY ==========
2026-05-28T14:38:41,RAW,WiFi Status   : Connected
2026-05-28T14:38:41,RAW,ESP32 IP      : 172.20.10.14
2026-05-28T14:38:41,RAW,RSSI          : -38 dBm
2026-05-28T14:38:41,RAW,UDP Count     : 101
2026-05-28T14:38:41,RAW,CSI Count     : 180
2026-05-28T14:38:41,RAW,"Last UDP      : PING,80,1779950319.8967302"
2026-05-28T14:38:41,RAW,"Last ACK      : ACK,PING,80,1779950319.8967302,RSSI=-38"
2026-05-28T14:38:41,RAW,Last UDP RSSI : -38 dBm
2026-05-28T14:38:41,RAW,====================================
2026-05-28T14:38:41,CSI,"CSI_DATA,181,435822,-49,6,256,0 0 10 -13 7 -10 3 -7 0 -2 -2 2 -5 6 -8 10 -9 13 -10 16 -11 18 -12 19 -11 20 -10 20 -9 18 -8 17 -6 14 -5 12 -3 7 -1 4 1 0 3 -4 6 -7 10 -9 12 -10 15 -10 18 -9 0 0 0 0 0 0 0 0 0 0 0 0 0 0 0 0 0 0 0 0 0 0 -1 -1 -3 3 -6 7 -8 9 -12 12 -14 13 -16 15 -18 15 -19 14 -19 13 -18 11 -16 10 -13 8 -9 5 -5 3 -1 0 3 -3 6 -6 9 -9 12 -12 14 -15 16 -17 18 -19 17 -19 16 -19 15 -18"
2026-05-28T14:38:41,RAW,========== UDP DEBUG ==========
2026-05-28T14:38:41,RAW,Packet Size : 26
2026-05-28T14:38:41,RAW,Remote IP   : 172.20.10.5
2026-05-28T14:38:41,RAW,Remote Port : 52924
2026-05-28T14:38:41,RAW,"Last UDP    : PING,81,1779950321.0041971"
2026-05-28T14:38:41,RAW,"ACK Message : ACK,PING,81,1779950321.0041971,RSSI=-51"
2026-05-28T14:38:41,RAW,beginPacket : 1
2026-05-28T14:38:41,RAW,endPacket   : 1
2026-05-28T14:38:41,RAW,===============================
2026-05-28T14:38:42,RAW,========== CURRENT SUMMARY ==========
2026-05-28T14:38:42,RAW,WiFi Status   : Connected
2026-05-28T14:38:42,RAW,ESP32 IP      : 172.20.10.14
2026-05-28T14:38:42,RAW,RSSI          : -51 dBm
2026-05-28T14:38:42,RAW,UDP Count     : 102
2026-05-28T14:38:42,RAW,CSI Count     : 181
2026-05-28T14:38:42,RAW,"Last UDP      : PING,81,1779950321.0041971"
2026-05-28T14:38:42,RAW,"Last ACK      : ACK,PING,81,1779950321.0041971,RSSI=-51"
2026-05-28T14:38:42,RAW,Last UDP RSSI : -51 dBm
2026-05-28T14:38:42,RAW,====================================
2026-05-28T14:38:42,CSI,"CSI_DATA,182,436939,-49,6,256,0 0 -12 -8 -9 -6 -6 -4 -2 -1 2 1 5 3 8 4 12 5 14 6 17 6 18 6 18 6 19 6 18 5 16 4 14 3 12 2 8 1 5 0 1 -1 -2 -3 -5 -5 -8 -6 -9 -9 -11 -11 -10 -13 0 0 0 0 0 0 0 0 0 0 0 0 0 0 0 0 0 0 0 0 0 0 2 1 5 3 8 5 10 8 12 10 13 13 13 14 13 15 12 15 11 15 10 13 8 11 6 9 4 6 1 2 -1 -1 -4 -4 -7 -7 -9 -9 -12 -12 -15 -13 -16 -14 -17 -15 -18 -15 -17 -14 -16 -13"
2026-05-28T14:38:42,RAW,========== UDP DEBUG ==========
2026-05-28T14:38:42,RAW,Packet Size : 26
2026-05-28T14:38:42,RAW,Remote IP   : 172.20.10.5
2026-05-28T14:38:42,RAW,Remote Port : 52924
2026-05-28T14:38:42,RAW,"Last UDP    : PING,82,1779950322.1407502"
2026-05-28T14:38:42,RAW,"ACK Message : ACK,PING,82,1779950322.1407502,RSSI=-51"
2026-05-28T14:38:42,RAW,beginPacket : 1
2026-05-28T14:38:42,RAW,endPacket   : 1
2026-05-28T14:38:42,RAW,===============================
